stream,event_ns,arrival_ns,accuracy,v0,v1,v2,v3,v4,v5
magnetic_field_uncalibrated,287043351214023,287043354125674,3,16.567001,-21.109001,-145.770004,7.644001,24.007002,-125.220009
gyroscope_uncalibrated,287043351214023,287043354363643,3,0.090408,0.012217,0.020159,0.004887,0.003665,0.000000
accelerometer_uncalibrated,287043351214023,287043354409033,3,-1.436521,4.762067,8.444349,0.000000,0.000000,0.000000
magnetic_field_uncalibrated,287043359221328,287043362657666,3,18.385000,-20.099001,-144.059006,7.644001,24.008001,-125.220009
gyroscope_uncalibrated,287043359221328,287043363161768,3,0.083689,0.017104,0.024435,0.004887,0.003665,0.000000
accelerometer_uncalibrated,287043359221328,287043369049190,3,-1.414973,4.769250,8.429984,0.000000,0.000000,0.000000
accelerometer_uncalibrated,287043367228554,287043369332940,3,-1.398214,4.754885,8.410830,0.000000,0.000000,0.000000
magnetic_field_uncalibrated,287043367228554,287043373034072,3,18.689001,-20.711000,-144.382004,7.644001,24.008001,-125.219009
gyroscope_uncalibrated,287043367228554,287043373126494,3,0.073915,0.018937,0.026267,0.004887,0.003665,0.000000
magnetic_field_uncalibrated,287043375237031,287043385490010,3,18.086000,-22.694000,-145.450012,7.644001,24.007002,-125.220009
magnetic_field_uncalibrated,287043383246015,287043385630322,3,17.837002,-21.427002,-143.510010,7.644001,24.007002,-125.220009
gyroscope_uncalibrated,287043375237031,287043385666065,3,0.070250,0.026267,0.025656,0.004887,0.003665,0.000000
gyroscope_uncalibrated,287043383246015,287043385684346,3,0.055589,0.032376,0.024435,0.004887,0.003665,0.000000
accelerometer_uncalibrated,287043375237031,287043385695283,3,-1.381454,4.754885,8.350976,0.000000,0.000000,0.000000
accelerometer_uncalibrated,287043383246015,287043385704893,3,-1.374272,4.752491,8.350976,0.000000,0.000000,0.000000
magnetic_field_uncalibrated,287043391253671,287043395957822,3,16.742001,-20.525002,-142.967010,7.644001,24.007002,-125.220009
gyroscope_uncalibrated,287043391253671,287043396635440,3,0.048869,0.029322,0.027489,0.004887,0.003665,0.000000
accelerometer_uncalibrated,287043391253671,287043397446025,3,-1.359907,4.762067,8.403648,0.000000,0.000000,0.000000
magnetic_field_uncalibrated,287043399262421,287043403045908,3,17.150002,-21.138000,-145.018005,7.644001,24.008001,-125.220009
gyroscope_uncalibrated,287043399262421,287043403151885,3,0.044593,0.034208,0.026267,0.004887,0.003665,0.000000
accelerometer_uncalibrated,287043399262421,287043403186494,3,-1.340753,4.762067,8.401254,0.000000,0.000000,0.000000
magnetic_field_uncalibrated,287043407269609,287043410552393,3,18.311001,-21.030001,-145.674011,7.644001,24.008001,-125.220009
gyroscope_uncalibrated,287043407269609,287043410637236,3,0.042150,0.049480,0.027489,0.004887,0.003665,0.000000
accelerometer_uncalibrated,287043407269609,287043410665010,3,-1.338359,4.766856,8.384495,0.000000,0.000000,0.000000
magnetic_field_uncalibrated,287043415275625,287043420465713,3,18.523001,-21.458000,-144.486008,7.644001,24.008001,-125.220009
gyroscope_uncalibrated,287043415275625,287043420841885,3,0.040317,0.061087,0.023213,0.004887,0.003665,0.000000
accelerometer_uncalibrated,287043415275625,287043421118916,3,-1.333570,4.764462,8.406042,0.000000,0.000000,0.000000
magnetic_field_uncalibrated,287043423283085,287043426574854,3,18.977001,-21.597000,-144.488007,7.644001,24.007002,-125.219009
gyroscope_uncalibrated,287043423283085,287043426629424,3,0.040928,0.062308,0.020159,0.004887,0.003665,0.000000
accelerometer_uncalibrated,287043423283085,287043426709072,3,-1.371878,4.795586,8.401254,0.000000,0.000000,0.000000
magnetic_field_uncalibrated,287043431289375,287043433494541,3,18.496000,-21.915001,-144.052002,7.644001,24.007002,-125.219009
gyroscope_uncalibrated,287043431289375,287043433592627,3,0.037874,0.060476,0.015882,0.004887,0.003665,0.000000
accelerometer_uncalibrated,287043431289375,287043433759463,3,-1.412579,4.800375,8.379706,0.000000,0.000000,0.000000
magnetic_field_uncalibrated,287043439294843,287043443385010,3,17.538000,-22.372002,-144.044006,7.644001,24.008001,-125.220009
gyroscope_uncalibrated,287043439294843,287043443478760,3,0.033598,0.056200,0.013439,0.004887,0.003665,0.000000
accelerometer_uncalibrated,287043439294843,287043443489775,3,-1.441309,4.797980,8.307879,0.000000,0.000000,0.000000
magnetic_field_uncalibrated,287043447302460,287043449469424,3,16.815001,-22.806002,-143.821014,7.643000,24.008001,-125.219009
gyroscope_uncalibrated,287043447302460,287043449538447,3,0.026878,0.050091,0.016493,0.004887,0.003665,0.000000
accelerometer_uncalibrated,287043447302460,287043449554854,3,-1.491588,4.800375,8.267179,0.000000,0.000000,0.000000
magnetic_field_uncalibrated,287043455309765,287043457489697,3,16.586000,-22.653002,-144.900009,7.644001,24.007002,-125.220009
gyroscope_uncalibrated,287043455309765,287043457548877,3,0.014661,0.036652,0.021991,0.004887,0.003665,0.000000
accelerometer_uncalibrated,287043455309765,287043457564658,3,-1.522712,4.802769,8.231265,0.000000,0.000000,0.000000
magnetic_field_uncalibrated,287043463318476,287043466392666,3,17.317001,-22.040001,-145.663010,7.644001,24.007002,-125.219009
gyroscope_uncalibrated,287043463318476,287043466477666,3,0.004276,0.025045,0.031765,0.004887,0.003665,0.000000
accelerometer_uncalibrated,287043463318476,287043466618643,3,-1.541866,4.809951,8.221688,0.000000,0.000000,0.000000
magnetic_field_uncalibrated,287043471327070,287043473748994,3,17.498001,-21.192001,-144.480011,7.644001,24.008001,-125.219009
gyroscope_uncalibrated,287043471327070,287043473815986,3,-0.014661,0.005498,0.043982,0.004887,0.003665,0.000000
accelerometer_uncalibrated,287043471327070,287043473835283,3,-1.520318,4.817134,8.214506,0.000000,0.000000,0.000000
magnetic_field_uncalibrated,287043479335156,287043482381065,3,17.328001,-20.379002,-143.295013,7.643000,24.008001,-125.220009
gyroscope_uncalibrated,287043479335156,287043482474658,3,-0.028100,-0.006109,0.050091,0.004887,0.003665,0.000000
accelerometer_uncalibrated,287043479335156,287043482493760,3,-1.448492,4.824317,8.331821,0.000000,0.000000,0.000000
magnetic_field_uncalibrated,287043487347031,287043489564346,3,18.271002,-20.108002,-143.734009,7.644001,24.008001,-125.219009
gyroscope_uncalibrated,287043487347031,287043489663330,3,-0.031154,-0.010996,0.049480,0.004887,0.003665,0.000000
accelerometer_uncalibrated,287043487347031,287043489685479,3,-1.357512,4.814740,8.432379,0.000000,0.000000,0.000000
magnetic_field_uncalibrated,287043495355546,287043498203994,3,18.906000,-21.049002,-143.411011,7.644001,24.007002,-125.220009
gyroscope_uncalibrated,287043495355546,287043498725205,3,-0.024435,-0.002443,0.039095,0.004887,0.003665,0.000000
accelerometer_uncalibrated,287043495355546,287043498780205,3,-1.297657,4.788404,8.499416,0.000000,0.000000,0.000000
magnetic_field_uncalibrated,287043503363554,287043505993682,3,18.153002,-22.027000,-142.322006,7.644001,24.008001,-125.220009
gyroscope_uncalibrated,287043503363554,287043506057432,3,-0.009774,0.005498,0.029932,0.004887,0.003665,0.000000
accelerometer_uncalibrated,287043503363554,287043506074385,3,-1.283292,4.764462,8.516175,0.000000,0.000000,0.000000
magnetic_field_uncalibrated,287043511370195,287043513870205,3,17.736000,-21.251001,-143.078003,7.644001,24.008001,-125.219009
gyroscope_uncalibrated,287043511370195,287043514906143,3,0.006109,0.000611,0.025045,0.004887,0.003665,0.000000
accelerometer_uncalibrated,287043511370195,287043515245947,3,-1.338359,4.788404,8.532935,0.000000,0.000000,0.000000
magnetic_field_uncalibrated,287043519378203,287043521714619,3,18.293001,-19.742001,-143.952011,7.644001,24.008001,-125.220009
gyroscope_uncalibrated,287043519378203,287043521746025,3,0.012217,-0.014050,0.024435,0.004887,0.003665,0.000000
accelerometer_uncalibrated,287043519378203,287043521853330,3,-1.359907,4.814740,8.520964,0.000000,0.000000,0.000000
magnetic_field_uncalibrated,287043527388554,287043529235674,3,18.605001,-20.261002,-144.167999,7.644001,24.008001,-125.220009
gyroscope_uncalibrated,287043527388554,287043529313252,3,0.017715,-0.031154,0.026267,0.004887,0.003665,0.000000
accelerometer_uncalibrated,287043527388554,287043529331377,3,-1.316811,4.860229,8.494628,0.000000,0.000000,0.000000
magnetic_field_uncalibrated,287043535398320,287043541625322,3,18.328001,-21.014002,-143.514999,7.644001,24.008001,-125.220009
gyroscope_uncalibrated,287043535398320,287043541708135,3,0.012828,-0.025045,0.020159,0.004887,0.003665,0.000000
accelerometer_uncalibrated,287043535398320,287043541989463,3,-1.247379,4.862624,8.494628,0.000000,0.000000,0.000000
magnetic_field_uncalibrated,287043543408984,287043545571104,3,17.735001,-20.994001,-145.562012,7.644001,24.008001,-125.219009
gyroscope_uncalibrated,287043543408984,287043545622158,3,0.007330,0.000611,0.007941,0.004887,0.003665,0.000000
accelerometer_uncalibrated,287043543408984,287043545637627,3,-1.197101,4.850653,8.523358,0.000000,0.000000,0.000000
magnetic_field_uncalibrated,287043551420195,287043554793994,3,17.960001,-20.980001,-146.643005,7.644001,24.007002,-125.219009
gyroscope_uncalibrated,287043551420195,287043555146260,3,0.006109,0.027489,-0.000611,0.004887,0.003665,0.000000
accelerometer_uncalibrated,287043551420195,287043555876650,3,-1.204283,4.838682,8.537724,0.000000,0.000000,0.000000
magnetic_field_uncalibrated,287043559427890,287043561499854,3,18.193001,-21.129002,-145.025009,7.644001,24.007002,-125.220009
gyroscope_uncalibrated,287043559427890,287043561558760,3,0.001222,0.061087,-0.012828,0.004887,0.003665,0.000000
accelerometer_uncalibrated,287043559427890,287043561574932,3,-1.295263,4.860229,8.542512,0.000000,0.000000,0.000000
magnetic_field_uncalibrated,287043567436054,287043570098604,3,18.407001,-21.469002,-144.377014,7.644001,24.007002,-125.219009
gyroscope_uncalibrated,287043567436054,287043570152354,3,0.002443,0.076358,-0.010996,0.004887,0.003665,0.000000
accelerometer_uncalibrated,287043567436054,287043570166416,3,-1.374272,4.896142,8.583213,0.000000,0.000000,0.000000
magnetic_field_uncalibrated,287043575443632,287043577543252,3,18.665001,-21.164001,-143.517014,7.644001,24.007002,-125.220009
gyroscope_uncalibrated,287043575443632,287043577604502,3,0.003665,0.070250,-0.003665,0.004887,0.003665,0.000000
accelerometer_uncalibrated,287043575443632,287043577622666,3,-1.443704,4.908113,8.602366,0.000000,0.000000,0.000000
magnetic_field_uncalibrated,287043583455273,287043587809893,3,18.322001,-21.277000,-141.786011,7.644001,24.007002,-125.219009
gyroscope_uncalibrated,287043583455273,287043588017783,3,0.006109,0.066584,0.001222,0.004887,0.003665,0.000000
accelerometer_uncalibrated,287043583455273,287043588472510,3,-1.470040,4.898537,8.549694,0.000000,0.000000,0.000000
magnetic_field_uncalibrated,287043591465820,287043593772822,3,18.067001,-21.579000,-142.323013,7.644001,24.008001,-125.219009
gyroscope_uncalibrated,287043591465820,287043594207979,3,0.010385,0.062919,0.011606,0.004887,0.003665,0.000000
accelerometer_uncalibrated,287043591465820,287043594500127,3,-1.465251,4.865018,8.518570,0.000000,0.000000,0.000000
magnetic_field_uncalibrated,287043599471562,287043603024072,3,17.359001,-21.483002,-145.018005,7.644001,24.008001,-125.220009
gyroscope_uncalibrated,287043599471562,287043603270791,3,0.015272,0.053145,0.026878,0.004887,0.003665,0.000000
accelerometer_uncalibrated,287043599471562,287043603875869,3,-1.453280,4.855441,8.501810,0.000000,0.000000,0.000000
magnetic_field_uncalibrated,287043607475898,287043609484658,3,17.632000,-20.820002,-145.346008,7.644001,24.007002,-125.219009
gyroscope_uncalibrated,287043607475898,287043609637080,3,0.023213,0.039706,0.029322,0.004887,0.003665,0.000000
accelerometer_uncalibrated,287043607475898,287043610018682,3,-1.405396,4.862624,8.523358,0.000000,0.000000,0.000000
magnetic_field_uncalibrated,287043615481640,287043618047471,3,18.009001,-20.588001,-143.407013,7.644001,24.007002,-125.220009
gyroscope_uncalibrated,287043615481640,287043618099150,3,0.031765,0.026878,0.033598,0.004887,0.003665,0.000000
accelerometer_uncalibrated,287043615481640,287043618116885,3,-1.364695,4.838682,8.501810,0.000000,0.000000,0.000000
magnetic_field_uncalibrated,287043623488164,287043625631025,3,17.188002,-20.843000,-142.428009,7.644001,24.008001,-125.219009
gyroscope_uncalibrated,287043623488164,287043625692940,3,0.043371,0.026267,0.028100,0.004887,0.003665,0.000000
accelerometer_uncalibrated,287043623488164,287043625712900,3,-1.331176,4.838682,8.473080,0.000000,0.000000,0.000000
magnetic_field_uncalibrated,287043631494765,287043634970283,3,17.255001,-21.396002,-144.154007,7.644001,24.008001,-125.220009
gyroscope_uncalibrated,287043631494765,287043635030518,3,0.054978,0.020769,0.020159,0.004887,0.003665,0.000000
accelerometer_uncalibrated,287043631494765,287043635048838,3,-1.307234,4.838682,8.451532,0.000000,0.000000,0.000000
magnetic_field_uncalibrated,287043639501718,287043644638096,3,17.212000,-21.953001,-144.907013,7.644001,24.008001,-125.219009
gyroscope_uncalibrated,287043639501718,287043644886885,3,0.062919,0.015272,0.015272,0.004887,0.003665,0.000000
accelerometer_uncalibrated,287043639501718,287043644969307,3,-1.326388,4.848258,8.370130,0.000000,0.000000,0.000000
magnetic_field_uncalibrated,287043647505156,287043651053369,3,16.267000,-20.578001,-144.042999,7.644001,24.008001,-125.220009
gyroscope_uncalibrated,287043647505156,287043651255830,3,0.060476,0.009774,0.012828,0.004887,0.003665,0.000000
accelerometer_uncalibrated,287043647505156,287043651639307,3,-1.319205,4.860229,8.315063,0.000000,0.000000,0.000000
magnetic_field_uncalibrated,287043655510273,287043657954150,3,16.518002,-20.195002,-144.910004,7.644001,24.007002,-125.220009
gyroscope_uncalibrated,287043655510273,287043658163174,3,0.057421,0.007941,0.010385,0.004887,0.003665,0.000000
accelerometer_uncalibrated,287043655510273,287043658209541,3,-1.323994,4.865018,8.240842,0.000000,0.000000,0.000000
magnetic_field_uncalibrated,287043663517343,287043666487940,3,17.428001,-20.470001,-144.699005,7.644001,24.008001,-125.220009
gyroscope_uncalibrated,287043663517343,287043666619893,3,0.044593,0.009163,0.007330,0.004887,0.003665,0.000000
accelerometer_uncalibrated,287043663517343,287043666668525,3,-1.347936,4.862624,8.154651,0.000000,0.000000,0.000000
magnetic_field_uncalibrated,287043671524179,287043674019346,3,17.437000,-20.290001,-145.131012,7.644001,24.007002,-125.219009
gyroscope_uncalibrated,287043671524179,287043674074815,3,0.028711,0.012217,0.009163,0.004887,0.003665,0.000000
accelerometer_uncalibrated,287043671524179,287043674092627,3,-1.347936,4.874595,8.106767,0.000000,0.000000,0.000000
magnetic_field_uncalibrated,287043679529726,287043684620479,3,16.325001,-21.312000,-145.336014,7.644001,24.007002,-125.220009
gyroscope_uncalibrated,287043679529726,287043684841729,3,0.004887,0.011606,0.011606,0.004887,0.003665,0.000000
accelerometer_uncalibrated,287043679529726,287043685285518,3,-1.357512,4.876989,8.097190,0.000000,0.000000,0.000000
magnetic_field_uncalibrated,287043687536328,287043690555127,3,16.417002,-21.754002,-144.579010,7.644001,24.008001,-125.220009
gyroscope_uncalibrated,287043687536328,287043690927041,3,-0.021380,0.001222,0.012217,0.004887,0.003665,0.000000
accelerometer_uncalibrated,287043687536328,287043692010244,3,-1.326388,4.881777,8.140285,0.000000,0.000000,0.000000
magnetic_field_uncalibrated,287043695541484,287043699186299,3,17.698000,-21.718000,-144.048004,7.644001,24.007002,-125.220009
gyroscope_uncalibrated,287043695541484,287043699764854,3,-0.034819,-0.003665,0.007941,0.004887,0.003665,0.000000
accelerometer_uncalibrated,287043695541484,287043700501807,3,-1.312023,4.896142,8.164227,0.000000,0.000000,0.000000
magnetic_field_uncalibrated,287043703547382,287043706673955,3,18.325001,-21.017000,-143.839005,7.644001,24.007002,-125.220009
gyroscope_uncalibrated,287043703547382,287043706961494,3,-0.051924,-0.004276,0.006109,0.004887,0.003665,0.000000
accelerometer_uncalibrated,287043703547382,287043707380596,3,-1.314417,4.888960,8.231265,0.000000,0.000000,0.000000
magnetic_field_uncalibrated,287043711555312,287043714607627,3,17.524000,-20.909000,-143.402008,7.644001,24.007002,-125.220009
gyroscope_uncalibrated,287043711555312,287043714810713,3,-0.065363,-0.006109,-0.001833,0.004887,0.003665,0.000000
accelerometer_uncalibrated,287043711555312,287043715228291,3,-1.338359,4.876989,8.291121,0.000000,0.000000,0.000000
magnetic_field_uncalibrated,287043719564375,287043722498447,3,16.581001,-21.181002,-143.179001,7.644001,24.008001,-125.220009
gyroscope_uncalibrated,287043719564375,287043722703018,3,-0.072082,-0.005498,-0.005498,0.004887,0.003665,0.000000
accelerometer_uncalibrated,287043719564375,287043723118252,3,-1.364695,4.848258,8.391677,0.000000,0.000000,0.000000
magnetic_field_uncalibrated,287043727573906,287043736363369,3,17.218000,-20.212002,-144.051010,7.644001,24.008001,-125.220009
gyroscope_uncalibrated,287043727573906,287043736566299,3,-0.071471,-0.004276,-0.004276,0.004887,0.003665,0.000000
accelerometer_uncalibrated,287043727573906,287043736941299,3,-1.367089,4.819528,8.461109,0.000000,0.000000,0.000000
magnetic_field_uncalibrated,287043735579882,287043738045283,3,18.071001,-19.583000,-144.167007,7.644001,24.007002,-125.220009
gyroscope_uncalibrated,287043735579882,287043738245283,3,-0.061697,-0.006720,0.001222,0.004887,0.003665,0.000000
accelerometer_uncalibrated,287043735579882,287043738598486,3,-1.398214,4.793192,8.528147,0.000000,0.000000,0.000000
magnetic_field_uncalibrated,287043743591757,287043748818955,3,17.920000,-20.228001,-142.976013,7.644001,24.008001,-125.220009
gyroscope_uncalibrated,287043743591757,287043749029385,3,-0.048869,-0.013439,0.007330,0.004887,0.003665,0.000000
accelerometer_uncalibrated,287043743591757,287043749401533,3,-1.403002,4.788404,8.523358,0.000000,0.000000,0.000000
magnetic_field_uncalibrated,287043751602382,287043754278096,3,17.065001,-19.212002,-142.434006,7.644001,24.007002,-125.219009
gyroscope_uncalibrated,287043751602382,287043754328643,3,-0.040928,-0.018937,0.012828,0.004887,0.003665,0.000000
accelerometer_uncalibrated,287043751602382,287043754361729,3,-1.395820,4.802769,8.511387,0.000000,0.000000,0.000000
magnetic_field_uncalibrated,287043759614296,287043763314775,3,16.467001,-19.197001,-145.129013,7.644001,24.007002,-125.219009
gyroscope_uncalibrated,287043759614296,287043763624971,3,-0.034819,-0.021380,0.017104,0.004887,0.003665,0.000000
accelerometer_uncalibrated,287043759614296,287043764141924,3,-1.391031,4.812346,8.499416,0.000000,0.000000,0.000000
magnetic_field_uncalibrated,287043767624375,287043770111104,3,15.430000,-20.936001,-144.360001,7.644001,24.007002,-125.220009
gyroscope_uncalibrated,287043767624375,287043770173252,3,-0.029932,-0.018326,0.021991,0.004887,0.003665,0.000000
accelerometer_uncalibrated,287043767624375,287043770258096,3,-1.383849,4.807557,8.485051,0.000000,0.000000,0.000000
magnetic_field_uncalibrated,287043775637304,287043777923838,3,16.339001,-21.384001,-142.636002,7.644001,24.007002,-125.219009
gyroscope_uncalibrated,287043775637304,287043777976611,3,-0.025656,-0.020159,0.020159,0.004887,0.003665,0.000000
accelerometer_uncalibrated,287043775637304,287043777994111,3,-1.376666,4.821922,8.504205,0.000000,0.000000,0.000000
magnetic_field_uncalibrated,287043783650507,287043785856611,3,17.699001,-21.803001,-143.076004,7.644001,24.007002,-125.220009
gyroscope_uncalibrated,287043783650507,287043785924658,3,-0.024435,-0.031765,0.016493,0.004887,0.003665,0.000000
accelerometer_uncalibrated,287043783650507,287043785941338,3,-1.364695,4.814740,8.508993,0.000000,0.000000,0.000000
magnetic_field_uncalibrated,287043791661953,287043794362354,3,17.753000,-20.976002,-143.187012,7.644001,24.008001,-125.219009
gyroscope_uncalibrated,287043791661953,287043794424541,3,-0.023213,-0.035430,0.016493,0.004887,0.003665,0.000000
accelerometer_uncalibrated,287043791661953,287043794436924,3,-1.367089,4.812346,8.516175,0.000000,0.000000,0.000000
magnetic_field_uncalibrated,287043799673085,287043802250479,3,17.296001,-20.755001,-144.373001,7.644001,24.007002,-125.220009
gyroscope_uncalibrated,287043799673085,287043802316650,3,-0.021380,-0.039095,0.012828,0.004887,0.003665,0.000000
accelerometer_uncalibrated,287043799673085,287043802332705,3,-1.355118,4.821922,8.492233,0.000000,0.000000,0.000000
magnetic_field_uncalibrated,287043807682031,287043810158291,3,16.272001,-20.574001,-143.395004,7.644001,24.007002,-125.219009
gyroscope_uncalibrated,287043807682031,287043810224150,3,-0.022602,-0.035430,0.011606,0.004887,0.003665,0.000000
accelerometer_uncalibrated,287043807682031,287043810244932,3,-1.357512,4.821922,8.480263,0.000000,0.000000,0.000000
magnetic_field_uncalibrated,287043815692265,287043818305908,3,16.786001,-19.966002,-141.889999,7.643000,24.007002,-125.220009
gyroscope_uncalibrated,287043815692265,287043818383760,3,-0.023213,-0.031765,0.013439,0.004887,0.003665,0.000000
accelerometer_uncalibrated,287043815692265,287043818408994,3,-1.362301,4.819528,8.489840,0.000000,0.000000,0.000000
magnetic_field_uncalibrated,287043823700351,287043825853135,3,17.496000,-21.366001,-143.076004,7.644001,24.007002,-125.220009
gyroscope_uncalibrated,287043823700351,287043825916494,3,-0.022602,-0.026267,0.012828,0.004887,0.003665,0.000000
accelerometer_uncalibrated,287043823700351,287043825937627,3,-1.357512,4.814740,8.528147,0.000000,0.000000,0.000000
magnetic_field_uncalibrated,287043831711015,287043834308994,3,17.455000,-21.836000,-144.477005,7.644001,24.007002,-125.219009
gyroscope_uncalibrated,287043831711015,287043834382588,3,-0.019548,-0.010385,0.014661,0.004887,0.003665,0.000000
accelerometer_uncalibrated,287043831711015,287043834407275,3,-1.314417,4.807557,8.549694,0.000000,0.000000,0.000000
magnetic_field_uncalibrated,287043839720468,287043842507236,3,18.678001,-20.980001,-143.517014,7.644001,24.008001,-125.219009
gyroscope_uncalibrated,287043839720468,287043842593447,3,-0.014050,0.008552,0.014661,0.004887,0.003665,0.000000
accelerometer_uncalibrated,287043839720468,287043842623799,3,-1.292869,4.788404,8.568848,0.000000,0.000000,0.000000
magnetic_field_uncalibrated,287043847730703,287043850210049,3,18.682001,-21.062000,-142.114014,7.644001,24.007002,-125.220009
gyroscope_uncalibrated,287043847730703,287043850295752,3,-0.007330,0.021991,0.010385,0.004887,0.003665,0.000000
accelerometer_uncalibrated,287043847730703,287043850317900,3,-1.302446,4.781221,8.568848,0.000000,0.000000,0.000000
magnetic_field_uncalibrated,287043855739296,287043860146104,3,17.081001,-20.760000,-141.996002,7.644001,24.007002,-125.219009
gyroscope_uncalibrated,287043855739296,287043860211729,3,0.001833,0.032987,0.003665,0.004887,0.003665,0.000000
accelerometer_uncalibrated,287043855739296,287043860236611,3,-1.331176,4.783615,8.535329,0.000000,0.000000,0.000000
magnetic_field_uncalibrated,287043863750625,287043867230518,3,16.813002,-21.159000,-143.288010,7.644001,24.008001,-125.219009
gyroscope_uncalibrated,287043863750625,287043867511260,3,0.010385,0.029322,-0.001222,0.004887,0.003665,0.000000
accelerometer_uncalibrated,287043863750625,287043868049033,3,-1.398214,4.790798,8.532935,0.000000,0.000000,0.000000
magnetic_field_uncalibrated,287043871762187,287043875344502,3,16.995001,-21.617001,-145.987000,7.644001,24.007002,-125.220009
gyroscope_uncalibrated,287043871762187,287043875425166,3,0.017104,0.011606,0.002443,0.004887,0.003665,0.000000
accelerometer_uncalibrated,287043871762187,287043875453838,3,-1.465251,4.795586,8.513782,0.000000,0.000000,0.000000
magnetic_field_uncalibrated,287043879777070,287043882699385,3,17.860001,-22.538002,-146.097000,7.644001,24.007002,-125.220009
gyroscope_uncalibrated,287043879777070,287043882760479,3,0.025045,-0.000611,0.004276,0.004887,0.003665,0.000000
accelerometer_uncalibrated,287043879777070,287043882778369,3,-1.505953,4.771644,8.463503,0.000000,0.000000,0.000000
magnetic_field_uncalibrated,287043887791601,287043891507354,3,17.780001,-21.998001,-146.098007,7.644001,24.007002,-125.219009
gyroscope_uncalibrated,287043887791601,287043891891104,3,0.030543,-0.018326,0.018326,0.004887,0.003665,0.000000
accelerometer_uncalibrated,287043887791601,287043892810986,3,-1.537078,4.762067,8.396465,0.000000,0.000000,0.000000
magnetic_field_uncalibrated,287043895807304,287043902804502,3,16.082001,-21.344002,-146.629013,7.644001,24.008001,-125.219009
gyroscope_uncalibrated,287043895807304,287043903114541,3,0.032376,-0.036652,0.032987,0.004887,0.003665,0.000000
accelerometer_uncalibrated,287043895807304,287043903591650,3,-1.563414,4.750096,8.348581,0.000000,0.000000,0.000000
magnetic_field_uncalibrated,287043903820742,287043907041729,3,15.632001,-21.201000,-145.979004,7.644001,24.007002,-125.219009
gyroscope_uncalibrated,287043903820742,287043907253330,3,0.030543,-0.060476,0.040317,0.004887,0.003665,0.000000
accelerometer_uncalibrated,287043903820742,287043907659854,3,-1.577779,4.735731,8.293514,0.000000,0.000000,0.000000
magnetic_field_uncalibrated,287043911834218,287043915576533,3,15.590001,-20.280001,-144.255005,7.644001,24.008001,-125.219009
gyroscope_uncalibrated,287043911834218,287043915783643,3,0.023824,-0.081245,0.053756,0.004887,0.003665,0.000000
accelerometer_uncalibrated,287043911834218,287043916319893,3,-1.527501,4.742914,8.271967,0.000000,0.000000,0.000000
magnetic_field_uncalibrated,287043919846250,287043925172549,3,17.060001,-19.388000,-141.462006,7.644001,24.008001,-125.220009
gyroscope_uncalibrated,287043919846250,287043925450947,3,0.015882,-0.111177,0.066584,0.004887,0.003665,0.000000
accelerometer_uncalibrated,287043919846250,287043925950596,3,-1.462857,4.745308,8.315063,0.000000,0.000000,0.000000
magnetic_field_uncalibrated,287043927858710,287043931502002,3,18.845001,-18.755001,-140.829010,7.644001,24.007002,-125.220009
gyroscope_uncalibrated,287043927858710,287043931706143,3,0.008552,-0.121562,0.073915,0.004887,0.003665,0.000000
accelerometer_uncalibrated,287043927858710,287043932083916,3,-1.359907,4.754885,8.367735,0.000000,0.000000,0.000000
magnetic_field_uncalibrated,287043935870781,287043943120869,3,17.637001,-19.509001,-140.602005,7.644001,24.008001,-125.220009
gyroscope_uncalibrated,287043935870781,287043943183994,3,0.006109,-0.109956,0.072082,0.004887,0.003665,0.000000
accelerometer_uncalibrated,287043935870781,287043943200205,3,-1.259350,4.757279,8.432379,0.000000,0.000000,0.000000
magnetic_field_uncalibrated,287043943882382,287043947080322,3,16.906000,-19.951000,-141.459000,7.644001,24.008001,-125.220009
gyroscope_uncalibrated,287043943882382,287043947157393,3,0.006109,-0.078191,0.066584,0.004887,0.003665,0.000000
accelerometer_uncalibrated,287043943882382,287043947171572,3,-1.192312,4.752491,8.475474,0.000000,0.000000,0.000000
magnetic_field_uncalibrated,287043951893593,287043955753135,3,16.304001,-20.199001,-142.425003,7.644001,24.007002,-125.219009
gyroscope_uncalibrated,287043951893593,287043955826611,3,0.007330,-0.042150,0.057421,0.004887,0.003665,0.000000
accelerometer_uncalibrated,287043951893593,287043955843330,3,-1.163582,4.762067,8.556877,0.000000,0.000000,0.000000
magnetic_field_uncalibrated,287043959905429,287043965079190,3,15.592001,-20.278002,-143.932007,7.644001,24.007002,-125.220009
gyroscope_uncalibrated,287043959905429,287043965132236,3,0.010996,-0.019548,0.046426,0.004887,0.003665,0.000000
accelerometer_uncalibrated,287043959905429,287043965298174,3,-1.187524,4.781221,8.609550,0.000000,0.000000,0.000000
magnetic_field_uncalibrated,287043967920000,287043969910791,3,16.970001,-20.336000,-145.236008,7.644001,24.007002,-125.219009
gyroscope_uncalibrated,287043967920000,287043969958174,3,0.020769,-0.012217,0.039095,0.004887,0.003665,0.000000
accelerometer_uncalibrated,287043967920000,287043969991065,3,-1.237802,4.802769,8.676587,0.000000,0.000000,0.000000
magnetic_field_uncalibrated,287043975934453,287043978075166,3,17.341002,-20.195002,-143.296005,7.644001,24.008001,-125.220009
gyroscope_uncalibrated,287043975934453,287043978129736,3,0.034208,-0.010385,0.035430,0.004887,0.003665,0.000000
accelerometer_uncalibrated,287043975934453,287043978144150,3,-1.319205,4.802769,8.683769,0.000000,0.000000,0.000000
magnetic_field_uncalibrated,287043983946875,287043986737236,3,16.986000,-18.842001,-140.600006,7.644001,24.007002,-125.220009
gyroscope_uncalibrated,287043983946875,287043986819736,3,0.045815,-0.006109,0.037263,0.004887,0.003665,0.000000
accelerometer_uncalibrated,287043983946875,287043986866846,3,-1.369483,4.807557,8.650250,0.000000,0.000000,0.000000
magnetic_field_uncalibrated,287043991959140,287043995060518,3,16.585001,-17.879002,-140.925003,7.644001,24.007002,-125.219009
gyroscope_uncalibrated,287043991959140,287043995134502,3,0.056200,-0.001833,0.047037,0.004887,0.003665,0.000000
accelerometer_uncalibrated,287043991959140,287043995153291,3,-1.434127,4.821922,8.599973,0.000000,0.000000,0.000000
magnetic_field_uncalibrated,287043999971484,287044002339736,3,15.995001,-17.942001,-141.785004,7.644001,24.007002,-125.220009
gyroscope_uncalibrated,287043999971484,287044002409775,3,0.058643,-0.003665,0.059865,0.004887,0.003665,0.000000
accelerometer_uncalibrated,287043999971484,287044002432510,3,-1.462857,4.841076,8.542512,0.000000,0.000000,0.000000
magnetic_field_uncalibrated,287044007981875,287044009922158,3,16.510000,-18.811001,-142.648010,7.644001,24.007002,-125.219009
gyroscope_uncalibrated,287044007981875,287044009987315,3,0.056810,-0.014050,0.075136,0.004887,0.003665,0.000000
accelerometer_uncalibrated,287044007981875,287044010008213,3,-1.443704,4.850653,8.544906,0.000000,0.000000,0.000000
magnetic_field_uncalibrated,287044015994765,287044018976611,3,18.078001,-19.489000,-143.951004,7.644001,24.008001,-125.219009
gyroscope_uncalibrated,287044015994765,287044019053096,3,0.059254,-0.042150,0.086132,0.004887,0.003665,0.000000
accelerometer_uncalibrated,287044015994765,287044019074619,3,-1.414973,4.860229,8.674192,0.000000,0.000000,0.000000
magnetic_field_uncalibrated,287044024007968,287044026784307,3,18.087002,-19.480001,-142.764008,7.644001,24.008001,-125.220009
gyroscope_uncalibrated,287044024007968,287044026883565,3,0.073304,-0.062308,0.094684,0.004887,0.003665,0.000000
accelerometer_uncalibrated,287044024007968,287044026905244,3,-1.362301,4.872200,8.719683,0.000000,0.000000,0.000000
magnetic_field_uncalibrated,287044032018867,287044035122354,3,16.209002,-19.845001,-142.750000,7.644001,24.007002,-125.220009
gyroscope_uncalibrated,287044032018867,287044035192861,3,0.103236,-0.086132,0.091019,0.004887,0.003665,0.000000
accelerometer_uncalibrated,287044032018867,287044035212744,3,-1.204283,4.848258,8.717288,0.000000,0.000000,0.000000
magnetic_field_uncalibrated,287044040028281,287044042978330,3,15.571001,-18.821001,-144.261002,7.644001,24.008001,-125.219009
gyroscope_uncalibrated,287044040028281,287044043042588,3,0.130725,-0.108123,0.076358,0.004887,0.003665,0.000000
accelerometer_uncalibrated,287044040028281,287044043064775,3,-1.139640,4.821922,8.583213,0.000000,0.000000,0.000000
magnetic_field_uncalibrated,287044048040781,287044051005869,3,15.582001,-18.725000,-143.614014,7.644001,24.007002,-125.219009
gyroscope_uncalibrated,287044048040781,287044051413799,3,0.125227,-0.121562,0.058643,0.004887,0.003665,0.000000
accelerometer_uncalibrated,287044048040781,287044051513760,3,-1.120486,4.833893,8.350976,0.000000,0.000000,0.000000
magnetic_field_uncalibrated,287044056051484,287044059424424,3,14.781001,-20.524000,-141.658005,7.644001,24.007002,-125.220009
gyroscope_uncalibrated,287044056051484,287044059495322,3,0.105680,-0.127671,0.051313,0.004887,0.003665,0.000000
accelerometer_uncalibrated,287044056051484,287044059513682,3,-1.230620,4.867412,8.159439,0.000000,0.000000,0.000000
magnetic_field_uncalibrated,287044064059765,287044067690361,3,15.359001,-20.558001,-141.554001,7.644001,24.008001,-125.220009
gyroscope_uncalibrated,287044064059765,287044067758330,3,0.060476,-0.118508,0.061087,0.004887,0.003665,0.000000
accelerometer_uncalibrated,287044064059765,287044067778369,3,-1.347936,4.912902,8.030152,0.000000,0.000000,0.000000
magnetic_field_uncalibrated,287044072069453,287044075065908,3,15.673000,-19.339001,-141.345001,7.644001,24.008001,-125.220009
gyroscope_uncalibrated,287044072069453,287044075162197,3,0.017715,-0.086743,0.084910,0.004887,0.003665,0.000000
accelerometer_uncalibrated,287044072069453,287044075188994,3,-1.405396,4.910508,7.996634,0.000000,0.000000,0.000000
magnetic_field_uncalibrated,287044080078593,287044083844424,3,15.567000,-19.255001,-140.805008,7.644001,24.007002,-125.220009
gyroscope_uncalibrated,287044080078593,287044083927354,3,-0.027489,-0.032987,0.111177,0.004887,0.003665,0.000000
accelerometer_uncalibrated,287044080078593,287044084023604,3,-1.364695,4.838682,7.991845,0.000000,0.000000,0.000000
magnetic_field_uncalibrated,287044088087773,287044090733565,3,17.157001,-19.654001,-141.569000,7.644001,24.007002,-125.219009
gyroscope_uncalibrated,287044088087773,287044090810400,3,-0.052534,0.015272,0.124006,0.004887,0.003665,0.000000
accelerometer_uncalibrated,287044088087773,287044090878291,3,-1.424550,4.821922,8.092402,0.000000,0.000000,0.000000
magnetic_field_uncalibrated,287044096095859,287044099346963,3,17.046001,-19.488001,-142.433014,7.644001,24.007002,-125.219009
gyroscope_uncalibrated,287044096095859,287044099433213,3,-0.065973,0.103847,0.125838,0.004887,0.003665,0.000000
accelerometer_uncalibrated,287044096095859,287044099464658,3,-1.343147,4.817134,8.257602,0.000000,0.000000,0.000000
magnetic_field_uncalibrated,287044104103085,287044106880010,3,15.889001,-19.592001,-141.237000,7.644001,24.007002,-125.219009
gyroscope_uncalibrated,287044104103085,287044106937354,3,-0.061087,0.147829,0.129503,0.004887,0.003665,0.000000
accelerometer_uncalibrated,287044104103085,287044106962861,3,-1.177947,4.781221,8.384495,0.000000,0.000000,0.000000
magnetic_field_uncalibrated,287044112107070,287044115341963,3,16.362001,-19.455002,-141.241013,7.644001,24.007002,-125.219009
gyroscope_uncalibrated,287044112107070,287044115431025,3,-0.052534,0.131947,0.124617,0.004887,0.003665,0.000000
accelerometer_uncalibrated,287044112107070,287044115457588,3,-1.074997,4.778827,8.420407,0.000000,0.000000,0.000000
magnetic_field_uncalibrated,287044120109648,287044123453018,3,17.337000,-18.636002,-142.115005,7.644001,24.007002,-125.220009
gyroscope_uncalibrated,287044120109648,287044123792432,3,-0.046426,0.098960,0.120951,0.004887,0.003665,0.000000
accelerometer_uncalibrated,287044120109648,287044123868760,3,-1.063026,4.817134,8.432379,0.000000,0.000000,0.000000
magnetic_field_uncalibrated,287044128112929,287044131497744,3,18.018002,-18.930000,-141.362000,7.644001,24.007002,-125.219009
gyroscope_uncalibrated,287044128112929,287044131604697,3,-0.031154,0.035430,0.114843,0.004887,0.003665,0.000000
accelerometer_uncalibrated,287044128112929,287044131648877,3,-1.046266,4.886566,8.468291,0.000000,0.000000,0.000000
magnetic_field_uncalibrated,287044136117812,287044139707666,3,16.946001,-19.397001,-141.029007,7.644001,24.007002,-125.219009
gyroscope_uncalibrated,287044136117812,287044139821924,3,-0.012828,-0.037263,0.100793,0.004887,0.003665,0.000000
accelerometer_uncalibrated,287044136117812,287044139854775,3,-1.007959,4.965574,8.530540,0.000000,0.000000,0.000000
magnetic_field_uncalibrated,287044144123046,287044147454580,3,17.313002,-19.002001,-142.005005,7.644001,24.008001,-125.219009
gyroscope_uncalibrated,287044144123046,287044147544815,3,0.001222,-0.078802,0.085521,0.004887,0.003665,0.000000
accelerometer_uncalibrated,287044144123046,287044147578291,3,-0.974440,4.984728,8.518570,0.000000,0.000000,0.000000
magnetic_field_uncalibrated,287044152126562,287044155342315,3,17.185001,-19.197001,-141.895004,7.644001,24.007002,-125.219009
gyroscope_uncalibrated,287044152126562,287044155448096,3,0.023213,-0.110567,0.060476,0.004887,0.003665,0.000000
accelerometer_uncalibrated,287044152126562,287044155505479,3,-0.919373,4.972757,8.494628,0.000000,0.000000,0.000000
magnetic_field_uncalibrated,287044160133632,287044163628955,3,15.618001,-20.081001,-142.205002,7.644001,24.007002,-125.219009
gyroscope_uncalibrated,287044160133632,287044163715947,3,0.043371,-0.127671,0.034208,0.004887,0.003665,0.000000
accelerometer_uncalibrated,287044160133632,287044163753643,3,-0.902614,4.955997,8.501810,0.000000,0.000000,0.000000
magnetic_field_uncalibrated,287044168141132,287044170690205,3,16.836000,-20.794001,-143.506012,7.644001,24.007002,-125.220009
gyroscope_uncalibrated,287044168141132,287044170775713,3,0.052534,-0.130114,0.009163,0.004887,0.003665,0.000000
accelerometer_uncalibrated,287044168141132,287044170802158,3,-0.895431,4.922479,8.482656,0.000000,0.000000,0.000000
magnetic_field_uncalibrated,287044176146015,287044180448838,3,17.281000,-21.113001,-143.076004,7.644001,24.007002,-125.220009
gyroscope_uncalibrated,287044176146015,287044180674190,3,0.055589,-0.119730,-0.001833,0.004887,0.003665,0.000000
accelerometer_uncalibrated,287044176146015,287044180778525,3,-0.924162,4.936844,8.444349,0.000000,0.000000,0.000000
magnetic_field_uncalibrated,287044184144765,287044187742744,3,17.797001,-20.332001,-143.082001,7.644001,24.008001,-125.219009
gyroscope_uncalibrated,287044184144765,287044187952158,3,0.041539,-0.083689,-0.009163,0.004887,0.003665,0.000000
accelerometer_uncalibrated,287044184144765,287044188049619,3,-0.972046,4.941632,8.403648,0.000000,0.000000,0.000000
magnetic_field_uncalibrated,287044192145117,287044195506885,3,17.976002,-19.229000,-144.492004,7.644001,24.007002,-125.220009
gyroscope_uncalibrated,287044192145117,287044195739190,3,0.022602,-0.030543,-0.007330,0.004887,0.003665,0.000000
accelerometer_uncalibrated,287044192145117,287044195842510,3,-1.031901,4.946421,8.386889,0.000000,0.000000,0.000000
magnetic_field_uncalibrated,287044200147304,287044204229111,3,17.188002,-18.851002,-144.812012,7.644001,24.007002,-125.220009
gyroscope_uncalibrated,287044200147304,287044204566768,3,-0.000611,0.032987,0.000000,0.004887,0.003665,0.000000
accelerometer_uncalibrated,287044200147304,287044204692119,3,-1.079785,4.955997,8.403648,0.000000,0.000000,0.000000
magnetic_field_uncalibrated,287044208150937,287044213630244,3,17.044001,-19.576000,-141.893005,7.644001,24.007002,-125.220009
gyroscope_uncalibrated,287044208150937,287044213947510,3,-0.017104,0.078191,0.007941,0.004887,0.003665,0.000000
accelerometer_uncalibrated,287044208150937,287044214074815,3,-1.070208,4.955997,8.432379,0.000000,0.000000,0.000000
magnetic_field_uncalibrated,287044216154531,287044220315400,3,16.714001,-19.504002,-140.056000,7.644001,24.007002,-125.220009
gyroscope_uncalibrated,287044216154531,287044220538565,3,-0.034208,0.123395,0.018937,0.004887,0.003665,0.000000
accelerometer_uncalibrated,287044216154531,287044220649893,3,-1.039083,4.941632,8.520964,0.000000,0.000000,0.000000
magnetic_field_uncalibrated,287044224158320,287044228289893,3,16.490002,-19.260000,-141.243011,7.644001,24.007002,-125.220009
gyroscope_uncalibrated,287044224158320,287044228580986,3,-0.040317,0.149051,0.020769,0.004887,0.003665,0.000000
accelerometer_uncalibrated,287044224158320,287044228666455,3,-1.094150,4.946421,8.604761,0.000000,0.000000,0.000000
magnetic_field_uncalibrated,287044232163671,287044236201768,3,17.320002,-18.824001,-142.762009,7.644001,24.008001,-125.220009
gyroscope_uncalibrated,287044232163671,287044236499424,3,-0.040317,0.163101,0.021991,0.004887,0.003665,0.000000
accelerometer_uncalibrated,287044232163671,287044236604190,3,-1.130063,4.970363,8.714894,0.000000,0.000000,0.000000
magnetic_field_uncalibrated,287044240167617,287044246266260,3,17.332001,-18.554001,-143.518005,7.643000,24.008001,-125.219009
gyroscope_uncalibrated,287044240167617,287044246615440,3,-0.029932,0.159436,0.020769,0.004887,0.003665,0.000000
accelerometer_uncalibrated,287044240167617,287044246724229,3,-1.108515,5.006276,8.827422,0.000000,0.000000,0.000000
magnetic_field_uncalibrated,287044248172460,287044252909697,3,16.030001,-19.127001,-141.996002,7.644001,24.007002,-125.220009
gyroscope_uncalibrated,287044248172460,287044253073838,3,-0.004276,0.148440,0.016493,0.004887,0.003665,0.000000
accelerometer_uncalibrated,287044248172460,287044253140752,3,-1.101333,4.994305,8.916007,0.000000,0.000000,0.000000
magnetic_field_uncalibrated,287044256177187,287044260538565,3,16.014000,-19.486000,-140.915009,7.644001,24.007002,-125.220009
gyroscope_uncalibrated,287044256177187,287044260830947,3,0.034208,0.138056,0.009163,0.004887,0.003665,0.000000
accelerometer_uncalibrated,287044256177187,287044260929854,3,-1.082179,4.977545,8.951921,0.000000,0.000000,0.000000
magnetic_field_uncalibrated,287044264183515,287044267929697,3,16.076000,-20.129002,-142.424011,7.644001,24.008001,-125.220009
gyroscope_uncalibrated,287044264183515,287044268125400,3,0.064141,0.124617,0.000000,0.004887,0.003665,0.000000
accelerometer_uncalibrated,287044264183515,287044268235361,3,-1.098939,4.946421,8.927979,0.000000,0.000000,0.000000
magnetic_field_uncalibrated,287044272186523,287044276238408,3,17.194000,-20.665001,-143.185013,7.644001,24.008001,-125.220009
gyroscope_uncalibrated,287044272186523,287044276444932,3,0.105680,0.114843,-0.007941,0.004887,0.003665,0.000000
accelerometer_uncalibrated,287044272186523,287044276539541,3,-1.101333,4.934450,8.877700,0.000000,0.000000,0.000000
magnetic_field_uncalibrated,287044280190429,287044284170440,3,17.032001,-19.759001,-141.892014,7.644001,24.008001,-125.219009
gyroscope_uncalibrated,287044280190429,287044284416611,3,0.142942,0.109345,-0.012217,0.004887,0.003665,0.000000
accelerometer_uncalibrated,287044280190429,287044284523604,3,-1.134852,4.944026,8.829816,0.000000,0.000000,0.000000
magnetic_field_uncalibrated,287044288195859,287044291781494,3,16.946001,-19.311001,-141.893005,7.644001,24.008001,-125.219009
gyroscope_uncalibrated,287044288195859,287044292044854,3,0.167988,0.095295,-0.011606,0.004887,0.003665,0.000000
accelerometer_uncalibrated,287044288195859,287044292198525,3,-1.187524,4.929661,8.710106,0.000000,0.000000,0.000000
magnetic_field_uncalibrated,287044296203398,287044299986182,3,17.523001,-19.347000,-141.897003,7.644001,24.007002,-125.219009
gyroscope_uncalibrated,287044296203398,287044300165713,3,0.181427,0.084910,-0.004887,0.004887,0.003665,0.000000
accelerometer_uncalibrated,287044296203398,287044300246221,3,-1.235408,4.932055,8.621520,0.000000,0.000000,0.000000
magnetic_field_uncalibrated,287044304209882,287044308281690,3,16.073000,-20.304001,-141.236008,7.644001,24.008001,-125.220009
gyroscope_uncalibrated,287044304209882,287044308476533,3,0.194866,0.073915,0.003054,0.004887,0.003665,0.000000
accelerometer_uncalibrated,287044304209882,287044308593447,3,-1.237802,4.934450,8.501810,0.000000,0.000000,0.000000
magnetic_field_uncalibrated,287044312218359,287044316439619,3,15.473001,-20.549002,-141.878006,7.644001,24.008001,-125.219009
gyroscope_uncalibrated,287044312218359,287044316671104,3,0.196088,0.075747,0.008552,0.004887,0.003665,0.000000
accelerometer_uncalibrated,287044312218359,287044316782744,3,-1.240196,4.946421,8.382100,0.000000,0.000000,0.000000
magnetic_field_uncalibrated,287044320226757,287044324079346,3,15.199000,-19.564001,-140.693008,7.644001,24.007002,-125.219009
gyroscope_uncalibrated,287044320226757,287044324282041,3,0.193033,0.088575,0.014050,0.004887,0.003665,0.000000
accelerometer_uncalibrated,287044320226757,287044324394932,3,-1.225831,4.960786,8.300697,0.000000,0.000000,0.000000
magnetic_field_uncalibrated,287044328233398,287044332026416,3,15.837001,-18.680000,-140.701004,7.643000,24.007002,-125.220009
gyroscope_uncalibrated,287044328233398,287044332322432,3,0.184481,0.098349,0.015882,0.004887,0.003665,0.000000
accelerometer_uncalibrated,287044328233398,287044332462471,3,-1.199495,4.958392,8.233660,0.000000,0.000000,0.000000
magnetic_field_uncalibrated,287044336241757,287044340620049,3,16.909000,-18.213001,-141.034012,7.644001,24.008001,-125.220009
gyroscope_uncalibrated,287044336241757,287044340931455,3,0.166766,0.090408,0.013439,0.004887,0.003665,0.000000
accelerometer_uncalibrated,287044336241757,287044341033916,3,-1.194707,4.965574,8.178593,0.000000,0.000000,0.000000
magnetic_field_uncalibrated,287044344246562,287044348182002,3,17.108002,-18.654001,-141.573013,7.644001,24.008001,-125.219009
gyroscope_uncalibrated,287044344246562,287044348344033,3,0.150273,0.072082,0.009163,0.004887,0.003665,0.000000
accelerometer_uncalibrated,287044344246562,287044348422393,3,-1.189918,4.979939,8.121132,0.000000,0.000000,0.000000
magnetic_field_uncalibrated,287044352251210,287044356974463,3,16.001001,-19.584002,-141.778000,7.644001,24.008001,-125.220009
gyroscope_uncalibrated,287044352251210,287044357245908,3,0.133779,0.057421,0.006109,0.004887,0.003665,0.000000
accelerometer_uncalibrated,287044352251210,287044357315361,3,-1.192312,4.996699,8.080431,0.000000,0.000000,0.000000
magnetic_field_uncalibrated,287044360255000,287044365488916,3,16.210001,-20.101002,-140.158005,7.644001,24.007002,-125.220009
gyroscope_uncalibrated,287044360255000,287044365686221,3,0.114843,0.047037,-0.006109,0.004887,0.003665,0.000000
accelerometer_uncalibrated,287044360255000,287044365771260,3,-1.194707,5.018247,8.046912,0.000000,0.000000,0.000000
magnetic_field_uncalibrated,287044368255234,287044372518252,3,16.930000,-19.756001,-139.948013,7.644001,24.007002,-125.219009
gyroscope_uncalibrated,287044368255234,287044372732940,3,0.100182,0.037263,-0.015272,0.004887,0.003665,0.000000
accelerometer_uncalibrated,287044368255234,287044372805674,3,-1.206678,5.025429,8.042124,0.000000,0.000000,0.000000
magnetic_field_uncalibrated,287044376256328,287044380881533,3,16.840000,-19.312000,-140.489014,7.644001,24.007002,-125.219009
gyroscope_uncalibrated,287044376256328,287044381075283,3,0.086132,0.011606,-0.021380,0.004887,0.003665,0.000000
accelerometer_uncalibrated,287044376256328,287044381158096,3,-1.233014,5.027823,8.022970,0.000000,0.000000,0.000000
magnetic_field_uncalibrated,287044384258593,287044388604229,3,16.999001,-18.572001,-141.357010,7.644001,24.007002,-125.220009
gyroscope_uncalibrated,287044384258593,287044388765947,3,0.072082,-0.009774,-0.031154,0.004887,0.003665,0.000000
accelerometer_uncalibrated,287044384258593,287044388847393,3,-1.242591,5.030218,8.008605,0.000000,0.000000,0.000000
magnetic_field_uncalibrated,287044392263046,287044395162119,3,16.354000,-19.462002,-142.213013,7.644001,24.007002,-125.220009
gyroscope_uncalibrated,287044392263046,287044395317002,3,0.053145,-0.029932,-0.037263,0.004887,0.003665,0.000000
accelerometer_uncalibrated,287044392263046,287044395380400,3,-1.300052,5.013458,8.006210,0.000000,0.000000,0.000000
magnetic_field_uncalibrated,287044400268359,287044402779424,3,15.866001,-19.871000,-141.776001,7.644001,24.008001,-125.220009
gyroscope_uncalibrated,287044400268359,287044402988096,3,0.037263,-0.039706,-0.037263,0.004887,0.003665,0.000000
accelerometer_uncalibrated,287044400268359,287044403053682,3,-1.340753,4.999093,8.030152,0.000000,0.000000,0.000000
magnetic_field_uncalibrated,287044408269609,287044410701768,3,17.085001,-19.106001,-140.600006,7.644001,24.008001,-125.220009
gyroscope_uncalibrated,287044408269609,287044411020947,3,0.021991,-0.036652,-0.031765,0.004887,0.003665,0.000000
accelerometer_uncalibrated,287044408269609,287044411128369,3,-1.357512,4.963180,8.034941,0.000000,0.000000,0.000000
magnetic_field_uncalibrated,287044416272812,287044419978330,3,17.320002,-18.910002,-141.898010,7.644001,24.007002,-125.220009
gyroscope_uncalibrated,287044416272812,287044420186572,3,0.012217,-0.032376,-0.024435,0.004887,0.003665,0.000000
accelerometer_uncalibrated,287044416272812,287044420270205,3,-1.352724,4.953603,8.113950,0.000000,0.000000,0.000000
magnetic_field_uncalibrated,287044424277460,287044427173525,3,17.502001,-19.711000,-141.464005,7.644001,24.007002,-125.220009
gyroscope_uncalibrated,287044424277460,287044427354971,3,0.003665,-0.028711,-0.015272,0.004887,0.003665,0.000000
accelerometer_uncalibrated,287044424277460,287044427427666,3,-1.314417,4.960786,8.238448,0.000000,0.000000,0.000000
magnetic_field_uncalibrated,287044432282460,287044435141065,3,17.473001,-20.254002,-140.381012,7.644001,24.007002,-125.219009
gyroscope_uncalibrated,287044432282460,287044435298291,3,0.001222,-0.023824,-0.010996,0.004887,0.003665,0.000000
accelerometer_uncalibrated,287044432282460,287044435362979,3,-1.271321,4.970363,8.331821,0.000000,0.000000,0.000000
magnetic_field_uncalibrated,287044440284843,287044443316416,3,16.277000,-20.740002,-141.127014,7.644001,24.008001,-125.219009
gyroscope_uncalibrated,287044440284843,287044443520518,3,0.006109,-0.020159,-0.006720,0.004887,0.003665,0.000000
accelerometer_uncalibrated,287044440284843,287044443628838,3,-1.256956,4.963180,8.360553,0.000000,0.000000,0.000000
magnetic_field_uncalibrated,287044448287148,287044451225127,3,15.703001,-20.615002,-141.448013,7.644001,24.008001,-125.220009
gyroscope_uncalibrated,287044448287148,287044451420205,3,0.014050,-0.008552,-0.007941,0.004887,0.003665,0.000000
accelerometer_uncalibrated,287044448287148,287044451524385,3,-1.247379,4.967968,8.394072,0.000000,0.000000,0.000000
magnetic_field_uncalibrated,287044456286640,287044463703838,3,16.393002,-20.644001,-141.992004,7.644001,24.007002,-125.219009
gyroscope_uncalibrated,287044456286640,287044463920479,3,0.020159,-0.007330,-0.007330,0.004887,0.003665,0.000000
accelerometer_uncalibrated,287044456286640,287044464017549,3,-1.278504,4.977545,8.439561,0.000000,0.000000,0.000000
magnetic_field_uncalibrated,287044464288398,287044468941611,3,16.715000,-20.980001,-142.425003,7.644001,24.008001,-125.220009
gyroscope_uncalibrated,287044464288398,287044469149229,3,0.027489,-0.018937,-0.006109,0.004887,0.003665,0.000000
accelerometer_uncalibrated,287044464288398,287044469259502,3,-1.319205,4.999093,8.475474,0.000000,0.000000,0.000000
magnetic_field_uncalibrated,287044472288125,287044475768955,3,16.547001,-19.995001,-142.752014,7.644001,24.007002,-125.220009
gyroscope_uncalibrated,287044472288125,287044475973682,3,0.030543,-0.030543,-0.003665,0.004887,0.003665,0.000000
accelerometer_uncalibrated,287044472288125,287044476071611,3,-1.347936,5.011064,8.470686,0.000000,0.000000,0.000000
magnetic_field_uncalibrated,287044480287968,287044484613486,3,17.105001,-20.135000,-144.482010,7.644001,24.007002,-125.219009
gyroscope_uncalibrated,287044480287968,287044484901846,3,0.039706,-0.051313,0.003054,0.004887,0.003665,0.000000
accelerometer_uncalibrated,287044480287968,287044485026377,3,-1.362301,5.037400,8.501810,0.000000,0.000000,0.000000
magnetic_field_uncalibrated,287044488288007,287044491252315,3,17.198000,-20.490002,-144.373001,7.644001,24.008001,-125.219009
gyroscope_uncalibrated,287044488288007,287044491477471,3,0.048869,-0.066584,0.006109,0.004887,0.003665,0.000000
accelerometer_uncalibrated,287044488288007,287044491572822,3,-1.364695,5.018247,8.511387,0.000000,0.000000,0.000000
magnetic_field_uncalibrated,287044496287851,287044501094971,3,17.437000,-20.548000,-142.755005,7.644001,24.007002,-125.219009
gyroscope_uncalibrated,287044496287851,287044501364346,3,0.059865,-0.085521,0.011606,0.004887,0.003665,0.000000
accelerometer_uncalibrated,287044496287851,287044501479111,3,-1.369483,5.015852,8.537724,0.000000,0.000000,0.000000
magnetic_field_uncalibrated,287044504287734,287044507778447,3,17.899000,-20.593000,-142.542007,7.644001,24.007002,-125.219009
gyroscope_uncalibrated,287044504287734,287044507957627,3,0.070860,-0.105069,0.015882,0.004887,0.003665,0.000000
accelerometer_uncalibrated,287044504287734,287044508025127,3,-1.350330,5.018247,8.611943,0.000000,0.000000,0.000000
gyroscope_uncalibrated,287044512291757,287044516200557,3,0.089186,-0.127671,0.020159,0.004887,0.003665,0.000000
accelerometer_uncalibrated,287044512291757,287044516406065,3,-1.300052,5.015852,8.659827,0.000000,0.000000,0.000000
magnetic_field_uncalibrated,287044512291757,287044516526768,3,18.281000,-20.269001,-140.711014,7.644001,24.008001,-125.220009
magnetic_field_uncalibrated,287044520296718,287044524395088,3,17.403000,-19.533001,-140.708008,7.644001,24.007002,-125.220009
gyroscope_uncalibrated,287044520296718,287044524590049,3,0.109956,-0.137445,0.021991,0.004887,0.003665,0.000000
accelerometer_uncalibrated,287044520296718,287044524682354,3,-1.285686,5.008670,8.659827,0.000000,0.000000,0.000000
magnetic_field_uncalibrated,287044528303945,287044532258604,3,15.635001,-19.892000,-141.558014,7.644001,24.008001,-125.219009
gyroscope_uncalibrated,287044528303945,287044532530400,3,0.127060,-0.131336,0.023824,0.004887,0.003665,0.000000
accelerometer_uncalibrated,287044528303945,287044532665010,3,-1.264138,5.011064,8.621520,0.000000,0.000000,0.000000
magnetic_field_uncalibrated,287044536310937,287044540320869,3,15.437000,-21.100000,-141.768005,7.644001,24.007002,-125.220009
gyroscope_uncalibrated,287044536310937,287044540549229,3,0.143553,-0.108734,0.025656,0.004887,0.003665,0.000000
accelerometer_uncalibrated,287044536310937,287044540667002,3,-1.228225,5.018247,8.607155,0.000000,0.000000,0.000000
magnetic_field_uncalibrated,287044544315468,287044548497275,3,15.579000,-20.720001,-141.663010,7.644001,24.008001,-125.220009
gyroscope_uncalibrated,287044544315468,287044548669346,3,0.156992,-0.089186,0.029322,0.004887,0.003665,0.000000
accelerometer_uncalibrated,287044544315468,287044548740244,3,-1.170765,5.039794,8.619126,0.000000,0.000000,0.000000
magnetic_field_uncalibrated,287044552319101,287044557039463,3,16.199001,-20.198002,-140.805008,7.644001,24.007002,-125.219009
gyroscope_uncalibrated,287044552319101,287044557309307,3,0.168599,-0.074526,0.036041,0.004887,0.003665,0.000000
accelerometer_uncalibrated,287044552319101,287044557443525,3,-1.170765,5.030218,8.573636,0.000000,0.000000,0.000000
magnetic_field_uncalibrated,287044560323828,287044566733721,3,16.975000,-20.588001,-142.104004,7.644001,24.007002,-125.219009
gyroscope_uncalibrated,287044560323828,287044567128135,3,0.177151,-0.063530,0.038485,0.004887,0.003665,0.000000
accelerometer_uncalibrated,287044560323828,287044567269424,3,-1.175553,5.039794,8.554482,0.000000,0.000000,0.000000
gyroscope_uncalibrated,287044568329101,287044572947705,3,0.193033,-0.056810,0.039706,0.004887,0.003665,0.000000
accelerometer_uncalibrated,287044568329101,287044573240440,3,-1.185130,5.082890,8.552089,0.000000,0.000000,0.000000
magnetic_field_uncalibrated,287044568329101,287044573549346,3,16.042000,-20.678001,-142.098007,7.644001,24.008001,-125.220009
magnetic_field_uncalibrated,287044576334218,287044581183252,3,15.699000,-20.706001,-141.232010,7.644001,24.007002,-125.220009
gyroscope_uncalibrated,287044576334218,287044581439580,3,0.210749,-0.061087,0.039706,0.004887,0.003665,0.000000
accelerometer_uncalibrated,287044576334218,287044581526611,3,-1.199495,5.102044,8.561666,0.000000,0.000000,0.000000
magnetic_field_uncalibrated,287044584342734,287044588382315,3,16.347000,-21.376001,-141.665009,7.644001,24.008001,-125.220009
gyroscope_uncalibrated,287044584342734,287044588580635,3,0.231518,-0.079412,0.040317,0.004887,0.003665,0.000000
accelerometer_uncalibrated,287044584342734,287044588669541,3,-1.216254,5.135562,8.530540,0.000000,0.000000,0.000000
magnetic_field_uncalibrated,287044592352460,287044596189854,3,15.808001,-20.873001,-140.584000,7.644001,24.008001,-125.220009
gyroscope_uncalibrated,287044592352460,287044596439697,3,0.251066,-0.094073,0.043371,0.004887,0.003665,0.000000
accelerometer_uncalibrated,287044592352460,287044596542627,3,-1.254562,5.149928,8.535329,0.000000,0.000000,0.000000
magnetic_field_uncalibrated,287044600361093,287044605583916,3,16.771000,-20.411001,-139.944000,7.644001,24.007002,-125.219009
gyroscope_uncalibrated,287044600361093,287044605881963,3,0.278555,-0.124617,0.049480,0.004887,0.003665,0.000000
accelerometer_uncalibrated,287044600361093,287044605996065,3,-1.278504,5.157111,8.513782,0.000000,0.000000,0.000000
magnetic_field_uncalibrated,287044608365078,287044612318486,3,16.924002,-19.762001,-140.812012,7.644001,24.008001,-125.220009
gyroscope_uncalibrated,287044608365078,287044612523135,3,0.307265,-0.168599,0.058032,0.004887,0.003665,0.000000
accelerometer_uncalibrated,287044608365078,287044612637705,3,-1.273715,5.193024,8.482656,0.000000,0.000000,0.000000
magnetic_field_uncalibrated,287044616366679,287044620428916,3,15.659000,-19.611000,-140.804001,7.644001,24.007002,-125.220009
gyroscope_uncalibrated,287044616366679,287044620759385,3,0.326813,-0.211970,0.069028,0.004887,0.003665,0.000000
accelerometer_uncalibrated,287044616366679,287044620883135,3,-1.254562,5.204995,8.449138,0.000000,0.000000,0.000000
magnetic_field_uncalibrated,287044624366757,287044628454541,3,15.956000,-20.316002,-141.343002,7.644001,24.008001,-125.220009
gyroscope_uncalibrated,287044624366757,287044628696377,3,0.351248,-0.273057,0.083078,0.004887,0.003665,0.000000
accelerometer_uncalibrated,287044624366757,287044628758565,3,-1.204283,5.250484,8.374918,0.000000,0.000000,0.000000
magnetic_field_uncalibrated,287044632370507,287044635697080,3,15.444001,-21.007002,-141.660004,7.644001,24.008001,-125.219009
gyroscope_uncalibrated,287044632370507,287044635875322,3,0.369573,-0.318872,0.093462,0.004887,0.003665,0.000000
accelerometer_uncalibrated,287044632370507,287044635955205,3,-1.161188,5.281609,8.271967,0.000000,0.000000,0.000000
magnetic_field_uncalibrated,287044640377031,287044645147666,3,15.883000,-21.333000,-142.094009,7.644001,24.007002,-125.220009
gyroscope_uncalibrated,287044640377031,287044645433174,3,0.375682,-0.335365,0.100793,0.004887,0.003665,0.000000
accelerometer_uncalibrated,287044640377031,287044645537900,3,-1.084573,5.310339,8.128315,0.000000,0.000000,0.000000
magnetic_field_uncalibrated,287044648382304,287044652086729,3,16.595001,-21.081001,-142.100006,7.644001,24.008001,-125.220009
gyroscope_uncalibrated,287044648382304,287044652406494,3,0.370795,-0.332311,0.099571,0.004887,0.003665,0.000000
accelerometer_uncalibrated,287044648382304,287044652515322,3,-0.993594,5.336676,7.975086,0.000000,0.000000,0.000000
magnetic_field_uncalibrated,287044656389296,287044660364619,3,16.002001,-21.491001,-140.151001,7.644001,24.007002,-125.220009
gyroscope_uncalibrated,287044656389296,287044660616807,3,0.347582,-0.307265,0.091630,0.004887,0.003665,0.000000
accelerometer_uncalibrated,287044656389296,287044660790869,3,-0.876278,5.377377,7.862558,0.000000,0.000000,0.000000
magnetic_field_uncalibrated,287044664398750,287044668344268,3,15.476001,-20.632002,-140.691010,7.644001,24.008001,-125.220009
gyroscope_uncalibrated,287044664398750,287044668558682,3,0.317650,-0.269392,0.083689,0.004887,0.003665,0.000000
accelerometer_uncalibrated,287044664398750,287044668667900,3,-0.773327,5.415684,7.817069,0.000000,0.000000,0.000000
magnetic_field_uncalibrated,287044672407812,287044676343213,3,14.665001,-20.448002,-142.305008,7.644001,24.007002,-125.219009
gyroscope_uncalibrated,287044672407812,287044676583525,3,0.280387,-0.231518,0.071471,0.004887,0.003665,0.000000
accelerometer_uncalibrated,287044672407812,287044676656065,3,-0.632069,5.465962,7.783550,0.000000,0.000000,0.000000
magnetic_field_uncalibrated,287044680416796,287044683818799,3,13.478001,-20.925001,-141.864014,7.644001,24.008001,-125.220009
gyroscope_uncalibrated,287044680416796,287044684000049,3,0.253509,-0.199753,0.060476,0.004887,0.003665,0.000000
accelerometer_uncalibrated,287044680416796,287044684070166,3,-0.488417,5.501875,7.788338,0.000000,0.000000,0.000000
magnetic_field_uncalibrated,287044688425664,287044692602158,3,13.882001,-20.322001,-139.494003,7.643000,24.008001,-125.220009
gyroscope_uncalibrated,287044688425664,287044692952236,3,0.218690,-0.168599,0.042761,0.004887,0.003665,0.000000
accelerometer_uncalibrated,287044688425664,287044693085986,3,-0.335188,5.556942,7.841011,0.000000,0.000000,0.000000
magnetic_field_uncalibrated,287044696438632,287044701265049,3,15.095000,-19.734001,-137.453003,7.644001,24.008001,-125.220009
gyroscope_uncalibrated,287044696438632,287044701607940,3,0.193644,-0.150273,0.012828,0.004887,0.003665,0.000000
accelerometer_uncalibrated,287044696438632,287044701753760,3,-0.234632,5.576096,7.910442,0.000000,0.000000,0.000000
magnetic_field_uncalibrated,287044704449179,287044708040205,3,15.311001,-19.815001,-138.965012,7.644001,24.007002,-125.219009
gyroscope_uncalibrated,287044704449179,287044708239775,3,0.182038,-0.136834,-0.025656,0.004887,0.003665,0.000000
accelerometer_uncalibrated,287044704449179,287044708333916,3,-0.225055,5.600038,7.965509,0.000000,0.000000,0.000000
magnetic_field_uncalibrated,287044712458203,287044719861182,3,14.553000,-20.712002,-139.281006,7.644001,24.008001,-125.220009
gyroscope_uncalibrated,287044712458203,287044720113877,3,0.178984,-0.125838,-0.058032,0.004887,0.003665,0.000000
accelerometer_uncalibrated,287044712458203,287044720198369,3,-0.316035,5.616797,7.999028,0.000000,0.000000,0.000000
magnetic_field_uncalibrated,287044720468750,287044724469658,3,15.856001,-20.483002,-137.563004,7.644001,24.007002,-125.220009
gyroscope_uncalibrated,287044720468750,287044724636260,3,0.178984,-0.118508,-0.098349,0.004887,0.003665,0.000000
accelerometer_uncalibrated,287044720468750,287044724714815,3,-0.442927,5.633556,8.025364,0.000000,0.000000,0.000000
magnetic_field_uncalibrated,287044728479101,287044732186963,3,16.084002,-20.380001,-139.076004,7.644001,24.007002,-125.219009
gyroscope_uncalibrated,287044728479101,287044732367197,3,0.177151,-0.131947,-0.124617,0.004887,0.003665,0.000000
accelerometer_uncalibrated,287044728479101,287044732487393,3,-0.629675,5.702989,8.061277,0.000000,0.000000,0.000000
magnetic_field_uncalibrated,287044736490742,287044741030283,3,15.095000,-19.563002,-139.073013,7.644001,24.007002,-125.220009
gyroscope_uncalibrated,287044736490742,287044741325518,3,0.178984,-0.159436,-0.130725,0.004887,0.003665,0.000000
accelerometer_uncalibrated,287044736490742,287044741472510,3,-0.746991,5.731719,8.130709,0.000000,0.000000,0.000000
magnetic_field_uncalibrated,287044744500351,287044748415400,3,14.870001,-19.577002,-137.992004,7.644001,24.008001,-125.220009
gyroscope_uncalibrated,287044744500351,287044748613213,3,0.189368,-0.208305,-0.128893,0.004887,0.003665,0.000000
accelerometer_uncalibrated,287044744500351,287044748971494,3,-0.749385,5.741296,8.228871,0.000000,0.000000,0.000000
magnetic_field_uncalibrated,287044752508554,287044756970635,3,15.614000,-20.514002,-138.641006,7.644001,24.007002,-125.220009
gyroscope_uncalibrated,287044752508554,287044757251104,3,0.206472,-0.273057,-0.118508,0.004887,0.003665,0.000000
accelerometer_uncalibrated,287044752508554,287044757360010,3,-0.603339,5.765238,8.334216,0.000000,0.000000,0.000000
magnetic_field_uncalibrated,287044760517187,287044764550127,3,16.528000,-20.786001,-137.998001,7.644001,24.008001,-125.220009
gyroscope_uncalibrated,287044760517187,287044764707666,3,0.234572,-0.331089,-0.109956,0.004887,0.003665,0.000000
accelerometer_uncalibrated,287044760517187,287044764791885,3,-0.390255,5.820304,8.456321,0.000000,0.000000,0.000000
magnetic_field_uncalibrated,287044768523398,287044772233135,3,15.813001,-21.040001,-138.316010,7.644001,24.007002,-125.220009
gyroscope_uncalibrated,287044768523398,287044772409229,3,0.264505,-0.359189,-0.109345,0.004887,0.003665,0.000000
accelerometer_uncalibrated,287044768523398,287044772499072,3,-0.237026,5.856217,8.532935,0.000000,0.000000,0.000000
magnetic_field_uncalibrated,287044776530664,287044780989736,3,16.508001,-20.892000,-139.833008,7.644001,24.007002,-125.220009
gyroscope_uncalibrated,287044776530664,287044781298447,3,0.313985,-0.372017,-0.124617,0.004887,0.003665,0.000000
accelerometer_uncalibrated,287044776530664,287044781447588,3,-0.112527,5.877765,8.530540,0.000000,0.000000,0.000000
magnetic_field_uncalibrated,287044784537578,287044788406104,3,16.884001,-20.488001,-139.513000,7.643000,24.007002,-125.220009
gyroscope_uncalibrated,287044784537578,287044788608799,3,0.357967,-0.357967,-0.150273,0.004887,0.003665,0.000000
accelerometer_uncalibrated,287044784537578,287044788720283,3,-0.057461,5.908890,8.449138,0.000000,0.000000,0.000000
magnetic_field_uncalibrated,287044792544375,287044797074736,3,16.392000,-21.074001,-138.104004,7.644001,24.007002,-125.220009
gyroscope_uncalibrated,287044792544375,287044797308408,3,0.383623,-0.327424,-0.183260,0.004887,0.003665,0.000000
accelerometer_uncalibrated,287044792544375,287044797431729,3,-0.062249,5.925649,8.283937,0.000000,0.000000,0.000000
magnetic_field_uncalibrated,287044800551835,287044805377705,3,15.939001,-20.848001,-138.749008,7.644001,24.008001,-125.219009
gyroscope_uncalibrated,287044800551835,287044805665674,3,0.392175,-0.303600,-0.207083,0.004887,0.003665,0.000000
accelerometer_uncalibrated,287044800551835,287044805828877,3,-0.090980,5.935226,8.195353,0.000000,0.000000,0.000000
magnetic_field_uncalibrated,287044808560625,287044812095557,3,15.043001,-20.386002,-138.637009,7.644001,24.008001,-125.219009
gyroscope_uncalibrated,287044808560625,287044812336807,3,0.388510,-0.279776,-0.237016,0.004887,0.003665,0.000000
accelerometer_uncalibrated,287044808560625,287044812473408,3,-0.093374,5.918467,8.092402,0.000000,0.000000,0.000000
magnetic_field_uncalibrated,287044816569218,287044821886104,3,15.095000,-21.297001,-139.066010,7.644001,24.008001,-125.220009
gyroscope_uncalibrated,287044816569218,287044822161572,3,0.373239,-0.271224,-0.261450,0.004887,0.003665,0.000000
accelerometer_uncalibrated,287044816569218,287044822278447,3,-0.028730,5.911284,7.987057,0.000000,0.000000,0.000000
magnetic_field_uncalibrated,287044824576875,287044829380752,3,15.679001,-21.240002,-138.962006,7.644001,24.007002,-125.220009
gyroscope_uncalibrated,287044824576875,287044829652861,3,0.358578,-0.273057,-0.272446,0.004887,0.003665,0.000000
accelerometer_uncalibrated,287044824576875,287044829758525,3,0.150835,5.861006,7.898471,0.000000,0.000000,0.000000
accelerometer_uncalibrated,287044832586093,287044835988447,3,0.459687,5.851429,8.109161,0.000000,0.000000,0.000000
magnetic_field_uncalibrated,287044832586093,287044836301690,3,15.778001,-21.590000,-138.097000,7.644001,24.007002,-125.219009
gyroscope_uncalibrated,287044832586093,287044836389229,3,0.342695,-0.328645,-0.289550,0.004887,0.003665,0.000000
magnetic_field_uncalibrated,287044840593125,287044844719190,3,16.119001,-21.823002,-136.911011,7.644001,24.007002,-125.219009
gyroscope_uncalibrated,287044840593125,287044845049932,3,0.356745,-0.448986,-0.309098,0.004887,0.003665,0.000000
accelerometer_uncalibrated,287044840593125,287044845164541,3,0.663194,5.887342,8.396465,0.000000,0.000000,0.000000
magnetic_field_uncalibrated,287044848599804,287044853159072,3,15.129001,-21.093000,-136.260010,7.644001,24.007002,-125.220009
gyroscope_uncalibrated,287044848599804,287044853489190,3,0.414167,-0.582765,-0.342085,0.004887,0.003665,0.000000
accelerometer_uncalibrated,287044848599804,287044853645947,3,0.768539,5.884948,8.631097,0.000000,0.000000,0.000000
magnetic_field_uncalibrated,287044856607031,287044864007549,3,14.724001,-20.046001,-137.773010,7.644001,24.008001,-125.220009
gyroscope_uncalibrated,287044856607031,287044864318877,3,0.488081,-0.684780,-0.379958,0.004887,0.003665,0.000000
accelerometer_uncalibrated,287044856607031,287044864469971,3,0.742203,5.868188,8.841787,0.000000,0.000000,0.000000
magnetic_field_uncalibrated,287044864613789,287044875436650,3,16.121000,-19.999001,-137.351013,7.644001,24.008001,-125.220009
gyroscope_uncalibrated,287044864613789,287044875719932,3,0.614530,-0.847881,-0.444710,0.004887,0.003665,0.000000
accelerometer_uncalibrated,287044864613789,287044875812822,3,0.617704,5.880159,8.992621,0.000000,0.000000,0.000000
magnetic_field_uncalibrated,287044872618125,287044878292627,3,15.936001,-21.022001,-137.453003,7.644001,24.008001,-125.219009
gyroscope_uncalibrated,287044872618125,287044878392236,3,0.764803,-1.067182,-0.510072,0.004887,0.003665,0.000000
accelerometer_uncalibrated,287044872618125,287044878476572,3,0.397437,5.925649,9.188946,0.000000,0.000000,0.000000
magnetic_field_uncalibrated,287044880626718,287044885830752,3,15.631001,-22.146002,-137.230011,7.644001,24.007002,-125.219009
gyroscope_uncalibrated,287044880626718,287044886084697,3,0.935235,-1.309084,-0.555277,0.004887,0.003665,0.000000
accelerometer_uncalibrated,287044880626718,287044886175752,3,0.110133,5.990293,9.275137,0.000000,0.000000,0.000000
magnetic_field_uncalibrated,287044888638203,287044895469307,3,17.242001,-22.268002,-137.780014,7.644001,24.007002,-125.219009
gyroscope_uncalibrated,287044888638203,287044895778018,3,1.051299,-1.467909,-0.576657,0.004887,0.003665,0.000000
accelerometer_uncalibrated,287044888638203,287044895947354,3,0.009577,5.990293,9.093178,0.000000,0.000000,0.000000
magnetic_field_uncalibrated,287044896650625,287044901182393,3,17.426001,-21.245001,-137.786011,7.644001,24.008001,-125.220009
gyroscope_uncalibrated,287044896650625,287044901400674,3,1.175916,-1.617571,-0.601702,0.004887,0.003665,0.000000
accelerometer_uncalibrated,287044896650625,287044901488877,3,0.088585,5.980716,8.741230,0.000000,0.000000,0.000000
magnetic_field_uncalibrated,287044904663554,287044908405947,3,16.817001,-20.107000,-136.275009,7.644001,24.008001,-125.219009
gyroscope_uncalibrated,287044904663554,287044908582041,3,1.249219,-1.681712,-0.616974,0.004887,0.003665,0.000000
accelerometer_uncalibrated,287044904663554,287044908675400,3,0.184354,5.997475,8.379706,0.000000,0.000000,0.000000
magnetic_field_uncalibrated,287044912675742,287044916437979,3,15.882001,-20.199001,-136.485001,7.644001,24.008001,-125.220009
gyroscope_uncalibrated,287044912675742,287044916610908,3,1.270600,-1.642006,-0.637132,0.004887,0.003665,0.000000
accelerometer_uncalibrated,287044912675742,287044916690518,3,0.407014,6.045359,7.905654,0.000000,0.000000,0.000000
magnetic_field_uncalibrated,287044920685039,287044924208760,3,15.303000,-21.815001,-137.554001,7.644001,24.007002,-125.220009
gyroscope_uncalibrated,287044920685039,287044924424580,3,1.266324,-1.612073,-0.655458,0.004887,0.003665,0.000000
accelerometer_uncalibrated,287044920685039,287044924547080,3,0.828394,6.174646,7.661446,0.000000,0.000000,0.000000
magnetic_field_uncalibrated,287044928696015,287044933681768,3,16.223001,-21.995001,-136.911011,7.644001,24.008001,-125.219009
gyroscope_uncalibrated,287044928696015,287044933872588,3,1.254717,-1.607186,-0.690889,0.004887,0.003665,0.000000
accelerometer_uncalibrated,287044928696015,287044933952393,3,1.024718,6.335058,7.520187,0.000000,0.000000,0.000000
magnetic_field_uncalibrated,287044936707929,287044940249033,3,17.195002,-21.352001,-136.704010,7.644001,24.007002,-125.219009
gyroscope_uncalibrated,287044936707929,287044940431416,3,1.233948,-1.602300,-0.733038,0.004887,0.003665,0.000000
accelerometer_uncalibrated,287044936707929,287044940489385,3,1.096544,6.447585,7.254431,0.000000,0.000000,0.000000
magnetic_field_uncalibrated,287044944715703,287044948203291,3,17.095001,-22.737001,-137.670013,7.643000,24.008001,-125.220009
gyroscope_uncalibrated,287044944715703,287044948375283,3,1.210735,-1.575421,-0.773355,0.004887,0.003665,0.000000
accelerometer_uncalibrated,287044944715703,287044948462510,3,1.101333,6.495469,6.983886,0.000000,0.000000,0.000000
accelerometer_uncalibrated,287044952724843,287044956278994,3,0.984017,6.519411,6.708553,0.000000,0.000000,0.000000
magnetic_field_uncalibrated,287044952724843,287044956614932,3,16.583000,-21.865002,-136.374008,7.644001,24.008001,-125.219009
gyroscope_uncalibrated,287044952724843,287044956708565,3,1.163698,-1.523498,-0.828333,0.004887,0.003665,0.000000
magnetic_field_uncalibrated,287044960733281,287044965353408,3,17.056002,-19.993000,-136.277008,7.644001,24.007002,-125.219009
gyroscope_uncalibrated,287044960733281,287044965545479,3,1.097725,-1.460579,-0.873537,0.004887,0.003665,0.000000
accelerometer_uncalibrated,287044960733281,287044965641729,3,0.761356,6.545747,6.502652,0.000000,0.000000,0.000000
magnetic_field_uncalibrated,287044968745429,287044971689502,3,16.751001,-21.117001,-136.055008,7.644001,24.007002,-125.220009
gyroscope_uncalibrated,287044968745429,287044971854229,3,1.006706,-1.414764,-0.910189,0.004887,0.003665,0.000000
accelerometer_uncalibrated,287044968745429,287044971947783,3,0.493206,6.598420,6.368577,0.000000,0.000000,0.000000
magnetic_field_uncalibrated,287044976755273,287044980309697,3,16.722000,-21.747002,-134.324005,7.644001,24.007002,-125.219009
gyroscope_uncalibrated,287044976755273,287044980496846,3,0.946230,-1.421483,-0.935846,0.004887,0.003665,0.000000
accelerometer_uncalibrated,287044976755273,287044980590440,3,0.390255,6.631939,6.536170,0.000000,0.000000,0.000000
magnetic_field_uncalibrated,287044984766406,287044988185166,3,17.774000,-21.557001,-134.764008,7.644001,24.007002,-125.219009
gyroscope_uncalibrated,287044984766406,287044988356963,3,0.899805,-1.498452,-0.951117,0.004887,0.003665,0.000000
accelerometer_uncalibrated,287044984766406,287044988450986,3,0.289698,6.643910,6.792350,0.000000,0.000000,0.000000
magnetic_field_uncalibrated,287044992778671,287044996759229,3,18.401001,-20.942001,-133.907013,7.644001,24.008001,-125.219009
gyroscope_uncalibrated,287044992778671,287044996960908,3,0.891252,-1.605354,-0.943176,0.004887,0.003665,0.000000
accelerometer_uncalibrated,287044992778671,287044997046416,3,0.158017,6.581660,6.897695,0.000000,0.000000,0.000000
magnetic_field_uncalibrated,287045000787695,287045004740830,3,18.793001,-20.438002,-132.400009,7.644001,24.007002,-125.219009
gyroscope_uncalibrated,287045000787695,287045004963799,3,0.902859,-1.683545,-0.914465,0.004887,0.003665,0.000000
accelerometer_uncalibrated,287045000787695,287045005027822,3,0.038307,6.528988,6.888118,0.000000,0.000000,0.000000
magnetic_field_uncalibrated,287045008793281,287045012516065,3,18.053001,-21.060001,-132.825012,7.644001,24.007002,-125.220009
gyroscope_uncalibrated,287045008793281,287045012727158,3,0.909578,-1.718975,-0.885144,0.004887,0.003665,0.000000
accelerometer_uncalibrated,287045008793281,287045012820713,3,0.062249,6.514623,6.861782,0.000000,0.000000,0.000000
magnetic_field_uncalibrated,287045016798750,287045020581416,3,17.483002,-20.931002,-132.605011,7.644001,24.007002,-125.219009
gyroscope_uncalibrated,287045016798750,287045020822393,3,0.908357,-1.738523,-0.839329,0.004887,0.003665,0.000000
accelerometer_uncalibrated,287045016798750,287045020897940,3,0.114922,6.543353,6.809110,0.000000,0.000000,0.000000
magnetic_field_uncalibrated,287045024804531,287045029751611,3,18.735001,-21.267000,-132.720001,7.644001,24.007002,-125.219009
gyroscope_uncalibrated,287045024804531,287045029997158,3,0.890642,-1.723251,-0.794125,0.004887,0.003665,0.000000
accelerometer_uncalibrated,287045024804531,287045030089424,3,0.186748,6.567295,6.663064,0.000000,0.000000,0.000000
magnetic_field_uncalibrated,287045032811562,287045037302705,3,19.179001,-21.588001,-132.506012,7.644001,24.007002,-125.219009
gyroscope_uncalibrated,287045032811562,287045037560166,3,0.863763,-1.672549,-0.758084,0.004887,0.003665,0.000000
accelerometer_uncalibrated,287045032811562,287045037664893,3,0.328006,6.574478,6.411672,0.000000,0.000000,0.000000
magnetic_field_uncalibrated,287045040817148,287045044606572,3,19.247002,-20.576000,-132.403000,7.644001,24.008001,-125.220009
gyroscope_uncalibrated,287045040817148,287045044806963,3,0.806953,-1.565037,-0.718988,0.004887,0.003665,0.000000
accelerometer_uncalibrated,287045040817148,287045044876572,3,0.543484,6.622362,6.174646,0.000000,0.000000,0.000000
magnetic_field_uncalibrated,287045048820976,287045051825557,3,18.400002,-21.115002,-132.395004,7.644001,24.007002,-125.220009
gyroscope_uncalibrated,287045048820976,287045052011025,3,0.729984,-1.456914,-0.690889,0.004887,0.003665,0.000000
accelerometer_uncalibrated,287045048820976,287045052088057,3,0.720655,6.696582,6.011840,0.000000,0.000000,0.000000
magnetic_field_uncalibrated,287045056827421,287045061030947,3,18.395000,-21.205002,-132.179001,7.644001,24.007002,-125.220009
gyroscope_uncalibrated,287045056827421,287045061227549,3,0.637743,-1.355510,-0.672563,0.004887,0.003665,0.000000
accelerometer_uncalibrated,287045056827421,287045062731768,3,0.883460,6.801927,5.817910,0.000000,0.000000,0.000000
magnetic_field_uncalibrated,287045064833828,287045068559932,3,20.316002,-20.198002,-132.304001,7.644001,24.007002,-125.220009
gyroscope_uncalibrated,287045064833828,287045068739346,3,0.558942,-1.279152,-0.671952,0.004887,0.003665,0.000000
accelerometer_uncalibrated,287045064833828,287045068808057,3,1.070208,6.871359,5.652710,0.000000,0.000000,0.000000
gyroscope_uncalibrated,287045072841250,287045076578057,3,0.447764,-1.197296,-0.673784,0.004887,0.003665,0.000000
accelerometer_uncalibrated,287045072841250,287045076803682,3,1.273715,6.971915,5.600038,0.000000,0.000000,0.000000
magnetic_field_uncalibrated,287045072841250,287045076901729,3,19.622002,-20.174002,-132.299011,7.644001,24.007002,-125.220009
gyroscope_uncalibrated,287045080850820,287045085484775,3,0.339030,-1.130712,-0.692110,0.004887,0.003665,0.000000
magnetic_field_uncalibrated,287045080850820,287045085755947,3,18.749001,-21.253000,-130.885010,7.644001,24.008001,-125.219009
accelerometer_uncalibrated,287045080850820,287045086006690,3,1.350330,7.091625,5.612009,0.000000,0.000000,0.000000
magnetic_field_uncalibrated,287045088859296,287045093475322,3,19.437000,-21.540001,-129.161011,7.643000,24.007002,-125.219009
gyroscope_uncalibrated,287045088859296,287045093739541,3,0.226020,-1.059851,-0.736704,0.004887,0.003665,0.000000
accelerometer_uncalibrated,287045088859296,287045093855440,3,1.259350,7.192182,5.688623,0.000000,0.000000,0.000000
magnetic_field_uncalibrated,287045096865820,287045100576025,3,18.442001,-20.816002,-129.266006,7.644001,24.007002,-125.220009
gyroscope_uncalibrated,287045096865820,287045100778916,3,0.147829,-1.008538,-0.784351,0.004887,0.003665,0.000000
accelerometer_uncalibrated,287045096865820,287045100848760,3,1.130063,7.242460,5.796362,0.000000,0.000000,0.000000
magnetic_field_uncalibrated,287045104874726,287045109399541,3,18.931002,-20.404001,-129.486008,7.644001,24.008001,-125.219009
gyroscope_uncalibrated,287045104874726,287045109660986,3,0.050702,-0.959058,-0.833220,0.004887,0.003665,0.000000
accelerometer_uncalibrated,287045104874726,287045109780479,3,0.962469,7.242460,5.987898,0.000000,0.000000,0.000000
magnetic_field_uncalibrated,287045112885585,287045116546885,3,19.630001,-20.166000,-131.219009,7.644001,24.007002,-125.219009
gyroscope_uncalibrated,287045112885585,287045116761065,3,-0.026878,-0.930959,-0.860709,0.004887,0.003665,0.000000
accelerometer_uncalibrated,287045112885585,287045116869268,3,0.775721,7.208941,6.160281,0.000000,0.000000,0.000000
magnetic_field_uncalibrated,287045120897656,287045125427861,3,20.180000,-20.314001,-134.029999,7.644001,24.008001,-125.220009
gyroscope_uncalibrated,287045120897656,287045125738096,3,-0.090408,-0.899194,-0.859487,0.004887,0.003665,0.000000
accelerometer_uncalibrated,287045120897656,287045125897158,3,0.667982,7.149086,6.260838,0.000000,0.000000,0.000000
magnetic_field_uncalibrated,287045128908398,287045133225322,3,22.784000,-19.513000,-133.834000,7.644001,24.007002,-125.219009
gyroscope_uncalibrated,287045128908398,287045133469268,3,-0.121562,-0.866207,-0.847270,0.004887,0.003665,0.000000
accelerometer_uncalibrated,287045128908398,287045133559736,3,0.658405,7.108385,6.423643,0.000000,0.000000,0.000000
magnetic_field_uncalibrated,287045136916601,287045140779463,3,22.709002,-19.139002,-131.568008,7.644001,24.008001,-125.219009
gyroscope_uncalibrated,287045136916601,287045140941963,3,-0.157603,-0.808175,-0.816727,0.004887,0.003665,0.000000
accelerometer_uncalibrated,287045136916601,287045141010791,3,0.677559,7.050924,6.569689,0.000000,0.000000,0.000000
magnetic_field_uncalibrated,287045144925742,287045148816494,3,21.552002,-19.072001,-131.993011,7.644001,24.007002,-125.220009
gyroscope_uncalibrated,287045144925742,287045149078174,3,-0.185703,-0.729984,-0.785573,0.004887,0.003665,0.000000
accelerometer_uncalibrated,287045144925742,287045149185479,3,0.720655,7.000646,6.667852,0.000000,0.000000,0.000000
magnetic_field_uncalibrated,287045152933554,287045156738643,3,20.962002,-19.135000,-132.852005,7.644001,24.007002,-125.220009
gyroscope_uncalibrated,287045152933554,287045156962588,3,-0.202196,-0.642019,-0.759916,0.004887,0.003665,0.000000
accelerometer_uncalibrated,287045152933554,287045157069463,3,0.701501,6.983886,6.670246,0.000000,0.000000,0.000000
magnetic_field_uncalibrated,287045160940234,287045167508447,3,21.040001,-19.677000,-133.174011,7.644001,24.008001,-125.219009
gyroscope_uncalibrated,287045160940234,287045167763643,3,-0.227242,-0.494190,-0.728151,0.004887,0.003665,0.000000
accelerometer_uncalibrated,287045160940234,287045167876885,3,0.644040,6.955156,6.639122,0.000000,0.000000,0.000000
gyroscope_uncalibrated,287045168946445,287045173059229,3,-0.257785,-0.359189,-0.693332,0.004887,0.003665,0.000000
magnetic_field_uncalibrated,287045168946445,287045173300518,3,21.204000,-18.932001,-133.286011,7.644001,24.007002,-125.219009
accelerometer_uncalibrated,287045168946445,287045173557158,3,0.620098,6.959944,6.677429,0.000000,0.000000,0.000000
magnetic_field_uncalibrated,287045176952382,287045181243252,3,21.581001,-18.528002,-132.967010,7.644001,24.007002,-125.220009
gyroscope_uncalibrated,287045176952382,287045181579190,3,-0.286496,-0.269392,-0.665843,0.004887,0.003665,0.000000
accelerometer_uncalibrated,287045176952382,287045181720400,3,0.555455,6.976704,6.766014,0.000000,0.000000,0.000000
magnetic_field_uncalibrated,287045184958789,287045189207158,3,22.500002,-18.624001,-133.296005,7.644001,24.007002,-125.219009
gyroscope_uncalibrated,287045184958789,287045189422627,3,-0.302989,-0.230296,-0.637132,0.004887,0.003665,0.000000
accelerometer_uncalibrated,287045184958789,287045189519971,3,0.462081,6.971915,6.871359,0.000000,0.000000,0.000000
magnetic_field_uncalibrated,287045192966679,287045197339033,3,23.005001,-18.025002,-132.978012,7.644001,24.007002,-125.219009
gyroscope_uncalibrated,287045192966679,287045197569072,3,-0.307876,-0.208305,-0.602924,0.004887,0.003665,0.000000
accelerometer_uncalibrated,287045192966679,287045197686885,3,0.469264,6.988675,6.952762,0.000000,0.000000,0.000000
accelerometer_uncalibrated,287045200976914,287045205454385,3,0.572214,7.038953,7.034164,0.000000,0.000000,0.000000
magnetic_field_uncalibrated,287045200976914,287045205858721,3,22.648001,-18.237001,-132.327011,7.644001,24.008001,-125.219009
gyroscope_uncalibrated,287045200976914,287045205967588,3,-0.291994,-0.226631,-0.580322,0.004887,0.003665,0.000000
magnetic_field_uncalibrated,287045208988046,287045212821416,3,21.217001,-18.919001,-131.559006,7.644001,24.007002,-125.219009
gyroscope_uncalibrated,287045208988046,287045213047002,3,-0.259007,-0.268781,-0.570548,0.004887,0.003665,0.000000
accelerometer_uncalibrated,287045208988046,287045213196065,3,0.653617,7.043741,7.077260,0.000000,0.000000,0.000000
magnetic_field_uncalibrated,287045216994960,287045221076182,3,22.715000,-18.876001,-133.189011,7.644001,24.007002,-125.220009
gyroscope_uncalibrated,287045216994960,287045221324307,3,-0.233961,-0.296881,-0.574213,0.004887,0.003665,0.000000
accelerometer_uncalibrated,287045216994960,287045221450986,3,0.730232,7.017405,7.034164,0.000000,0.000000,0.000000
magnetic_field_uncalibrated,287045225004960,287045228663721,3,24.356001,-18.366001,-135.361008,7.644001,24.008001,-125.220009
gyroscope_uncalibrated,287045225004960,287045228926924,3,-0.205251,-0.318872,-0.591928,0.004887,0.003665,0.000000
accelerometer_uncalibrated,287045225004960,287045229101807,3,0.849942,7.022193,6.957550,0.000000,0.000000,0.000000
magnetic_field_uncalibrated,287045233013398,287045237400791,3,24.353001,-18.455000,-134.929001,7.643000,24.007002,-125.220009
gyroscope_uncalibrated,287045233013398,287045237686260,3,-0.195477,-0.316428,-0.613920,0.004887,0.003665,0.000000
accelerometer_uncalibrated,287045233013398,287045237829541,3,0.881066,7.041347,6.782773,0.000000,0.000000,0.000000
magnetic_field_uncalibrated,287045241021914,287045244890283,3,24.136002,-18.291000,-134.496002,7.644001,24.007002,-125.219009
gyroscope_uncalibrated,287045241021914,287045245124541,3,-0.208916,-0.282831,-0.638354,0.004887,0.003665,0.000000
accelerometer_uncalibrated,287045241021914,287045245243877,3,0.797269,7.019799,6.540959,0.000000,0.000000,0.000000
magnetic_field_uncalibrated,287045249030429,287045253272900,3,24.736002,-18.046001,-133.853012,7.779000,23.680000,-125.219009
gyroscope_uncalibrated,287045249030429,287045253665283,3,-0.249233,-0.194255,-0.670119,0.004887,0.003665,0.000000
accelerometer_uncalibrated,287045249030429,287045253778760,3,0.672771,6.950367,6.361394,0.000000,0.000000,0.000000
magnetic_field_uncalibrated,287045257038398,287045262171650,3,24.703001,-18.507000,-134.175003,7.786000,23.719002,-125.219009
gyroscope_uncalibrated,287045257038398,287045263574619,3,-0.308487,-0.091019,-0.692721,0.004887,0.003665,0.000000
accelerometer_uncalibrated,287045257038398,287045263749658,3,0.572214,6.902483,6.275203,0.000000,0.000000,0.000000
magnetic_field_uncalibrated,287045265047929,287045269046299,3,23.320002,-18.283001,-135.138000,7.785000,23.718000,-125.219009
gyroscope_uncalibrated,287045265047929,287045269223799,3,-0.372628,-0.000611,-0.698219,0.004887,0.003665,0.000000
accelerometer_uncalibrated,287045265047929,287045269316768,3,0.361524,6.876147,6.229713,0.000000,0.000000,0.000000
magnetic_field_uncalibrated,287045273055742,287045276648447,3,22.568001,-19.089001,-135.562012,7.785000,23.718000,-125.220009
gyroscope_uncalibrated,287045273055742,287045276850166,3,-0.421497,0.050091,-0.693943,0.004887,0.003665,0.000000
accelerometer_uncalibrated,287045273055742,287045276952861,3,0.184354,6.842628,6.232107,0.000000,0.000000,0.000000
accelerometer_uncalibrated,287045281066210,287045284595830,3,0.033519,6.794744,6.253655,0.000000,0.000000,0.000000
magnetic_field_uncalibrated,287045281066210,287045284944893,3,24.383001,-19.817001,-134.275009,7.786000,23.719002,-125.219009
gyroscope_uncalibrated,287045281066210,287045285030596,3,-0.481362,0.086743,-0.675617,0.004887,0.003665,0.000000
magnetic_field_uncalibrated,287045289073125,287045292317080,3,26.122002,-18.181002,-133.214005,7.837000,23.555000,-125.219009
gyroscope_uncalibrated,287045289073125,287045292505791,3,-0.533896,0.091630,-0.646906,0.004887,0.003665,0.000000
accelerometer_uncalibrated,287045289073125,287045292625947,3,0.011971,6.777985,6.368577,0.000000,0.000000,0.000000
magnetic_field_uncalibrated,287045297084179,287045301405244,3,26.691002,-16.403000,-135.061005,7.837000,23.556002,-125.220009
gyroscope_uncalibrated,287045297084179,287045301708955,3,-0.568716,0.056200,-0.620639,0.004887,0.003665,0.000000
accelerometer_uncalibrated,287045297084179,287045302665947,3,0.011971,6.763620,6.521805,0.000000,0.000000,0.000000
magnetic_field_uncalibrated,287045305093281,287045309569658,3,26.249001,-17.645000,-136.780014,7.838000,23.555000,-125.220009
gyroscope_uncalibrated,287045305093281,287045309842783,3,-0.580933,0.031154,-0.607811,0.004887,0.003665,0.000000
accelerometer_uncalibrated,287045305093281,287045309987510,3,0.028730,6.715736,6.622362,0.000000,0.000000,0.000000
magnetic_field_uncalibrated,287045313101015,287045317123018,3,24.138000,-18.117001,-135.792007,7.780000,23.650002,-125.219009
gyroscope_uncalibrated,287045313101015,287045317336221,3,-0.587652,0.004276,-0.609644,0.004887,0.003665,0.000000
accelerometer_uncalibrated,287045313101015,287045317430518,3,0.047884,6.643910,6.722919,0.000000,0.000000,0.000000
accelerometer_uncalibrated,287045321109687,287045325387002,3,0.055067,6.596025,6.792350,0.000000,0.000000,0.000000
magnetic_field_uncalibrated,287045321109687,287045325680596,3,25.163002,-16.733002,-134.941010,7.780000,23.651001,-125.219009
gyroscope_uncalibrated,287045321109687,287045325781377,3,-0.582155,-0.009163,-0.621861,0.004887,0.003665,0.000000
magnetic_field_uncalibrated,287045329116601,287045332678291,3,26.063002,-17.019001,-136.134003,7.781000,23.533001,-125.220009
gyroscope_uncalibrated,287045329116601,287045332855244,3,-0.579711,0.013439,-0.637132,0.004887,0.003665,0.000000
accelerometer_uncalibrated,287045329116601,287045332945908,3,0.081403,6.584054,6.665458,0.000000,0.000000,0.000000
magnetic_field_uncalibrated,287045337124843,287045340585440,3,25.329000,-17.464001,-137.422012,7.756001,23.523001,-125.219009
gyroscope_uncalibrated,287045337124843,287045340797510,3,-0.593761,0.064141,-0.656069,0.004887,0.003665,0.000000
accelerometer_uncalibrated,287045337124843,287045340903955,3,0.079009,6.550536,6.500257,0.000000,0.000000,0.000000
magnetic_field_uncalibrated,287045345133984,287045348637744,3,26.434002,-16.536001,-137.434006,7.756001,23.522001,-125.220009
gyroscope_uncalibrated,287045345133984,287045348824111,3,-0.634689,0.150884,-0.676839,0.004887,0.003665,0.000000
accelerometer_uncalibrated,287045345133984,287045348917315,3,0.033519,6.459556,6.392519,0.000000,0.000000,0.000000
magnetic_field_uncalibrated,287045353143007,287045357457041,3,26.291000,-15.439001,-135.170013,7.756001,23.522001,-125.220009
gyroscope_uncalibrated,287045353143007,287045357731611,3,-0.699441,0.191812,-0.693943,0.004887,0.003665,0.000000
accelerometer_uncalibrated,287045353143007,287045357877744,3,0.047884,6.423643,6.421249,0.000000,0.000000,0.000000
magnetic_field_uncalibrated,287045361150859,287045365225400,3,25.530001,-16.511002,-134.297012,7.755001,23.522001,-125.220009
gyroscope_uncalibrated,287045361150859,287045365450010,3,-0.750143,0.180816,-0.702495,0.004887,0.003665,0.000000
accelerometer_uncalibrated,287045361150859,287045365564932,3,0.074220,6.438008,6.533776,0.000000,0.000000,0.000000
magnetic_field_uncalibrated,287045369160664,287045372398252,3,26.446001,-16.609001,-134.950012,7.769001,23.381001,-125.219009
gyroscope_uncalibrated,287045369160664,287045372591885,3,-0.803288,0.142332,-0.706160,0.004887,0.003665,0.000000
accelerometer_uncalibrated,287045369160664,287045372700361,3,0.071826,6.469133,6.730101,0.000000,0.000000,0.000000
magnetic_field_uncalibrated,287045377173085,287045381691104,3,27.096001,-15.371000,-136.687012,7.769001,23.381001,-125.219009
gyroscope_uncalibrated,287045377173085,287045382004697,3,-0.833220,0.080023,-0.712269,0.004887,0.003665,0.000000
accelerometer_uncalibrated,287045377173085,287045382175400,3,0.040701,6.418855,7.026982,0.000000,0.000000,0.000000
magnetic_field_uncalibrated,287045385184570,287045388675557,3,27.084002,-15.555000,-136.686005,7.740000,23.357000,-125.219009
gyroscope_uncalibrated,287045385184570,287045388878096,3,-0.830166,-0.004276,-0.720210,0.004887,0.003665,0.000000
accelerometer_uncalibrated,287045385184570,287045388976104,3,-0.038307,6.339846,7.395689,0.000000,0.000000,0.000000
magnetic_field_uncalibrated,287045393193476,287045397978525,3,27.432001,-15.609001,-136.149002,7.740000,23.357000,-125.220009
gyroscope_uncalibrated,287045393193476,287045398270596,3,-0.811840,-0.059865,-0.728151,0.004887,0.003665,0.000000
accelerometer_uncalibrated,287045393193476,287045398386963,3,-0.143652,6.253655,7.654263,0.000000,0.000000,0.000000
magnetic_field_uncalibrated,287045401201992,287045404848408,3,28.158001,-15.172001,-135.939011,7.740000,23.357000,-125.219009
gyroscope_uncalibrated,287045401201992,287045405110635,3,-0.768468,-0.110567,-0.737925,0.004887,0.003665,0.000000
accelerometer_uncalibrated,287045401201992,287045405319775,3,-0.323217,6.179435,7.843405,0.000000,0.000000,0.000000
magnetic_field_uncalibrated,287045409206835,287045413989971,3,28.184002,-14.803000,-135.725006,7.740000,23.357000,-125.219009
gyroscope_uncalibrated,287045409206835,287045414240713,3,-0.715934,-0.125838,-0.742201,0.004887,0.003665,0.000000
accelerometer_uncalibrated,287045409206835,287045414369971,3,-0.469264,6.131551,7.879318,0.000000,0.000000,0.000000
magnetic_field_uncalibrated,287045417207031,287045421852236,3,28.797001,-14.287001,-135.839005,7.832000,23.220001,-125.219009
gyroscope_uncalibrated,287045417207031,287045422146416,3,-0.686613,-0.061087,-0.734871,0.004887,0.003665,0.000000
accelerometer_uncalibrated,287045417207031,287045422541025,3,-0.567426,6.083666,7.668628,0.000000,0.000000,0.000000
magnetic_field_uncalibrated,287045425212968,287045430001299,3,28.310001,-14.524001,-136.807007,7.831000,23.219002,-125.220009
gyroscope_uncalibrated,287045425212968,287045430305908,3,-0.690889,0.051313,-0.725708,0.004887,0.003665,0.000000
accelerometer_uncalibrated,287045425212968,287045430467705,3,-0.677559,5.966351,7.359776,0.000000,0.000000,0.000000
magnetic_field_uncalibrated,287045433218085,287045437638525,3,28.189001,-14.540001,-137.454010,7.855000,23.148001,-125.220009
gyroscope_uncalibrated,287045433218085,287045438015830,3,-0.742201,0.242514,-0.706771,0.004887,0.003665,0.000000
accelerometer_uncalibrated,287045433218085,287045438128291,3,-0.854730,5.798757,7.120356,0.000000,0.000000,0.000000
magnetic_field_uncalibrated,287045441222343,287045445746533,3,29.190001,-13.609000,-135.737000,7.855000,23.149000,-125.220009
gyroscope_uncalibrated,287045441222343,287045446012432,3,-0.825279,0.442877,-0.659734,0.004887,0.003665,0.000000
accelerometer_uncalibrated,287045441222343,287045446201885,3,-1.036689,5.683835,7.012617,0.000000,0.000000,0.000000
magnetic_field_uncalibrated,287045449225859,287045453944072,3,28.602001,-13.671000,-136.380005,7.887001,23.076000,-125.219009
gyroscope_uncalibrated,287045449225859,287045454216260,3,-0.900415,0.638965,-0.611476,0.004887,0.003665,0.000000
accelerometer_uncalibrated,287045449225859,287045454362197,3,-1.285686,5.600038,7.010222,0.000000,0.000000,0.000000
magnetic_field_uncalibrated,287045457226914,287045462434033,3,27.962002,-14.384001,-138.208008,7.887001,23.077002,-125.219009
gyroscope_uncalibrated,287045457226914,287045462756260,3,-1.001819,0.777021,-0.530842,0.004887,0.003665,0.000000
accelerometer_uncalibrated,287045457226914,287045463217275,3,-1.537078,5.511452,7.101202,0.000000,0.000000,0.000000
magnetic_field_uncalibrated,287045465230898,287045469187783,3,29.139002,-14.089001,-138.433014,7.911000,22.927002,-125.219009
gyroscope_uncalibrated,287045465230898,287045469347783,3,-1.091005,0.921796,-0.431271,0.004887,0.003665,0.000000
accelerometer_uncalibrated,287045465230898,287045469423760,3,-1.668759,5.427655,7.345411,0.000000,0.000000,0.000000
magnetic_field_uncalibrated,287045473233437,287045477372158,3,31.383001,-13.504001,-138.019012,7.911000,22.927002,-125.220009
gyroscope_uncalibrated,287045473233437,287045477574971,3,-1.153924,1.017091,-0.335976,0.004887,0.003665,0.000000
accelerometer_uncalibrated,287045473233437,287045477691690,3,-1.707066,5.374983,7.630321,0.000000,0.000000,0.000000
magnetic_field_uncalibrated,287045481238398,287045484533525,3,31.475002,-13.774001,-138.774002,7.917000,22.961000,-125.219009
gyroscope_uncalibrated,287045481238398,287045484693174,3,-1.181413,1.062295,-0.274278,0.004887,0.003665,0.000000
accelerometer_uncalibrated,287045481238398,287045484782432,3,-1.723825,5.305551,7.869741,0.000000,0.000000,0.000000
magnetic_field_uncalibrated,287045489244140,287045493310440,3,29.712002,-13.957001,-140.597000,7.918000,22.961000,-125.220009
gyroscope_uncalibrated,287045489244140,287045493525049,3,-1.191187,1.092227,-0.205251,0.004887,0.003665,0.000000
accelerometer_uncalibrated,287045489244140,287045493632236,3,-1.692701,5.238513,8.106767,0.000000,0.000000,0.000000
magnetic_field_uncalibrated,287045497248750,287045501410713,3,29.972002,-13.479001,-141.141006,7.918000,22.961000,-125.220009
gyroscope_uncalibrated,287045497248750,287045501609893,3,-1.177137,1.106277,-0.158214,0.004887,0.003665,0.000000
accelerometer_uncalibrated,287045497248750,287045501915674,3,-1.687912,5.228937,8.173804,0.000000,0.000000,0.000000
magnetic_field_uncalibrated,287045505255390,287045509271416,3,31.787001,-12.214001,-142.130005,7.918000,22.961000,-125.220009
gyroscope_uncalibrated,287045505255390,287045509505791,3,-1.169196,1.171029,-0.125838,0.004887,0.003665,0.000000
accelerometer_uncalibrated,287045505255390,287045509617744,3,-1.695095,5.190629,8.037335,0.000000,0.000000,0.000000
gyroscope_uncalibrated,287045513258750,287045516930049,3,-1.182024,1.253495,-0.107512,0.004887,0.003665,0.000000
accelerometer_uncalibrated,287045513258750,287045517199619,3,-1.752556,5.087678,7.862558,0.000000,0.000000,0.000000
magnetic_field_uncalibrated,287045513258750,287045517424229,3,31.407001,-12.793000,-141.261002,7.854001,23.066002,-125.220009
magnetic_field_uncalibrated,287045521264375,287045525600947,3,30.436001,-13.779000,-138.227005,7.854001,23.067001,-125.219009
gyroscope_uncalibrated,287045521264375,287045525857393,3,-1.227839,1.382999,-0.083078,0.004887,0.003665,0.000000
accelerometer_uncalibrated,287045521264375,287045525988799,3,-1.838747,4.955997,7.793127,0.000000,0.000000,0.000000
magnetic_field_uncalibrated,287045529267226,287045532714932,3,31.429001,-12.772000,-138.454010,7.855000,23.066002,-125.219009
gyroscope_uncalibrated,287045529267226,287045532952354,3,-1.298089,1.530217,-0.061087,0.004887,0.003665,0.000000
accelerometer_uncalibrated,287045529267226,287045533069111,3,-1.939303,4.850653,7.735666,0.000000,0.000000,0.000000
magnetic_field_uncalibrated,287045537272695,287045541285947,3,31.823002,-11.921000,-139.864014,7.910000,22.902000,-125.220009
gyroscope_uncalibrated,287045537272695,287045541518291,3,-1.383610,1.689653,-0.032987,0.004887,0.003665,0.000000
accelerometer_uncalibrated,287045537272695,287045541638330,3,-2.099715,4.776433,7.685388,0.000000,0.000000,0.000000
magnetic_field_uncalibrated,287045545280390,287045549203174,3,31.992001,-11.086000,-140.192001,7.879000,22.901001,-125.219009
gyroscope_uncalibrated,287045545280390,287045549435674,3,-1.453859,1.805718,-0.009163,0.004887,0.003665,0.000000
accelerometer_uncalibrated,287045545280390,287045549549580,3,-2.363077,4.675876,7.690176,0.000000,0.000000,0.000000
magnetic_field_uncalibrated,287045553288359,287045557432354,3,32.535000,-10.021001,-139.013000,7.879000,22.901001,-125.220009
gyroscope_uncalibrated,287045553288359,287045557698291,3,-1.535715,1.922393,0.021380,0.004887,0.003665,0.000000
accelerometer_uncalibrated,287045553288359,287045557824971,3,-2.552219,4.596867,7.848193,0.000000,0.000000,0.000000
magnetic_field_uncalibrated,287045561297656,287045565431416,3,31.768002,-11.185000,-138.139008,7.767000,22.928001,-125.219009
gyroscope_uncalibrated,287045561297656,287045565702744,3,-1.597413,1.962710,0.055589,0.004887,0.003665,0.000000
accelerometer_uncalibrated,287045561297656,287045565850557,3,-2.729390,4.527435,8.125920,0.000000,0.000000,0.000000
magnetic_field_uncalibrated,287045569305468,287045573062002,3,32.035000,-12.349001,-138.676010,7.767000,22.928001,-125.220009
gyroscope_uncalibrated,287045569305468,287045573285010,3,-1.624291,1.958434,0.080634,0.004887,0.003665,0.000000
accelerometer_uncalibrated,287045569305468,287045573403252,3,-2.844312,4.517859,8.348581,0.000000,0.000000,0.000000
magnetic_field_uncalibrated,287045577312968,287045581743877,3,33.145000,-11.329000,-138.687012,7.766000,22.928001,-125.219009
gyroscope_uncalibrated,287045577312968,287045582081494,3,-1.616349,1.937665,0.109956,0.004887,0.003665,0.000000
accelerometer_uncalibrated,287045577312968,287045582234619,3,-2.952051,4.448427,8.595184,0.000000,0.000000,0.000000
gyroscope_uncalibrated,287045585319648,287045589733643,3,-1.558928,1.907732,0.117897,0.004887,0.003665,0.000000
accelerometer_uncalibrated,287045585319648,287045590025830,3,-3.050213,4.374207,8.789114,0.000000,0.000000,0.000000
magnetic_field_uncalibrated,287045585319648,287045590279307,3,33.601002,-11.466001,-138.473999,7.766000,22.928001,-125.220009
magnetic_field_uncalibrated,287045593327812,287045597860752,3,33.731003,-11.185000,-139.232010,7.767000,22.928001,-125.220009
gyroscope_uncalibrated,287045593327812,287045598155244,3,-1.467298,1.868637,0.104458,0.004887,0.003665,0.000000
accelerometer_uncalibrated,287045593327812,287045598633096,3,-3.122039,4.338294,8.860941,0.000000,0.000000,0.000000
magnetic_field_uncalibrated,287045601333632,287045604757627,3,33.880001,-10.626000,-139.775009,7.767000,22.928001,-125.220009
gyroscope_uncalibrated,287045601333632,287045604947627,3,-1.390940,1.850311,0.074526,0.004887,0.003665,0.000000
accelerometer_uncalibrated,287045601333632,287045605055361,3,-3.100491,4.323928,8.803479,0.000000,0.000000,0.000000
magnetic_field_uncalibrated,287045609337773,287045612337588,3,33.820004,-11.543000,-139.555008,7.766000,22.928001,-125.220009
gyroscope_uncalibrated,287045609337773,287045612506924,3,-1.307863,1.863750,0.005498,0.004887,0.003665,0.000000
accelerometer_uncalibrated,287045609337773,287045612597080,3,-3.088520,4.264073,8.535329,0.000000,0.000000,0.000000
gyroscope_uncalibrated,287045617343085,287045621420400,3,-1.250441,1.905900,-0.089797,0.004887,0.003665,0.000000
accelerometer_uncalibrated,287045617343085,287045621755244,3,-3.169923,4.156334,8.355764,0.000000,0.000000,0.000000
magnetic_field_uncalibrated,287045617343085,287045621887236,3,33.656002,-12.203001,-140.199005,7.767000,22.928001,-125.220009
magnetic_field_uncalibrated,287045625347500,287045629473369,3,33.904003,-11.822001,-141.497009,7.767000,22.928001,-125.219009
gyroscope_uncalibrated,287045625347500,287045629733291,3,-1.219898,1.919949,-0.181427,0.004887,0.003665,0.000000
accelerometer_uncalibrated,287045625347500,287045629854346,3,-3.414132,4.058172,8.248025,0.000000,0.000000,0.000000
magnetic_field_uncalibrated,287045633350976,287045637807588,3,34.087002,-10.801001,-141.611008,7.767000,22.928001,-125.220009
gyroscope_uncalibrated,287045633350976,287045638138447,3,-1.209513,1.892461,-0.233961,0.004887,0.003665,0.000000
accelerometer_uncalibrated,287045633350976,287045638293838,3,-3.643975,4.043807,8.288726,0.000000,0.000000,0.000000
magnetic_field_uncalibrated,287045641354023,287045645754033,3,34.372002,-11.862000,-140.529007,7.767000,22.928001,-125.220009
gyroscope_uncalibrated,287045641354023,287045646057940,3,-1.186300,1.797166,-0.265726,0.004887,0.003665,0.000000
accelerometer_uncalibrated,287045641354023,287045646221221,3,-3.837905,3.998317,8.528147,0.000000,0.000000,0.000000
magnetic_field_uncalibrated,287045649359296,287045655489541,3,35.174000,-12.140000,-139.237000,7.767000,22.928001,-125.219009
gyroscope_uncalibrated,287045649359296,287045656045869,3,-1.133155,1.656667,-0.265726,0.004887,0.003665,0.000000
accelerometer_uncalibrated,287045649359296,287045656339932,3,-3.931279,3.979163,8.927979,0.000000,0.000000,0.000000
magnetic_field_uncalibrated,287045657363867,287045663007549,3,35.006001,-11.239000,-138.592010,7.766000,22.928001,-125.219009
gyroscope_uncalibrated,287045657363867,287045663524775,3,-1.069014,1.543046,-0.261450,0.004887,0.003665,0.000000
accelerometer_uncalibrated,287045657363867,287045663688213,3,-3.940856,3.909731,9.260772,0.000000,0.000000,0.000000
magnetic_field_uncalibrated,287045665365039,287045669170947,3,34.669003,-10.918000,-140.211014,7.767000,22.928001,-125.220009
gyroscope_uncalibrated,287045665365039,287045669402783,3,-0.938289,1.377501,-0.264505,0.004887,0.003665,0.000000
accelerometer_uncalibrated,287045665365039,287045669516690,3,-3.979163,3.809175,9.634268,0.000000,0.000000,0.000000
magnetic_field_uncalibrated,287045673368164,287045677179619,3,34.957001,-9.982000,-140.972000,7.766000,22.928001,-125.219009
gyroscope_uncalibrated,287045673368164,287045677391221,3,-0.743423,1.185079,-0.284663,0.004887,0.003665,0.000000
accelerometer_uncalibrated,287045673368164,287045677492041,3,-4.072537,3.835511,9.988609,0.000000,0.000000,0.000000
magnetic_field_uncalibrated,287045681372031,287045685693565,3,35.302002,-10.124001,-140.002014,7.766000,22.929001,-125.219009
gyroscope_uncalibrated,287045681372031,287045685930791,3,-0.507018,0.962113,-0.313985,0.004887,0.003665,0.000000
accelerometer_uncalibrated,287045681372031,287045686046338,3,-4.201824,3.921702,10.132261,0.000000,0.000000,0.000000
magnetic_field_uncalibrated,287045689377265,287045692408135,3,35.905003,-9.877001,-139.036011,7.767000,22.928001,-125.220009
gyroscope_uncalibrated,287045689377265,287045692572822,3,-0.332922,0.782518,-0.338419,0.004887,0.003665,0.000000
accelerometer_uncalibrated,287045689377265,287045692659815,3,-4.378995,4.003105,10.086772,0.000000,0.000000,0.000000
gyroscope_uncalibrated,287045697383671,287045701897354,3,-0.119119,0.532674,-0.364687,0.004887,0.003665,0.000000
accelerometer_uncalibrated,287045697383671,287045702215127,3,-4.618415,4.036624,9.866506,0.000000,0.000000,0.000000
magnetic_field_uncalibrated,287045697383671,287045702430791,3,35.820004,-9.513000,-138.065002,7.766000,22.928001,-125.220009
magnetic_field_uncalibrated,287045705388242,287045710440830,3,36.489002,-9.733001,-139.688004,7.766000,22.928001,-125.220009
gyroscope_uncalibrated,287045705388242,287045710738018,3,0.071471,0.291994,-0.375682,0.004887,0.003665,0.000000
accelerometer_uncalibrated,287045705388242,287045711031338,3,-4.886566,4.043807,9.581595,0.000000,0.000000,0.000000
gyroscope_uncalibrated,287045713395546,287045717141025,3,0.220522,0.073304,-0.359800,0.004887,0.003665,0.000000
accelerometer_uncalibrated,287045713395546,287045717331299,3,-5.171476,4.067749,9.232041,0.000000,0.000000,0.000000
magnetic_field_uncalibrated,287045713395546,287045717403057,3,37.147003,-10.136001,-141.202011,7.766000,22.928001,-125.219009
magnetic_field_uncalibrated,287045721404570,287045726023291,3,36.294003,-10.853001,-140.438004,7.767000,22.928001,-125.220009
gyroscope_uncalibrated,287045721404570,287045726335713,3,0.304211,-0.075747,-0.324980,0.004887,0.003665,0.000000
accelerometer_uncalibrated,287045721404570,287045726404424,3,-5.363012,4.065354,8.932767,0.000000,0.000000,0.000000
magnetic_field_uncalibrated,287045729413828,287045733789815,3,37.129002,-10.670000,-138.825012,7.767000,22.928001,-125.220009
gyroscope_uncalibrated,287045729413828,287045734008135,3,0.384234,-0.250455,-0.257785,0.004887,0.003665,0.000000
accelerometer_uncalibrated,287045729413828,287045734125127,3,-5.485116,4.055778,8.645462,0.000000,0.000000,0.000000
magnetic_field_uncalibrated,287045737420312,287045742454736,3,38.715000,-9.424001,-139.272003,7.767000,22.928001,-125.219009
gyroscope_uncalibrated,287045737420312,287045742606338,3,0.428217,-0.394619,-0.178984,0.004887,0.003665,0.000000
accelerometer_uncalibrated,287045737420312,287045742673916,3,-5.494693,4.039018,8.456321,0.000000,0.000000,0.000000
magnetic_field_uncalibrated,287045745424960,287045749457979,3,38.567001,-9.810000,-140.241013,7.767000,22.928001,-125.219009
gyroscope_uncalibrated,287045745424960,287045749623643,3,0.448986,-0.484416,-0.119730,0.004887,0.003665,0.000000
accelerometer_uncalibrated,287045745424960,287045749716338,3,-5.461174,4.036624,8.408437,0.000000,0.000000,0.000000
magnetic_field_uncalibrated,287045753432812,287045757009971,3,37.880001,-11.428000,-140.122009,7.766000,22.928001,-125.219009
gyroscope_uncalibrated,287045753432812,287045757216416,3,0.477697,-0.597426,-0.044593,0.004887,0.003665,0.000000
accelerometer_uncalibrated,287045753432812,287045757310596,3,-5.410896,4.067749,8.477868,0.000000,0.000000,0.000000
magnetic_field_uncalibrated,287045761437539,287045765358994,3,36.379002,-11.388000,-139.788010,7.767000,22.928001,-125.219009
gyroscope_uncalibrated,287045761437539,287045765577900,3,0.516181,-0.692110,0.025045,0.004887,0.003665,0.000000
accelerometer_uncalibrated,287045761437539,287045765726455,3,-5.341464,4.103662,8.578424,0.000000,0.000000,0.000000
magnetic_field_uncalibrated,287045769441914,287045772583057,3,36.760002,-10.980000,-138.929001,8.100000,22.928001,-125.220009
gyroscope_uncalibrated,287045769441914,287045772783057,3,0.571770,-0.762971,0.086132,0.004887,0.003665,0.000000
accelerometer_uncalibrated,287045769441914,287045772861572,3,-5.176264,4.151546,8.621520,0.000000,0.000000,0.000000
magnetic_field_uncalibrated,287045777445351,287045781014190,3,37.570004,-11.165001,-137.314011,8.099000,22.928001,-125.219009
gyroscope_uncalibrated,287045777445351,287045781222744,3,0.613920,-0.792903,0.120951,0.004887,0.003665,0.000000
accelerometer_uncalibrated,287045777445351,287045781336572,3,-5.015852,4.137180,8.604761,0.000000,0.000000,0.000000
magnetic_field_uncalibrated,287045785449687,287045789044190,3,37.252003,-10.652000,-137.962006,8.072001,22.928001,-125.220009
gyroscope_uncalibrated,287045785449687,287045789229463,3,0.670730,-0.807564,0.161268,0.004887,0.003665,0.000000
accelerometer_uncalibrated,287045785449687,287045789333955,3,-4.814740,4.106056,8.516175,0.000000,0.000000,0.000000
accelerometer_uncalibrated,287045793449765,287045797265049,3,-4.668694,4.094085,8.365341,0.000000,0.000000,0.000000
magnetic_field_uncalibrated,287045793449765,287045797558252,3,37.547001,-11.101001,-141.093002,8.072001,22.928001,-125.220009
gyroscope_uncalibrated,287045793449765,287045797671690,3,0.720210,-0.789238,0.194866,0.004887,0.003665,0.000000
magnetic_field_uncalibrated,287045801451601,287045806123408,3,36.202003,-12.146001,-141.295013,8.073000,22.928001,-125.219009
gyroscope_uncalibrated,287045801451601,287045806604658,3,0.751975,-0.747088,0.224188,0.004887,0.003665,0.000000
accelerometer_uncalibrated,287045801451601,287045806804932,3,-4.539406,4.103662,8.097190,0.000000,0.000000,0.000000
magnetic_field_uncalibrated,287045809455585,287045813432588,3,35.492001,-10.746000,-140.109009,8.072001,22.928001,-125.220009
gyroscope_uncalibrated,287045809455585,287045813631572,3,0.759916,-0.705549,0.249233,0.004887,0.003665,0.000000
accelerometer_uncalibrated,287045809455585,287045813751377,3,-4.453215,4.141969,7.833828,0.000000,0.000000,0.000000
magnetic_field_uncalibrated,287045817460546,287045820885010,3,37.103001,-9.218000,-139.694000,8.072001,22.928001,-125.219009
gyroscope_uncalibrated,287045817460546,287045821067940,3,0.748310,-0.655458,0.279776,0.004887,0.003665,0.000000
accelerometer_uncalibrated,287045817460546,287045821166377,3,-4.386178,4.187459,7.570466,0.000000,0.000000,0.000000
magnetic_field_uncalibrated,287045825462773,287045829783760,3,36.337002,-10.381001,-138.713013,8.072001,22.928001,-125.220009
gyroscope_uncalibrated,287045825462773,287045830059190,3,0.719599,-0.607811,0.314596,0.004887,0.003665,0.000000
accelerometer_uncalibrated,287045825462773,287045830193604,3,-4.323928,4.247314,7.314286,0.000000,0.000000,0.000000
magnetic_field_uncalibrated,287045833463710,287045837065283,3,34.741001,-11.808001,-137.940002,8.072001,22.928001,-125.219009
gyroscope_uncalibrated,287045833463710,287045837252783,3,0.678060,-0.572992,0.351858,0.004887,0.003665,0.000000
accelerometer_uncalibrated,287045833463710,287045837352979,3,-4.199430,4.299986,7.220912,0.000000,0.000000,0.000000
magnetic_field_uncalibrated,287045841467539,287045845520166,3,35.483002,-11.013000,-138.920013,8.073000,22.928001,-125.219009
gyroscope_uncalibrated,287045841467539,287045845771690,3,0.645074,-0.571770,0.370184,0.004887,0.003665,0.000000
accelerometer_uncalibrated,287045841467539,287045845901182,3,-3.986346,4.352659,7.168240,0.000000,0.000000,0.000000
magnetic_field_uncalibrated,287045849472460,287045853875322,3,35.545002,-9.921000,-140.437012,8.073000,22.928001,-125.220009
gyroscope_uncalibrated,287045849472460,287045854213096,3,0.605978,-0.584598,0.380569,0.004887,0.003665,0.000000
accelerometer_uncalibrated,287045849472460,287045854411533,3,-3.833117,4.405331,7.163452,0.000000,0.000000,0.000000
magnetic_field_uncalibrated,287045857475937,287045863952627,3,34.638000,-11.377001,-140.209000,8.072001,22.928001,-125.220009
gyroscope_uncalibrated,287045857475937,287045864184854,3,0.571159,-0.598037,0.373239,0.004887,0.003665,0.000000
accelerometer_uncalibrated,287045857475937,287045864300400,3,-3.648763,4.465186,7.177817,0.000000,0.000000,0.000000
magnetic_field_uncalibrated,287045865477539,287045869718565,3,34.587002,-12.286000,-138.909012,8.073000,22.928001,-125.220009
gyroscope_uncalibrated,287045865477539,287045870006572,3,0.544281,-0.594983,0.357356,0.004887,0.003665,0.000000
accelerometer_uncalibrated,287045865477539,287045870157822,3,-3.519476,4.484340,7.096414,0.000000,0.000000,0.000000
magnetic_field_uncalibrated,287045873483203,287045877560830,3,34.071003,-11.417001,-138.045013,8.072001,22.928001,-125.219009
gyroscope_uncalibrated,287045873483203,287045877901221,3,0.497244,-0.577268,0.332922,0.004887,0.003665,0.000000
accelerometer_uncalibrated,287045873483203,287045878108760,3,-3.342306,4.441244,7.026982,0.000000,0.000000,0.000000
magnetic_field_uncalibrated,287045881484531,287045885075752,3,33.408001,-10.934001,-138.042999,8.072001,22.928001,-125.219009
gyroscope_uncalibrated,287045881484531,287045885283643,3,0.439212,-0.550390,0.307265,0.004887,0.003665,0.000000
accelerometer_uncalibrated,287045881484531,287045885418916,3,-3.196259,4.371812,7.029376,0.000000,0.000000,0.000000
magnetic_field_uncalibrated,287045889487890,287045893565596,3,34.072002,-11.331000,-138.802002,8.073000,22.928001,-125.220009
gyroscope_uncalibrated,287045889487890,287045893824619,3,0.374460,-0.507018,0.285274,0.004887,0.003665,0.000000
accelerometer_uncalibrated,287045889487890,287045893968213,3,-3.026271,4.276044,6.998251,0.000000,0.000000,0.000000
magnetic_field_uncalibrated,287045897489804,287045901495479,3,33.487003,-11.389001,-139.013000,8.073000,22.928001,-125.219009
gyroscope_uncalibrated,287045897489804,287045901760830,3,0.326202,-0.469755,0.273057,0.004887,0.003665,0.000000
accelerometer_uncalibrated,287045897489804,287045901895518,3,-2.923320,4.216189,7.101202,0.000000,0.000000,0.000000
magnetic_field_uncalibrated,287045905491640,287045916230166,3,33.689003,-11.827001,-139.121002,8.073000,22.928001,-125.220009
gyroscope_uncalibrated,287045905491640,287045917180830,3,0.276722,-0.439823,0.257174,0.004887,0.003665,0.000000
accelerometer_uncalibrated,287045905491640,287045917352627,3,-2.837129,4.201824,7.264008,0.000000,0.000000,0.000000
magnetic_field_uncalibrated,287045913494296,287045920094424,3,33.884003,-12.529000,-137.716003,8.073000,22.928001,-125.220009
gyroscope_uncalibrated,287045913494296,287045920212002,3,0.240681,-0.436158,0.245568,0.004887,0.003665,0.000000
accelerometer_uncalibrated,287045913494296,287045920318955,3,-2.808398,4.216189,7.405266,0.000000,0.000000,0.000000
magnetic_field_uncalibrated,287045921497031,287045925765518,3,33.562000,-12.106001,-138.039001,8.072001,22.928001,-125.219009
gyroscope_uncalibrated,287045921497031,287045925978252,3,0.212581,-0.472810,0.235794,0.004887,0.003665,0.000000
accelerometer_uncalibrated,287045921497031,287045926086768,3,-2.794033,4.254497,7.560889,0.000000,0.000000,0.000000
gyroscope_uncalibrated,287045929501679,287045933561729,3,0.200975,-0.524122,0.233351,0.004887,0.003665,0.000000
accelerometer_uncalibrated,287045929501679,287045933854580,3,-2.796427,4.319140,7.783550,0.000000,0.000000,0.000000
magnetic_field_uncalibrated,287045929501679,287045933969502,3,33.631001,-12.571001,-140.305008,8.073000,22.928001,-125.220009
magnetic_field_uncalibrated,287045937507265,287045941918252,3,32.781002,-13.198001,-139.865005,8.072001,22.928001,-125.220009
gyroscope_uncalibrated,287045937507265,287045942150283,3,0.200975,-0.612087,0.231518,0.004887,0.003665,0.000000
accelerometer_uncalibrated,287045937507265,287045942235166,3,-2.829947,4.412514,7.936779,0.000000,0.000000,0.000000
magnetic_field_uncalibrated,287045945512734,287045949526377,3,33.522003,-12.489000,-140.089005,8.072001,22.928001,-125.220009
gyroscope_uncalibrated,287045945512734,287045949762354,3,0.213192,-0.695165,0.233351,0.004887,0.003665,0.000000
accelerometer_uncalibrated,287045945512734,287045949853135,3,-2.865860,4.517859,8.111555,0.000000,0.000000,0.000000
gyroscope_uncalibrated,287045953517812,287045958595713,3,0.229074,-0.756251,0.230907,0.004887,0.003665,0.000000
accelerometer_uncalibrated,287045953517812,287045959020518,3,-2.901772,4.580108,8.295909,0.000000,0.000000,0.000000
magnetic_field_uncalibrated,287045953517812,287045959174697,3,33.293003,-12.507001,-139.439011,8.072001,22.928001,-125.219009
magnetic_field_uncalibrated,287045961521953,287045964736611,3,32.127003,-12.706000,-138.675003,8.073000,22.928001,-125.220009
gyroscope_uncalibrated,287045961521953,287045964891729,3,0.251676,-0.822225,0.235794,0.004887,0.003665,0.000000
accelerometer_uncalibrated,287045961521953,287045964957744,3,-2.928109,4.616021,8.432379,0.000000,0.000000,0.000000
magnetic_field_uncalibrated,287045969523632,287045972921924,3,32.473003,-12.761001,-138.353012,8.072001,22.928001,-125.219009
gyroscope_uncalibrated,287045969523632,287045973102432,3,0.268781,-0.852157,0.249844,0.004887,0.003665,0.000000
accelerometer_uncalibrated,287045969523632,287045973194697,3,-2.925714,4.654328,8.504205,0.000000,0.000000,0.000000
magnetic_field_uncalibrated,287045977526406,287045982074697,3,32.539001,-13.487000,-138.567001,8.072001,22.928001,-125.220009
gyroscope_uncalibrated,287045977526406,287045983158369,3,0.283441,-0.848492,0.268781,0.004887,0.003665,0.000000
accelerometer_uncalibrated,287045977526406,287045983346299,3,-2.825158,4.671088,8.657434,0.000000,0.000000,0.000000
magnetic_field_uncalibrated,287045985531445,287045990921025,3,32.870003,-13.643001,-139.432007,8.072001,22.928001,-125.220009
gyroscope_uncalibrated,287045985531445,287045991164815,3,0.296270,-0.835053,0.280387,0.004887,0.003665,0.000000
accelerometer_uncalibrated,287045985531445,287045991246963,3,-2.679112,4.666299,8.755595,0.000000,0.000000,0.000000
magnetic_field_uncalibrated,287045993538984,287045997233565,3,31.489002,-13.588000,-138.559006,8.072001,22.928001,-125.219009
gyroscope_uncalibrated,287045993538984,287045997431885,3,0.309098,-0.788016,0.296270,0.004887,0.003665,0.000000
accelerometer_uncalibrated,287045993538984,287045997529033,3,-2.487576,4.651934,8.767567,0.000000,0.000000,0.000000
magnetic_field_uncalibrated,287046001544023,287046005473760,3,30.945002,-13.006001,-139.098007,8.072001,22.928001,-125.220009
gyroscope_uncalibrated,287046001544023,287046005720166,3,0.315206,-0.700662,0.309709,0.004887,0.003665,0.000000
accelerometer_uncalibrated,287046001544023,287046005835400,3,-2.305616,4.651934,8.746018,0.000000,0.000000,0.000000
magnetic_field_uncalibrated,287046009547070,287046012781299,3,33.365002,-13.055000,-140.517014,8.072001,22.928001,-125.219009
gyroscope_uncalibrated,287046009547070,287046013147861,3,0.320093,-0.610254,0.318261,0.004887,0.003665,0.000000
accelerometer_uncalibrated,287046009547070,287046013288838,3,-2.092532,4.661511,8.760384,0.000000,0.000000,0.000000
magnetic_field_uncalibrated,287046017551757,287046021882471,3,33.832001,-13.009001,-140.520004,8.073000,22.928001,-125.219009
gyroscope_uncalibrated,287046017551757,287046022144072,3,0.324980,-0.557109,0.321926,0.004887,0.003665,0.000000
accelerometer_uncalibrated,287046017551757,287046022285674,3,-1.951274,4.663905,8.753201,0.000000,0.000000,0.000000
gyroscope_uncalibrated,287046025555585,287046029408174,3,0.332311,-0.516181,0.327424,0.004887,0.003665,0.000000
magnetic_field_uncalibrated,287046025555585,287046029753174,3,33.873001,-12.453001,-139.875000,8.072001,22.928001,-125.219009
accelerometer_uncalibrated,287046025555585,287046030257080,3,-1.833959,4.716578,8.781932,0.000000,0.000000,0.000000
magnetic_field_uncalibrated,287046033560429,287046038195791,3,32.854000,-12.182000,-139.114014,8.072001,22.928001,-125.220009
gyroscope_uncalibrated,287046033560429,287046038481260,3,0.362243,-0.552833,0.328645,0.004887,0.003665,0.000000
accelerometer_uncalibrated,287046033560429,287046038610869,3,-1.721431,4.781221,8.971074,0.000000,0.000000,0.000000
magnetic_field_uncalibrated,287046041564101,287046044594775,3,31.019001,-13.551001,-139.852005,8.072001,22.928001,-125.220009
gyroscope_uncalibrated,287046041564101,287046044753135,3,0.403171,-0.629191,0.328035,0.004887,0.003665,0.000000
accelerometer_uncalibrated,287046041564101,287046044839619,3,-1.709460,4.843470,9.102755,0.000000,0.000000,0.000000
magnetic_field_uncalibrated,287046049569765,287046053845479,3,31.441002,-14.066001,-140.932007,8.073000,22.928001,-125.220009
gyroscope_uncalibrated,287046049569765,287046054139815,3,0.477086,-0.763582,0.329867,0.004887,0.003665,0.000000
accelerometer_uncalibrated,287046049569765,287046054240010,3,-1.709460,4.929661,9.136273,0.000000,0.000000,0.000000
magnetic_field_uncalibrated,287046057576523,287046062679580,3,32.417000,-13.417001,-140.077011,8.072001,22.928001,-125.219009
gyroscope_uncalibrated,287046057576523,287046063097588,3,0.560163,-0.901637,0.337198,0.004887,0.003665,0.000000
accelerometer_uncalibrated,287046057576523,287046063218057,3,-1.742979,4.987122,9.112331,0.000000,0.000000,0.000000
magnetic_field_uncalibrated,287046065583984,287046069188330,3,32.160000,-13.893001,-139.210007,8.073000,22.928001,-125.219009
gyroscope_uncalibrated,287046065583984,287046069384502,3,0.632246,-1.005484,0.351858,0.004887,0.003665,0.000000
accelerometer_uncalibrated,287046065583984,287046069449424,3,-1.762132,5.037400,8.932767,0.000000,0.000000,0.000000
magnetic_field_uncalibrated,287046073592851,287046077510986,3,30.776001,-13.755001,-139.525009,8.072001,22.928001,-125.219009
gyroscope_uncalibrated,287046073592851,287046077705166,3,0.673173,-1.031751,0.371406,0.004887,0.003665,0.000000
accelerometer_uncalibrated,287046073592851,287046077794736,3,-1.754950,5.066131,8.695741,0.000000,0.000000,0.000000
magnetic_field_uncalibrated,287046081600859,287046085397979,3,30.548002,-13.687000,-139.632004,8.072001,22.928001,-125.220009
gyroscope_uncalibrated,287046081600859,287046085613565,3,0.695776,-1.007928,0.401949,0.004887,0.003665,0.000000
accelerometer_uncalibrated,287046081600859,287046085705674,3,-1.699883,5.102044,8.410830,0.000000,0.000000,0.000000
magnetic_field_uncalibrated,287046089609296,287046093005557,3,30.375002,-14.698001,-138.223007,8.073000,22.928001,-125.219009
gyroscope_uncalibrated,287046089609296,287046093230205,3,0.689667,-0.940732,0.439823,0.004887,0.003665,0.000000
accelerometer_uncalibrated,287046089609296,287046093347705,3,-1.599327,5.135562,8.214506,0.000000,0.000000,0.000000
magnetic_field_uncalibrated,287046097614882,287046102289736,3,30.442001,-15.337001,-139.085007,8.072001,22.928001,-125.220009
gyroscope_uncalibrated,287046097614882,287046102639424,3,0.660345,-0.857655,0.474031,0.004887,0.003665,0.000000
accelerometer_uncalibrated,287046097614882,287046102788916,3,-1.472434,5.212177,8.013393,0.000000,0.000000,0.000000
magnetic_field_uncalibrated,287046105623046,287046109679307,3,31.904001,-14.024001,-141.367004,8.072001,22.928001,-125.219009
gyroscope_uncalibrated,287046105623046,287046109880596,3,0.632856,-0.792292,0.496023,0.004887,0.003665,0.000000
accelerometer_uncalibrated,287046105623046,287046109966455,3,-1.316811,5.312734,7.869741,0.000000,0.000000,0.000000
magnetic_field_uncalibrated,287046113628632,287046117089775,3,31.269001,-13.169001,-140.827011,8.072001,22.928001,-125.220009
gyroscope_uncalibrated,287046113628632,287046117232197,3,0.591318,-0.708604,0.513127,0.004887,0.003665,0.000000
accelerometer_uncalibrated,287046113628632,287046117301221,3,-1.115698,5.442020,7.790732,0.000000,0.000000,0.000000
magnetic_field_uncalibrated,287046121631054,287046124960674,3,30.272001,-14.439001,-138.871002,8.073000,22.928001,-125.219009
gyroscope_uncalibrated,287046121631054,287046125116455,3,0.554666,-0.651182,0.510072,0.004887,0.003665,0.000000
accelerometer_uncalibrated,287046121631054,287046125197900,3,-0.976834,5.561730,7.759608,0.000000,0.000000,0.000000
magnetic_field_uncalibrated,287046129635234,287046133381729,3,29.481001,-15.970001,-137.888000,8.072001,22.928001,-125.219009
gyroscope_uncalibrated,287046129635234,287046133649541,3,0.533896,-0.626748,0.498466,0.004887,0.003665,0.000000
accelerometer_uncalibrated,287046129635234,287046133754893,3,-0.828394,5.657499,7.738060,0.000000,0.000000,0.000000
magnetic_field_uncalibrated,287046137641406,287046141743291,3,28.531002,-16.163000,-139.392014,8.073000,22.928001,-125.219009
gyroscope_uncalibrated,287046137641406,287046142116377,3,0.512516,-0.605978,0.470977,0.004887,0.003665,0.000000
accelerometer_uncalibrated,287046137641406,287046142324190,3,-0.715866,5.801151,7.654263,0.000000,0.000000,0.000000
magnetic_field_uncalibrated,287046145644570,287046150045518,3,28.113001,-15.388000,-140.257004,8.073000,22.928001,-125.220009
gyroscope_uncalibrated,287046145644570,287046150271650,3,0.496633,-0.602313,0.431882,0.004887,0.003665,0.000000
accelerometer_uncalibrated,287046145644570,287046150364932,3,-0.663194,5.856217,7.582437,0.000000,0.000000,0.000000
magnetic_field_uncalibrated,287046153646250,287046159982471,3,28.511002,-14.619000,-140.262009,8.072001,22.928001,-125.219009
gyroscope_uncalibrated,287046153646250,287046160290908,3,0.474642,-0.609644,0.390954,0.004887,0.003665,0.000000
accelerometer_uncalibrated,287046153646250,287046160419111,3,-0.677559,5.942409,7.498640,0.000000,0.000000,0.000000
magnetic_field_uncalibrated,287046161646835,287046171153369,3,28.616001,-14.705001,-141.018005,8.072001,22.928001,-125.219009
gyroscope_uncalibrated,287046161646835,287046171592705,3,0.461814,-0.623083,0.361632,0.004887,0.003665,0.000000
accelerometer_uncalibrated,287046161646835,287046171745869,3,-0.735020,6.019023,7.417237,0.000000,0.000000,0.000000
magnetic_field_uncalibrated,287046169649414,287046174709541,3,26.964001,-15.226001,-140.358002,8.073000,22.928001,-125.220009
gyroscope_uncalibrated,287046169649414,287046174799619,3,0.438601,-0.647517,0.334754,0.004887,0.003665,0.000000
accelerometer_uncalibrated,287046169649414,287046175120049,3,-0.799663,6.045359,7.328651,0.000000,0.000000,0.000000
magnetic_field_uncalibrated,287046177652148,287046182143447,3,27.084002,-15.211000,-139.927002,8.073000,22.928001,-125.220009
gyroscope_uncalibrated,287046177652148,287046182427510,3,0.406836,-0.684169,0.318872,0.004887,0.003665,0.000000
accelerometer_uncalibrated,287046177652148,287046182513721,3,-0.756568,6.050148,7.335834,0.000000,0.000000,0.000000
magnetic_field_uncalibrated,287046185654648,287046190194229,3,27.023001,-16.216002,-139.058014,8.072001,22.928001,-125.219009
gyroscope_uncalibrated,287046185654648,287046190501729,3,0.390343,-0.774577,0.305433,0.004887,0.003665,0.000000
accelerometer_uncalibrated,287046185654648,287046190796182,3,-0.584185,6.004658,7.642292,0.000000,0.000000,0.000000
magnetic_field_uncalibrated,287046193656210,287046198348135,3,26.874001,-16.773001,-138.407013,8.072001,22.929001,-125.219009
gyroscope_uncalibrated,287046193656210,287046198703916,3,0.403171,-0.861931,0.291994,0.004887,0.003665,0.000000
accelerometer_uncalibrated,287046193656210,287046198808760,3,-0.469264,5.947197,7.852982,0.000000,0.000000,0.000000
magnetic_field_uncalibrated,287046201659570,287046205716338,3,27.482002,-16.264000,-139.277008,8.073000,22.928001,-125.219009
gyroscope_uncalibrated,287046201659570,287046205992041,3,0.442266,-0.960891,0.271224,0.004887,0.003665,0.000000
accelerometer_uncalibrated,287046201659570,287046206334268,3,-0.390255,5.889736,7.967903,0.000000,0.000000,0.000000
magnetic_field_uncalibrated,287046209661601,287046214048486,3,27.503002,-15.900001,-139.711014,8.072001,22.928001,-125.220009
gyroscope_uncalibrated,287046209661601,287046214301533,3,0.486249,-1.006706,0.244346,0.004887,0.003665,0.000000
accelerometer_uncalibrated,287046209661601,287046214370322,3,-0.373495,5.880159,7.970297,0.000000,0.000000,0.000000
magnetic_field_uncalibrated,287046217663359,287046221803252,3,28.058001,-16.300001,-139.389008,8.072001,22.928001,-125.220009
gyroscope_uncalibrated,287046217663359,287046222052744,3,0.507018,-1.006706,0.229685,0.004887,0.003665,0.000000
accelerometer_uncalibrated,287046217663359,287046222142588,3,-0.402226,5.880159,7.896077,0.000000,0.000000,0.000000
magnetic_field_uncalibrated,287046225666757,287046229932666,3,27.960001,-16.121000,-138.525009,8.072001,22.928001,-125.219009
gyroscope_uncalibrated,287046225666757,287046230186963,3,0.509462,-0.965167,0.220522,0.004887,0.003665,0.000000
accelerometer_uncalibrated,287046225666757,287046230314541,3,-0.447716,5.896919,7.735666,0.000000,0.000000,0.000000
magnetic_field_uncalibrated,287046233667148,287046240392197,3,27.127001,-14.654000,-139.065002,8.072001,22.928001,-125.219009
gyroscope_uncalibrated,287046233667148,287046240681768,3,0.492968,-0.867429,0.226631,0.004887,0.003665,0.000000
accelerometer_uncalibrated,287046233667148,287046240814736,3,-0.445322,5.887342,7.575254,0.000000,0.000000,0.000000
magnetic_field_uncalibrated,287046241671718,287046246007393,3,26.147001,-15.391001,-139.596008,8.072001,22.928001,-125.220009
gyroscope_uncalibrated,287046241671718,287046246191104,3,0.445932,-0.734871,0.240070,0.004887,0.003665,0.000000
accelerometer_uncalibrated,287046241671718,287046246267041,3,-0.428562,5.863400,7.374141,0.000000,0.000000,0.000000
magnetic_field_uncalibrated,287046249674726,287046254109111,3,25.750002,-16.159000,-139.374008,8.073000,22.928001,-125.220009
gyroscope_uncalibrated,287046249674726,287046254306143,3,0.397673,-0.621861,0.251066,0.004887,0.003665,0.000000
accelerometer_uncalibrated,287046249674726,287046254552549,3,-0.387861,5.856217,7.247249,0.000000,0.000000,0.000000
magnetic_field_uncalibrated,287046257677421,287046261952002,3,25.172001,-16.124001,-139.478012,8.073000,22.928001,-125.219009
gyroscope_uncalibrated,287046257677421,287046262091572,3,0.324369,-0.486860,0.274278,0.004887,0.003665,0.000000
accelerometer_uncalibrated,287046257677421,287046262159697,3,-0.320823,5.911284,7.228095,0.000000,0.000000,0.000000
magnetic_field_uncalibrated,287046265679179,287046270082783,3,25.128000,-16.682001,-140.339005,8.072001,22.928001,-125.219009
gyroscope_uncalibrated,287046265679179,287046270280010,3,0.255342,-0.376293,0.293826,0.004887,0.003665,0.000000
accelerometer_uncalibrated,287046265679179,287046270353721,3,-0.227449,5.983110,7.299921,0.000000,0.000000,0.000000
gyroscope_uncalibrated,287046273680000,287046277924072,3,0.198531,-0.282831,0.302378,0.004887,0.003665,0.000000
magnetic_field_uncalibrated,287046273680000,287046278266963,3,25.476002,-16.650002,-140.666000,8.072001,22.928001,-125.220009
accelerometer_uncalibrated,287046273680000,287046278477119,3,-0.086191,6.078878,7.357382,0.000000,0.000000,0.000000
magnetic_field_uncalibrated,287046281681875,287046285657510,3,25.514002,-16.097000,-140.452011,8.072001,22.928001,-125.219009
gyroscope_uncalibrated,287046281681875,287046285877041,3,0.164323,-0.222966,0.294437,0.004887,0.003665,0.000000
accelerometer_uncalibrated,287046281681875,287046285943018,3,0.050278,6.145916,7.395689,0.000000,0.000000,0.000000
magnetic_field_uncalibrated,287046289685351,287046293522354,3,25.365002,-16.742001,-139.153000,8.073000,22.928001,-125.220009
gyroscope_uncalibrated,287046289685351,287046293687549,3,0.120951,-0.168599,0.268781,0.004887,0.003665,0.000000
accelerometer_uncalibrated,287046289685351,287046293795479,3,0.205901,6.229713,7.448361,0.000000,0.000000,0.000000
magnetic_field_uncalibrated,287046297687968,287046301503330,3,25.102001,-17.223001,-138.933014,8.072001,22.928001,-125.219009
gyroscope_uncalibrated,287046297687968,287046301671846,3,0.087965,-0.128282,0.233961,0.004887,0.003665,0.000000
accelerometer_uncalibrated,287046297687968,287046301740361,3,0.287304,6.299145,7.489063,0.000000,0.000000,0.000000
magnetic_field_uncalibrated,287046305690507,287046309784346,3,25.164001,-16.131001,-140.450012,8.072001,22.928001,-125.220009
gyroscope_uncalibrated,287046305690507,287046309971025,3,0.058643,-0.083078,0.186314,0.004887,0.003665,0.000000
accelerometer_uncalibrated,287046305690507,287046310052080,3,0.356736,6.347029,7.453150,0.000000,0.000000,0.000000
magnetic_field_uncalibrated,287046313694453,287046317242822,3,25.520000,-16.092001,-139.697006,8.072001,22.928001,-125.220009
gyroscope_uncalibrated,287046313694453,287046317428643,3,0.034819,-0.040928,0.149051,0.004887,0.003665,0.000000
accelerometer_uncalibrated,287046313694453,287046317510244,3,0.371101,6.344635,7.395689,0.000000,0.000000,0.000000
magnetic_field_uncalibrated,287046321696171,287046325087432,3,26.049002,-16.948000,-138.833008,8.073000,22.928001,-125.220009
gyroscope_uncalibrated,287046321696171,287046325249346,3,-0.000611,0.021380,0.098960,0.004887,0.003665,0.000000
accelerometer_uncalibrated,287046321696171,287046325315947,3,0.344765,6.339846,7.333440,0.000000,0.000000,0.000000
magnetic_field_uncalibrated,287046329697929,287046332577783,3,25.951002,-16.682001,-138.725006,8.072001,22.929001,-125.219009
gyroscope_uncalibrated,287046329697929,287046332752354,3,-0.038485,0.080634,0.059254,0.004887,0.003665,0.000000
accelerometer_uncalibrated,287046329697929,287046332825986,3,0.251391,6.320693,7.359776,0.000000,0.000000,0.000000
magnetic_field_uncalibrated,287046337701210,287046341661377,3,26.192001,-16.566000,-138.512009,8.072001,22.928001,-125.220009
gyroscope_uncalibrated,287046337701210,287046341875244,3,-0.061697,0.122784,0.037263,0.004887,0.003665,0.000000
accelerometer_uncalibrated,287046337701210,287046341956768,3,0.158017,6.308722,7.417237,0.000000,0.000000,0.000000
magnetic_field_uncalibrated,287046345705546,287046349594580,3,26.917002,-17.866001,-138.511002,8.072001,22.928001,-125.220009
gyroscope_uncalibrated,287046345705546,287046349878291,3,-0.080634,0.168599,0.020769,0.004887,0.003665,0.000000
accelerometer_uncalibrated,287046345705546,287046349996963,3,0.014365,6.268020,7.460332,0.000000,0.000000,0.000000
magnetic_field_uncalibrated,287046353710117,287046357966885,3,25.992001,-17.690001,-139.801010,8.072001,22.928001,-125.220009
gyroscope_uncalibrated,287046353710117,287046358156221,3,-0.087965,0.204640,0.018326,0.004887,0.003665,0.000000
accelerometer_uncalibrated,287046353710117,287046358252002,3,-0.086191,6.220136,7.529764,0.000000,0.000000,0.000000
magnetic_field_uncalibrated,287046361710585,287046365602705,3,25.317001,-17.390001,-139.798004,8.072001,22.928001,-125.220009
gyroscope_uncalibrated,287046361710585,287046365756065,3,-0.081856,0.209527,0.019548,0.004887,0.003665,0.000000
accelerometer_uncalibrated,287046361710585,287046365838955,3,-0.172383,6.174646,7.630321,0.000000,0.000000,0.000000
magnetic_field_uncalibrated,287046369711289,287046372850361,3,25.579000,-16.910002,-140.017014,8.072001,22.928001,-125.219009
gyroscope_uncalibrated,287046369711289,287046372999932,3,-0.069028,0.189979,0.025045,0.004887,0.003665,0.000000
accelerometer_uncalibrated,287046369711289,287046373070244,3,-0.208296,6.157887,7.702147,0.000000,0.000000,0.000000
magnetic_field_uncalibrated,287046377715546,287046381510479,3,25.713001,-16.624001,-140.127014,8.072001,22.928001,-125.219009
gyroscope_uncalibrated,287046377715546,287046381712275,3,-0.043982,0.149051,0.038485,0.004887,0.003665,0.000000
accelerometer_uncalibrated,287046377715546,287046381845010,3,-0.203507,6.100426,7.721301,0.000000,0.000000,0.000000
magnetic_field_uncalibrated,287046385717968,287046390949893,3,26.027000,-17.141001,-140.127014,8.073000,22.928001,-125.219009
gyroscope_uncalibrated,287046385717968,287046391181182,3,-0.016493,0.103847,0.050091,0.004887,0.003665,0.000000
accelerometer_uncalibrated,287046385717968,287046391260361,3,-0.184354,6.059724,7.718906,0.000000,0.000000,0.000000
magnetic_field_uncalibrated,287046393718906,287046396443408,3,26.401001,-16.653000,-140.888000,8.072001,22.929001,-125.220009
gyroscope_uncalibrated,287046393718906,287046396643525,3,0.012217,0.050702,0.060476,0.004887,0.003665,0.000000
accelerometer_uncalibrated,287046393718906,287046396720400,3,-0.155623,6.011840,7.671022,0.000000,0.000000,0.000000
magnetic_field_uncalibrated,287046401719453,287046404551885,3,25.936001,-16.870001,-139.156006,8.073000,22.928001,-125.219009
gyroscope_uncalibrated,287046401719453,287046404737627,3,0.030543,0.012828,0.069639,0.004887,0.003665,0.000000
accelerometer_uncalibrated,287046401719453,287046404829697,3,-0.143652,5.968745,7.587225,0.000000,0.000000,0.000000
magnetic_field_uncalibrated,287046409722734,287046411871416,3,26.329000,-16.278000,-138.298004,8.073000,22.928001,-125.220009
gyroscope_uncalibrated,287046409722734,287046412045361,3,0.041539,-0.028100,0.086743,0.004887,0.003665,0.000000
accelerometer_uncalibrated,287046409722734,287046412157940,3,-0.114922,5.966351,7.479486,0.000000,0.000000,0.000000
magnetic_field_uncalibrated,287046417728125,287046421136885,3,26.226002,-16.104000,-138.082001,8.072001,22.928001,-125.220009
gyroscope_uncalibrated,287046417728125,287046421343760,3,0.040317,-0.061697,0.103847,0.004887,0.003665,0.000000
accelerometer_uncalibrated,287046417728125,287046421453018,3,-0.057461,5.925649,7.400477,0.000000,0.000000,0.000000
magnetic_field_uncalibrated,287046425733554,287046430109697,3,25.031002,-16.675001,-137.856003,8.073000,22.928001,-125.220009
gyroscope_uncalibrated,287046425733554,287046430355596,3,0.031154,-0.077580,0.116675,0.004887,0.003665,0.000000
accelerometer_uncalibrated,287046425733554,287046430462041,3,0.035913,5.901707,7.352593,0.000000,0.000000,0.000000
magnetic_field_uncalibrated,287046433740585,287046445322979,3,25.126001,-16.856001,-139.042999,8.072001,22.928001,-125.220009
magnetic_field_uncalibrated,287046441745000,287046445632510,3,23.917002,-17.612001,-139.032013,8.072001,22.928001,-125.220009
gyroscope_uncalibrated,287046433740585,287046445772080,3,0.014050,-0.081245,0.129503,0.004887,0.003665,0.000000
gyroscope_uncalibrated,287046441745000,287046445885205,3,-0.004276,-0.075136,0.133779,0.004887,0.003665,0.000000
accelerometer_uncalibrated,287046433740585,287046446003604,3,0.114922,5.887342,7.340622,0.000000,0.000000,0.000000
accelerometer_uncalibrated,287046441745000,287046446091572,3,0.158017,5.920861,7.343017,0.000000,0.000000,0.000000
magnetic_field_uncalibrated,287046449753476,287046455575479,3,23.026001,-17.060001,-139.136002,8.072001,22.928001,-125.219009
gyroscope_uncalibrated,287046449753476,287046455829111,3,-0.024435,-0.066584,0.132558,0.004887,0.003665,0.000000
accelerometer_uncalibrated,287046449753476,287046455964150,3,0.193930,5.949591,7.388506,0.000000,0.000000,0.000000
magnetic_field_uncalibrated,287046457759687,287046461760283,3,23.383001,-16.847000,-139.787003,8.072001,22.928001,-125.219009
gyroscope_uncalibrated,287046457759687,287046461936221,3,-0.038485,-0.055589,0.126449,0.004887,0.003665,0.000000
accelerometer_uncalibrated,287046457759687,287046462200596,3,0.196325,5.978322,7.395689,0.000000,0.000000,0.000000
magnetic_field_uncalibrated,287046465763242,287046469675830,3,24.291000,-17.211000,-139.036011,8.072001,22.928001,-125.220009
gyroscope_uncalibrated,287046465763242,287046469889072,3,-0.059865,-0.025045,0.115454,0.004887,0.003665,0.000000
accelerometer_uncalibrated,287046465763242,287046469991768,3,0.155623,6.014235,7.419631,0.000000,0.000000,0.000000
magnetic_field_uncalibrated,287046473764726,287046478593643,3,24.861002,-17.253000,-140.011002,8.072001,22.928001,-125.219009
gyroscope_uncalibrated,287046473764726,287046478817979,3,-0.076969,0.009163,0.114232,0.004887,0.003665,0.000000
accelerometer_uncalibrated,287046473764726,287046479189619,3,0.107739,6.016629,7.472303,0.000000,0.000000,0.000000
magnetic_field_uncalibrated,287046481768125,287046487213525,3,24.861002,-17.253000,-140.011002,8.072001,22.928001,-125.219009
gyroscope_uncalibrated,287046481768125,287046487936572,3,-0.092852,0.032376,0.113621,0.004887,0.003665,0.000000
accelerometer_uncalibrated,287046481768125,287046488494190,3,0.047884,6.030994,7.551312,0.000000,0.000000,0.000000
magnetic_field_uncalibrated,287046489770156,287046493141260,3,25.160002,-16.308001,-139.477005,8.073000,22.928001,-125.219009
gyroscope_uncalibrated,287046489770156,287046493306690,3,-0.103236,0.041539,0.119730,0.004887,0.003665,0.000000
accelerometer_uncalibrated,287046489770156,287046493400518,3,0.011971,6.023811,7.596802,0.000000,0.000000,0.000000
magnetic_field_uncalibrated,287046497775546,287046503174346,3,25.172001,-16.124001,-139.478012,8.073000,22.928001,-125.219009
gyroscope_uncalibrated,287046497775546,287046503398330,3,-0.109345,0.043982,0.130725,0.004887,0.003665,0.000000
accelerometer_uncalibrated,287046497775546,287046503505596,3,0.026336,6.030994,7.649475,0.000000,0.000000,0.000000
magnetic_field_uncalibrated,287046505779843,287046509638486,3,24.117001,-16.145000,-140.983002,8.073000,22.928001,-125.220009
gyroscope_uncalibrated,287046505779843,287046509847510,3,-0.105680,0.029322,0.134390,0.004887,0.003665,0.000000
accelerometer_uncalibrated,287046505779843,287046509935361,3,0.040701,6.038177,7.726089,0.000000,0.000000,0.000000
magnetic_field_uncalibrated,287046513785976,287046517459932,3,23.859001,-16.449001,-141.735001,8.072001,22.928001,-125.219009
gyroscope_uncalibrated,287046513785976,287046517683994,3,-0.101404,0.012217,0.136834,0.004887,0.003665,0.000000
accelerometer_uncalibrated,287046513785976,287046517794658,3,0.033519,6.040571,7.773973,0.000000,0.000000,0.000000
magnetic_field_uncalibrated,287046521788632,287046526135127,3,24.036001,-17.340000,-141.085007,8.072001,22.928001,-125.220009
gyroscope_uncalibrated,287046521788632,287046526408760,3,-0.094073,-0.023213,0.136223,0.004887,0.003665,0.000000
accelerometer_uncalibrated,287046521788632,287046526551143,3,0.062249,6.052542,7.795521,0.000000,0.000000,0.000000
magnetic_field_uncalibrated,287046529791015,287046533540400,3,24.040001,-17.337000,-140.653000,8.073000,22.928001,-125.219009
gyroscope_uncalibrated,287046529791015,287046533849229,3,-0.084910,-0.048258,0.133779,0.004887,0.003665,0.000000
accelerometer_uncalibrated,287046529791015,287046534011690,3,0.093374,6.054936,7.797915,0.000000,0.000000,0.000000
magnetic_field_uncalibrated,287046537792304,287046541971065,3,25.159000,-16.309000,-139.585007,8.073000,22.928001,-125.219009
gyroscope_uncalibrated,287046537792304,287046542331299,3,-0.079412,-0.054978,0.129503,0.004887,0.003665,0.000000
accelerometer_uncalibrated,287046537792304,287046542505674,3,0.131681,6.030994,7.788338,0.000000,0.000000,0.000000
magnetic_field_uncalibrated,287046545791718,287046549555244,3,25.473001,-16.654001,-141.097000,8.073000,22.928001,-125.219009
gyroscope_uncalibrated,287046545791718,287046549922822,3,-0.076969,-0.054978,0.120951,0.004887,0.003665,0.000000
accelerometer_uncalibrated,287046545791718,287046550056963,3,0.129287,6.009446,7.785944,0.000000,0.000000,0.000000
magnetic_field_uncalibrated,287046553791210,287046557634893,3,24.177002,-16.962000,-141.088013,8.072001,22.928001,-125.220009
gyroscope_uncalibrated,287046553791210,287046557851104,3,-0.080023,-0.049480,0.114843,0.004887,0.003665,0.000000
accelerometer_uncalibrated,287046553791210,287046557968213,3,0.100556,5.992687,7.764396,0.000000,0.000000,0.000000
gyroscope_uncalibrated,287046561793203,287046566252940,3,-0.086132,-0.029932,0.113010,0.004887,0.003665,0.000000
accelerometer_uncalibrated,287046561793203,287046566637197,3,0.086191,5.963956,7.766790,0.000000,0.000000,0.000000
magnetic_field_uncalibrated,287046561793203,287046566788721,3,23.604002,-16.923000,-140.652008,8.073000,22.928001,-125.220009
magnetic_field_uncalibrated,287046569795859,287046573375166,3,24.286001,-17.215000,-139.684006,8.072001,22.928001,-125.220009
gyroscope_uncalibrated,287046569795859,287046573616807,3,-0.098960,0.006109,0.117286,0.004887,0.003665,0.000000
accelerometer_uncalibrated,287046569795859,287046573715908,3,0.064643,5.913678,7.730877,0.000000,0.000000,0.000000
magnetic_field_uncalibrated,287046577798085,287046581809541,3,24.209002,-16.845001,-137.741013,8.072001,22.928001,-125.219009
gyroscope_uncalibrated,287046577798085,287046582048447,3,-0.108123,0.033598,0.125227,0.004887,0.003665,0.000000
accelerometer_uncalibrated,287046577798085,287046582220322,3,0.088585,5.884948,7.735666,0.000000,0.000000,0.000000
gyroscope_uncalibrated,287046585801601,287046589549736,3,-0.127671,0.073915,0.129503,0.004887,0.003665,0.000000
accelerometer_uncalibrated,287046585801601,287046589760986,3,0.131681,5.868188,7.726089,0.000000,0.000000,0.000000
magnetic_field_uncalibrated,287046585801601,287046589925869,3,23.809002,-17.529001,-138.708008,8.072001,22.928001,-125.220009
magnetic_field_uncalibrated,287046593806289,287046597864932,3,24.144001,-17.510000,-140.653000,8.072001,22.928001,-125.219009
gyroscope_uncalibrated,287046593806289,287046598089541,3,-0.147829,0.127060,0.140499,0.004887,0.003665,0.000000
accelerometer_uncalibrated,287046593806289,287046598230283,3,0.210690,5.875371,7.692570,0.000000,0.000000,0.000000
magnetic_field_uncalibrated,287046601809257,287046606453643,3,23.768002,-17.913000,-140.865005,8.072001,22.928001,-125.220009
gyroscope_uncalibrated,287046601809257,287046606762197,3,-0.167377,0.172875,0.141110,0.004887,0.003665,0.000000
accelerometer_uncalibrated,287046601809257,287046607122979,3,0.284910,5.877765,7.671022,0.000000,0.000000,0.000000
magnetic_field_uncalibrated,287046609811054,287046613459385,3,23.890001,-17.897001,-140.218002,8.073000,22.928001,-125.220009
gyroscope_uncalibrated,287046609811054,287046613726494,3,-0.196088,0.235794,0.133779,0.004887,0.003665,0.000000
accelerometer_uncalibrated,287046609811054,287046613845596,3,0.330400,5.889736,7.661446,0.000000,0.000000,0.000000
gyroscope_uncalibrated,287046617813164,287046622271143,3,-0.218079,0.289550,0.121562,0.004887,0.003665,0.000000
magnetic_field_uncalibrated,287046617813164,287046622660635,3,24.171001,-17.226002,-139.575012,8.073000,22.928001,-125.220009
accelerometer_uncalibrated,287046617813164,287046623190479,3,0.347159,5.904101,7.632715,0.000000,0.000000,0.000000
magnetic_field_uncalibrated,287046625815546,287046631139111,3,23.061001,-18.159000,-140.211014,8.072001,22.928001,-125.219009
gyroscope_uncalibrated,287046625815546,287046631536182,3,-0.244957,0.320093,0.110567,0.004887,0.003665,0.000000
accelerometer_uncalibrated,287046625815546,287046631723447,3,0.330400,5.923255,7.642292,0.000000,0.000000,0.000000
magnetic_field_uncalibrated,287046633817617,287046638088916,3,22.623001,-17.833000,-139.670013,8.072001,22.928001,-125.219009
gyroscope_uncalibrated,287046633817617,287046638343135,3,-0.264505,0.328035,0.099571,0.004887,0.003665,0.000000
accelerometer_uncalibrated,287046633817617,287046638496260,3,0.270545,5.937620,7.661446,0.000000,0.000000,0.000000
magnetic_field_uncalibrated,287046641822656,287046646000244,3,23.379002,-17.109001,-137.951004,8.073000,22.928001,-125.220009
gyroscope_uncalibrated,287046641822656,287046646252002,3,-0.277944,0.309709,0.091630,0.004887,0.003665,0.000000
accelerometer_uncalibrated,287046641822656,287046646354072,3,0.208296,5.928043,7.793127,0.000000,0.000000,0.000000
magnetic_field_uncalibrated,287046649825781,287046653291768,3,24.330002,-16.658001,-138.823013,8.073000,22.928001,-125.220009
gyroscope_uncalibrated,287046649825781,287046653523916,3,-0.280387,0.271224,0.086132,0.004887,0.003665,0.000000
accelerometer_uncalibrated,287046649825781,287046653628174,3,0.155623,5.918467,7.896077,0.000000,0.000000,0.000000
magnetic_field_uncalibrated,287046657824570,287046664955596,3,24.434002,-16.573000,-141.307007,8.073000,22.928001,-125.220009
gyroscope_uncalibrated,287046657824570,287046665225049,3,-0.266948,0.229685,0.087354,0.004887,0.003665,0.000000
accelerometer_uncalibrated,287046657824570,287046665871338,3,0.086191,5.896919,7.960721,0.000000,0.000000,0.000000
magnetic_field_uncalibrated,287046665824218,287046669825518,3,24.608002,-17.382000,-141.844009,8.073000,22.928001,-125.219009
gyroscope_uncalibrated,287046665824218,287046670081690,3,-0.254120,0.204029,0.092241,0.004887,0.003665,0.000000
accelerometer_uncalibrated,287046665824218,287046670200830,3,0.057461,5.870583,7.996634,0.000000,0.000000,0.000000
magnetic_field_uncalibrated,287046673823437,287046677596885,3,24.700001,-17.909000,-140.223007,8.072001,22.928001,-125.219009
gyroscope_uncalibrated,287046673823437,287046677885322,3,-0.237016,0.163712,0.102625,0.004887,0.003665,0.000000
accelerometer_uncalibrated,287046673823437,287046677969775,3,0.062249,5.839458,8.051701,0.000000,0.000000,0.000000
magnetic_field_uncalibrated,287046681821132,287046685593291,3,23.936001,-17.250000,-139.789001,8.073000,22.928001,-125.219009
gyroscope_uncalibrated,287046681821132,287046685825947,3,-0.219911,0.125838,0.109956,0.004887,0.003665,0.000000
accelerometer_uncalibrated,287046681821132,287046685902471,3,0.069432,5.827487,8.109161,0.000000,0.000000,0.000000
magnetic_field_uncalibrated,287046689825859,287046693599111,3,24.130001,-16.046001,-140.011002,8.072001,22.928001,-125.219009
gyroscope_uncalibrated,287046689825859,287046693852080,3,-0.205862,0.111788,0.119730,0.004887,0.003665,0.000000
accelerometer_uncalibrated,287046689825859,287046693953447,3,0.052672,5.805939,8.135497,0.000000,0.000000,0.000000
magnetic_field_uncalibrated,287046697828945,287046701282979,3,24.611002,-15.815001,-139.800003,8.073000,22.928001,-125.220009
gyroscope_uncalibrated,287046697828945,287046701439541,3,-0.186314,0.118508,0.127060,0.004887,0.003665,0.000000
accelerometer_uncalibrated,287046697828945,287046701507979,3,0.033519,5.793968,8.176199,0.000000,0.000000,0.000000
magnetic_field_uncalibrated,287046705831757,287046709858447,3,23.505001,-16.659000,-140.652008,8.072001,22.928001,-125.219009
gyroscope_uncalibrated,287046705831757,287046710177236,3,-0.164934,0.140499,0.131336,0.004887,0.003665,0.000000
accelerometer_uncalibrated,287046705831757,287046710291807,3,-0.004788,5.777209,8.171411,0.000000,0.000000,0.000000
magnetic_field_uncalibrated,287046713831562,287046717777510,3,23.085001,-17.707001,-141.077011,8.072001,22.928001,-125.219009
gyroscope_uncalibrated,287046713831562,287046718018486,3,-0.147829,0.164323,0.138056,0.004887,0.003665,0.000000
accelerometer_uncalibrated,287046713831562,287046718146885,3,-0.071826,5.784391,8.157045,0.000000,0.000000,0.000000
magnetic_field_uncalibrated,287046721835273,287046725688213,3,23.877001,-17.995001,-141.081009,8.072001,22.928001,-125.219009
gyroscope_uncalibrated,287046721835273,287046725896924,3,-0.139888,0.176540,0.147829,0.004887,0.003665,0.000000
accelerometer_uncalibrated,287046721835273,287046726008565,3,-0.146046,5.789180,8.125920,0.000000,0.000000,0.000000
magnetic_field_uncalibrated,287046729837187,287046732970127,3,23.579000,-17.291000,-140.650009,8.072001,22.928001,-125.219009
gyroscope_uncalibrated,287046729837187,287046733222158,3,-0.133169,0.183260,0.167377,0.004887,0.003665,0.000000
accelerometer_uncalibrated,287046729837187,287046733353018,3,-0.201113,5.796362,8.099585,0.000000,0.000000,0.000000
magnetic_field_uncalibrated,287046737840312,287046741808252,3,22.491001,-16.296001,-139.999008,8.072001,22.928001,-125.219009
gyroscope_uncalibrated,287046737840312,287046742046455,3,-0.130725,0.185703,0.186314,0.004887,0.003665,0.000000
accelerometer_uncalibrated,287046737840312,287046742163096,3,-0.244209,5.791574,8.094796,0.000000,0.000000,0.000000
magnetic_field_uncalibrated,287046745846757,287046750026260,3,22.838001,-16.265001,-140.434006,8.073000,22.928001,-125.220009
gyroscope_uncalibrated,287046745846757,287046750429854,3,-0.123395,0.179594,0.204640,0.004887,0.003665,0.000000
accelerometer_uncalibrated,287046745846757,287046750575830,3,-0.227449,5.781997,8.128315,0.000000,0.000000,0.000000
magnetic_field_uncalibrated,287046753852734,287046757758252,3,22.674002,-17.010000,-140.214005,8.072001,22.928001,-125.220009
gyroscope_uncalibrated,287046753852734,287046757989580,3,-0.118508,0.177151,0.216246,0.004887,0.003665,0.000000
accelerometer_uncalibrated,287046753852734,287046758182627,3,-0.172383,5.786786,8.130709,0.000000,0.000000,0.000000
magnetic_field_uncalibrated,287046761861015,287046765098135,3,22.872002,-17.537001,-139.997009,8.072001,22.928001,-125.220009
gyroscope_uncalibrated,287046761861015,287046765259229,3,-0.108734,0.175318,0.223577,0.004887,0.003665,0.000000
accelerometer_uncalibrated,287046761861015,287046765327275,3,-0.098162,5.774815,8.164227,0.000000,0.000000,0.000000
magnetic_field_uncalibrated,287046769868984,287046773251455,3,23.308001,-17.951000,-139.998001,8.072001,22.929001,-125.220009
gyroscope_uncalibrated,287046769868984,287046773405127,3,-0.095295,0.167377,0.219911,0.004887,0.003665,0.000000
accelerometer_uncalibrated,287046769868984,287046773482940,3,-0.045490,5.748478,8.164227,0.000000,0.000000,0.000000
magnetic_field_uncalibrated,287046777874375,287046781322744,3,23.311001,-17.863001,-140.430008,8.072001,22.928001,-125.219009
gyroscope_uncalibrated,287046777874375,287046781514307,3,-0.086743,0.158214,0.217468,0.004887,0.003665,0.000000
accelerometer_uncalibrated,287046777874375,287046781610283,3,-0.055067,5.729325,8.166622,0.000000,0.000000,0.000000
magnetic_field_uncalibrated,287046785881210,287046790145479,3,24.088001,-18.338001,-140.757004,8.072001,22.928001,-125.219009
gyroscope_uncalibrated,287046785881210,287046790348330,3,-0.075136,0.155160,0.207694,0.004887,0.003665,0.000000
accelerometer_uncalibrated,287046785881210,287046790447783,3,-0.110133,5.712565,8.145074,0.000000,0.000000,0.000000
magnetic_field_uncalibrated,287046793886328,287046797257588,3,23.352001,-18.785002,-142.370010,8.073000,22.928001,-125.220009
gyroscope_uncalibrated,287046793886328,287046797435986,3,-0.068417,0.156992,0.200975,0.004887,0.003665,0.000000
accelerometer_uncalibrated,287046793886328,287046797517432,3,-0.189142,5.702989,8.116343,0.000000,0.000000,0.000000
gyroscope_uncalibrated,287046801889023,287046805343565,3,-0.067195,0.162490,0.204029,0.004887,0.003665,0.000000
accelerometer_uncalibrated,287046801889023,287046805498252,3,-0.277727,5.693412,8.066066,0.000000,0.000000,0.000000
magnetic_field_uncalibrated,287046801889023,287046805605908,3,22.692001,-18.126001,-143.448013,8.072001,22.928001,-125.220009
magnetic_field_uncalibrated,287046809893593,287046812769111,3,22.983002,-17.274000,-143.130005,8.072001,22.928001,-125.220009
gyroscope_uncalibrated,287046809893593,287046812927510,3,-0.070860,0.164934,0.210749,0.004887,0.003665,0.000000
accelerometer_uncalibrated,287046809893593,287046812997900,3,-0.368707,5.686229,8.042124,0.000000,0.000000,0.000000
magnetic_field_uncalibrated,287046817899023,287046821408291,3,23.294001,-17.794001,-143.453003,8.072001,22.928001,-125.219009
gyroscope_uncalibrated,287046817899023,287046821555518,3,-0.074526,0.171042,0.222355,0.004887,0.003665,0.000000
accelerometer_uncalibrated,287046817899023,287046821630322,3,-0.392649,5.635951,8.049306,0.000000,0.000000,0.000000
magnetic_field_uncalibrated,287046825909296,287046829387549,3,22.282001,-19.164001,-142.577011,8.072001,22.928001,-125.219009
gyroscope_uncalibrated,287046825909296,287046829559619,3,-0.078802,0.173486,0.239459,0.004887,0.003665,0.000000
accelerometer_uncalibrated,287046825909296,287046829634190,3,-0.395043,5.614403,8.082825,0.000000,0.000000,0.000000
magnetic_field_uncalibrated,287046833913515,287046837541065,3,22.366001,-17.965000,-141.935013,8.072001,22.928001,-125.220009
gyroscope_uncalibrated,287046833913515,287046837713252,3,-0.081245,0.182649,0.257174,0.004887,0.003665,0.000000
accelerometer_uncalibrated,287046833913515,287046837796807,3,-0.385466,5.590461,8.104373,0.000000,0.000000,0.000000
magnetic_field_uncalibrated,287046841918906,287046846263252,3,22.974001,-17.540001,-141.941010,8.072001,22.929001,-125.220009
gyroscope_uncalibrated,287046841918906,287046846686221,3,-0.078191,0.191201,0.271224,0.004887,0.003665,0.000000
accelerometer_uncalibrated,287046841918906,287046847000322,3,-0.368707,5.573701,8.145074,0.000000,0.000000,0.000000
magnetic_field_uncalibrated,287046849926171,287046853824229,3,21.692001,-17.836000,-140.204010,8.072001,22.928001,-125.220009
gyroscope_uncalibrated,287046849926171,287046854057275,3,-0.066584,0.189979,0.283441,0.004887,0.003665,0.000000
accelerometer_uncalibrated,287046849926171,287046854512979,3,-0.349553,5.535394,8.233660,0.000000,0.000000,0.000000
magnetic_field_uncalibrated,287046857930273,287046863648213,3,21.531000,-16.928001,-138.695007,8.072001,22.928001,-125.220009
gyroscope_uncalibrated,287046857930273,287046863866143,3,-0.050091,0.197309,0.291383,0.004887,0.003665,0.000000
accelerometer_uncalibrated,287046857930273,287046864194893,3,-0.359130,5.523423,8.252813,0.000000,0.000000,0.000000
gyroscope_uncalibrated,287046865936406,287046869841260,3,-0.023213,0.202807,0.301767,0.004887,0.003665,0.000000
accelerometer_uncalibrated,287046865936406,287046870023018,3,-0.351948,5.523423,8.279149,0.000000,0.000000,0.000000
magnetic_field_uncalibrated,287046865936406,287046870167783,3,21.392000,-17.047001,-140.853012,8.072001,22.928001,-125.220009
magnetic_field_uncalibrated,287046873941289,287046877348525,3,21.292002,-16.698000,-141.825012,8.072001,22.928001,-125.219009
gyroscope_uncalibrated,287046873941289,287046877533565,3,0.000000,0.197309,0.305433,0.004887,0.003665,0.000000
accelerometer_uncalibrated,287046873941289,287046877716299,3,-0.344765,5.513846,8.252813,0.000000,0.000000,0.000000
magnetic_field_uncalibrated,287046881947460,287046885390010,3,21.277000,-16.885000,-142.256012,8.072001,22.928001,-125.219009
gyroscope_uncalibrated,287046881947460,287046885550205,3,0.024435,0.175318,0.310320,0.004887,0.003665,0.000000
accelerometer_uncalibrated,287046881947460,287046885632627,3,-0.366313,5.509058,8.204929,0.000000,0.000000,0.000000
magnetic_field_uncalibrated,287046889955195,287046893504893,3,22.385000,-17.689001,-141.936005,8.073000,22.928001,-125.219009
gyroscope_uncalibrated,287046889955195,287046893771143,3,0.034819,0.151495,0.321926,0.004887,0.003665,0.000000
accelerometer_uncalibrated,287046889955195,287046893907158,3,-0.409408,5.492299,8.075643,0.000000,0.000000,0.000000
magnetic_field_uncalibrated,287046897962695,287046901790947,3,23.859001,-18.356001,-140.216003,8.072001,22.928001,-125.220009
gyroscope_uncalibrated,287046897962695,287046901986611,3,0.034208,0.146608,0.337198,0.004887,0.003665,0.000000
accelerometer_uncalibrated,287046897962695,287046902091533,3,-0.423774,5.489904,7.953538,0.000000,0.000000,0.000000
gyroscope_uncalibrated,287046905970000,287046909723916,3,0.024435,0.157603,0.354302,0.004887,0.003665,0.000000
accelerometer_uncalibrated,287046905970000,287046909989736,3,-0.414197,5.480328,7.860164,0.000000,0.000000,0.000000
magnetic_field_uncalibrated,287046905970000,287046910198408,3,23.138000,-18.703001,-140.642014,8.073000,22.928001,-125.220009
magnetic_field_uncalibrated,287046913976250,287046918134190,3,22.361002,-18.227001,-140.207001,8.072001,22.928001,-125.220009
gyroscope_uncalibrated,287046913976250,287046918552041,3,0.000611,0.181427,0.375682,0.004887,0.003665,0.000000
accelerometer_uncalibrated,287046913976250,287046918701924,3,-0.397437,5.470751,7.812280,0.000000,0.000000,0.000000
magnetic_field_uncalibrated,287046921981054,287046927563135,3,22.376001,-17.955000,-140.639999,8.072001,22.928001,-125.220009
gyroscope_uncalibrated,287046921981054,287046927854619,3,-0.026267,0.214414,0.394008,0.004887,0.003665,0.000000
accelerometer_uncalibrated,287046921981054,287046927955400,3,-0.390255,5.470751,7.778761,0.000000,0.000000,0.000000
magnetic_field_uncalibrated,287046929985156,287046936977275,3,21.704000,-17.566000,-141.069000,8.073000,22.928001,-125.220009
gyroscope_uncalibrated,287046929985156,287046937135205,3,-0.047647,0.232129,0.406836,0.004887,0.003665,0.000000
accelerometer_uncalibrated,287046929985156,287046937214932,3,-0.363919,5.463568,7.785944,0.000000,0.000000,0.000000
magnetic_field_uncalibrated,287046937992617,287046942032900,3,22.436001,-18.772001,-140.853012,8.072001,22.928001,-125.220009
gyroscope_uncalibrated,287046937992617,287046942196494,3,-0.075136,0.253509,0.424551,0.004887,0.003665,0.000000
accelerometer_uncalibrated,287046937992617,287046942489815,3,-0.361524,5.492299,7.852982,0.000000,0.000000,0.000000
magnetic_field_uncalibrated,287046946000781,287046949733682,3,23.039001,-18.438002,-140.642014,8.072001,22.928001,-125.220009
gyroscope_uncalibrated,287046946000781,287046949915713,3,-0.090408,0.260839,0.439823,0.004887,0.003665,0.000000
accelerometer_uncalibrated,287046946000781,287046949996455,3,-0.344765,5.513846,7.934384,0.000000,0.000000,0.000000
magnetic_field_uncalibrated,287046954008359,287046957406807,3,21.385000,-17.226002,-140.204010,8.073000,22.928001,-125.219009
gyroscope_uncalibrated,287046954008359,287046957569541,3,-0.092241,0.252898,0.450208,0.004887,0.003665,0.000000
accelerometer_uncalibrated,287046954008359,287046957645127,3,-0.296881,5.530606,8.015787,0.000000,0.000000,0.000000
magnetic_field_uncalibrated,287046962016054,287046965843291,3,21.306002,-18.334002,-140.847000,8.072001,22.928001,-125.220009
gyroscope_uncalibrated,287046962016054,287046966036416,3,-0.092852,0.248011,0.454484,0.004887,0.003665,0.000000
accelerometer_uncalibrated,287046962016054,287046966130400,3,-0.263362,5.540183,8.058883,0.000000,0.000000,0.000000
magnetic_field_uncalibrated,287046970024335,287046972809697,3,22.203001,-18.795000,-140.851013,8.072001,22.928001,-125.220009
gyroscope_uncalibrated,287046970024335,287046972943018,3,-0.092852,0.256563,0.459982,0.004887,0.003665,0.000000
accelerometer_uncalibrated,287046970024335,287046973004932,3,-0.256180,5.530606,8.058883,0.000000,0.000000,0.000000
magnetic_field_uncalibrated,287046978030585,287046983249190,3,22.124001,-18.253000,-140.637009,8.072001,22.928001,-125.220009
gyroscope_uncalibrated,287046978030585,287046983469268,3,-0.098349,0.276111,0.466701,0.004887,0.003665,0.000000
accelerometer_uncalibrated,287046978030585,287046983566221,3,-0.256180,5.497087,8.109161,0.000000,0.000000,0.000000
magnetic_field_uncalibrated,287046986038789,287046989620400,3,21.346001,-17.779001,-140.417999,8.072001,22.928001,-125.220009
gyroscope_uncalibrated,287046986038789,287046989807041,3,-0.101404,0.298102,0.476475,0.004887,0.003665,0.000000
accelerometer_uncalibrated,287046986038789,287046989899385,3,-0.253785,5.511452,8.128315,0.000000,0.000000,0.000000
magnetic_field_uncalibrated,287046994045976,287046998144893,3,21.446001,-18.214001,-138.689011,8.073000,22.928001,-125.220009
gyroscope_uncalibrated,287046994045976,287046998373447,3,-0.102014,0.323759,0.490525,0.004887,0.003665,0.000000
accelerometer_uncalibrated,287046994045976,287046998471025,3,-0.268151,5.511452,8.192958,0.000000,0.000000,0.000000
magnetic_field_uncalibrated,287047002050664,287047005346885,3,21.642000,-18.658001,-139.552002,8.073000,22.928001,-125.219009
gyroscope_uncalibrated,287047002050664,287047005490908,3,-0.098349,0.345139,0.505796,0.004887,0.003665,0.000000
accelerometer_uncalibrated,287047002050664,287047005566611,3,-0.296881,5.530606,8.224083,0.000000,0.000000,0.000000
magnetic_field_uncalibrated,287047010051914,287047013820361,3,21.414001,-18.418001,-141.279007,8.073000,22.928001,-125.220009
gyroscope_uncalibrated,287047010051914,287047014030635,3,-0.090408,0.362243,0.520457,0.004887,0.003665,0.000000
accelerometer_uncalibrated,287047010051914,287047014144072,3,-0.313640,5.566519,8.293514,0.000000,0.000000,0.000000
magnetic_field_uncalibrated,287047018055703,287047024666260,3,20.753000,-18.018002,-140.197006,8.073000,22.928001,-125.220009
gyroscope_uncalibrated,287047018055703,287047024905674,3,-0.077580,0.367130,0.527788,0.004887,0.003665,0.000000
accelerometer_uncalibrated,287047018055703,287047025003525,3,-0.325611,5.592855,8.367735,0.000000,0.000000,0.000000
magnetic_field_uncalibrated,287047026057773,287047030083018,3,20.623001,-18.300001,-139.547012,8.073000,22.928001,-125.220009
gyroscope_uncalibrated,287047026057773,287047030273447,3,-0.054978,0.355524,0.540005,0.004887,0.003665,0.000000
accelerometer_uncalibrated,287047026057773,287047030360166,3,-0.311246,5.626374,8.386889,0.000000,0.000000,0.000000
magnetic_field_uncalibrated,287047034059453,287047037415674,3,22.795002,-18.816000,-138.911011,8.073000,22.928001,-125.219009
gyroscope_uncalibrated,287047034059453,287047037600869,3,-0.032376,0.328035,0.546114,0.004887,0.003665,0.000000
accelerometer_uncalibrated,287047034059453,287047037866729,3,-0.294487,5.607220,8.396465,0.000000,0.000000,0.000000
magnetic_field_uncalibrated,287047042066406,287047046547236,3,20.886002,-19.467001,-140.407013,8.072001,22.928001,-125.219009
gyroscope_uncalibrated,287047042066406,287047046776104,3,-0.009774,0.298102,0.552833,0.004887,0.003665,0.000000
accelerometer_uncalibrated,287047042066406,287047047121221,3,-0.299275,5.614403,8.374918,0.000000,0.000000,0.000000
magnetic_field_uncalibrated,287047050070976,287047053146533,3,18.560001,-19.343000,-142.768005,8.072001,22.928001,-125.220009
gyroscope_uncalibrated,287047050070976,287047053419463,3,0.006720,0.270613,0.560163,0.004887,0.003665,0.000000
accelerometer_uncalibrated,287047050070976,287047053512236,3,-0.275333,5.623980,8.339005,0.000000,0.000000,0.000000
magnetic_field_uncalibrated,287047058075312,287047062789580,3,20.453001,-18.879002,-141.703003,8.072001,22.928001,-125.220009
gyroscope_uncalibrated,287047058075312,287047063075440,3,0.028100,0.235794,0.569326,0.004887,0.003665,0.000000
accelerometer_uncalibrated,287047058075312,287047063544502,3,-0.239420,5.612009,8.269572,0.000000,0.000000,0.000000
magnetic_field_uncalibrated,287047066080937,287047069560557,3,20.465000,-18.695002,-141.703003,7.331000,23.290001,-125.219009
gyroscope_uncalibrated,287047066080937,287047069754580,3,0.036652,0.216857,0.577879,0.004887,0.003665,0.000000
accelerometer_uncalibrated,287047066080937,287047069863213,3,-0.198719,5.616797,8.180987,0.000000,0.000000,0.000000
magnetic_field_uncalibrated,287047074082695,287047078062119,3,19.473001,-17.881001,-142.132004,7.331000,23.290001,-125.220009
gyroscope_uncalibrated,287047074082695,287047078473096,3,0.040317,0.219911,0.582155,0.004887,0.003665,0.000000
accelerometer_uncalibrated,287047074082695,287047078601104,3,-0.148441,5.597643,8.058883,0.000000,0.000000,0.000000
magnetic_field_uncalibrated,287047082085859,287047085765791,3,19.066000,-18.830002,-141.586014,7.376000,23.310001,-125.220009
gyroscope_uncalibrated,287047082085859,287047085983682,3,0.034819,0.227242,0.586431,0.004887,0.003665,0.000000
accelerometer_uncalibrated,287047082085859,287047086070947,3,-0.126893,5.573701,7.994239,0.000000,0.000000,0.000000
magnetic_field_uncalibrated,287047090089023,287047093968877,3,18.171001,-20.016001,-142.222000,7.376000,23.311001,-125.219009
gyroscope_uncalibrated,287047090089023,287047094200440,3,0.022602,0.240681,0.589485,0.004887,0.003665,0.000000
accelerometer_uncalibrated,287047090089023,287047094318604,3,-0.105345,5.559336,7.953538,0.000000,0.000000,0.000000
gyroscope_uncalibrated,287047098094101,287047102093604,3,0.010996,0.258396,0.592539,0.004887,0.003665,0.000000
accelerometer_uncalibrated,287047098094101,287047102359033,3,-0.095768,5.561730,7.910442,0.000000,0.000000,0.000000
magnetic_field_uncalibrated,287047098094101,287047102576729,3,16.949001,-19.222000,-142.326004,7.377000,23.311001,-125.220009
magnetic_field_uncalibrated,287047106099375,287047110297900,3,18.339001,-19.268002,-142.011002,7.377000,23.311001,-125.220009
gyroscope_uncalibrated,287047106099375,287047110539658,3,0.003054,0.268170,0.597426,0.004887,0.003665,0.000000
accelerometer_uncalibrated,287047106099375,287047110681299,3,-0.086191,5.533000,7.898471,0.000000,0.000000,0.000000
magnetic_field_uncalibrated,287047114103906,287047118244893,3,19.961000,-19.292002,-141.806000,7.347000,23.415001,-125.220009
gyroscope_uncalibrated,287047114103906,287047118533330,3,-0.004276,0.269392,0.602313,0.004887,0.003665,0.000000
accelerometer_uncalibrated,287047114103906,287047118684541,3,-0.050278,5.530606,7.874529,0.000000,0.000000,0.000000
magnetic_field_uncalibrated,287047122110507,287047126333135,3,20.226002,-18.895000,-140.837006,7.347000,23.414001,-125.219009
gyroscope_uncalibrated,287047122110507,287047126624072,3,-0.011606,0.248622,0.610865,0.004887,0.003665,0.000000
accelerometer_uncalibrated,287047122110507,287047126738682,3,-0.002394,5.516241,7.903260,0.000000,0.000000,0.000000
magnetic_field_uncalibrated,287047130116640,287047133092354,3,19.600000,-19.681002,-140.074005,7.347000,23.414001,-125.219009
gyroscope_uncalibrated,287047130116640,287047133216729,3,-0.017104,0.218690,0.616974,0.004887,0.003665,0.000000
accelerometer_uncalibrated,287047130116640,287047133292822,3,0.057461,5.504270,7.879318,0.000000,0.000000,0.000000
gyroscope_uncalibrated,287047138123007,287047142055479,3,-0.021991,0.208305,0.618806,0.004887,0.003665,0.000000
accelerometer_uncalibrated,287047138123007,287047142284541,3,0.112527,5.509058,7.836222,0.000000,0.000000,0.000000
magnetic_field_uncalibrated,287047138123007,287047142470518,3,19.643002,-19.038000,-140.077011,7.347000,23.414001,-125.219009
magnetic_field_uncalibrated,287047146127421,287047149961377,3,20.385000,-18.241001,-140.949005,7.393000,23.295002,-125.220009
gyroscope_uncalibrated,287047146127421,287047150186807,3,-0.026267,0.206472,0.615752,0.004887,0.003665,0.000000
accelerometer_uncalibrated,287047146127421,287047150335986,3,0.165200,5.509058,7.766790,0.000000,0.000000,0.000000
magnetic_field_uncalibrated,287047154131601,287047158143174,3,18.249001,-19.081001,-140.068008,7.393000,23.295002,-125.220009
gyroscope_uncalibrated,287047154131601,287047158371729,3,-0.038485,0.210749,0.609033,0.004887,0.003665,0.000000
accelerometer_uncalibrated,287047154131601,287047158475283,3,0.186748,5.485116,7.678205,0.000000,0.000000,0.000000
magnetic_field_uncalibrated,287047162135039,287047167021104,3,17.350000,-20.444000,-139.624008,7.393000,23.294001,-125.219009
gyroscope_uncalibrated,287047162135039,287047167317236,3,-0.063530,0.202807,0.600481,0.004887,0.003665,0.000000
accelerometer_uncalibrated,287047162135039,287047167814307,3,0.225055,5.494693,7.613562,0.000000,0.000000,0.000000
magnetic_field_uncalibrated,287047170138828,287047174094150,3,17.738001,-19.771002,-140.277008,7.393000,23.295002,-125.219009
gyroscope_uncalibrated,287047170138828,287047174336104,3,-0.083078,0.191812,0.591318,0.004887,0.003665,0.000000
accelerometer_uncalibrated,287047170138828,287047174457236,3,0.237026,5.480328,7.592013,0.000000,0.000000,0.000000
magnetic_field_uncalibrated,287047178142148,287047184848565,3,17.501001,-19.797001,-140.707001,7.392000,23.295002,-125.219009
gyroscope_uncalibrated,287047178142148,287047185129932,3,-0.109345,0.174097,0.582765,0.004887,0.003665,0.000000
accelerometer_uncalibrated,287047178142148,287047185203018,3,0.270545,5.487510,7.603985,0.000000,0.000000,0.000000
magnetic_field_uncalibrated,287047186146445,287047190029502,3,17.999001,-20.942001,-141.570007,7.393000,23.295002,-125.220009
gyroscope_uncalibrated,287047186146445,287047190185205,3,-0.135612,0.155771,0.574824,0.004887,0.003665,0.000000
accelerometer_uncalibrated,287047186146445,287047190251025,3,0.318429,5.473145,7.671022,0.000000,0.000000,0.000000
magnetic_field_uncalibrated,287047194150546,287047198344697,3,17.934000,-20.215000,-141.139999,7.393000,23.295002,-125.219009
gyroscope_uncalibrated,287047194150546,287047198567705,3,-0.151495,0.138056,0.569937,0.004887,0.003665,0.000000
accelerometer_uncalibrated,287047194150546,287047198660596,3,0.380678,5.482722,7.781156,0.000000,0.000000,0.000000
magnetic_field_uncalibrated,287047202156523,287047206146885,3,16.809000,-19.771002,-140.487000,7.392000,23.295002,-125.220009
gyroscope_uncalibrated,287047202156523,287047206387783,3,-0.167377,0.118508,0.561385,0.004887,0.003665,0.000000
accelerometer_uncalibrated,287047202156523,287047206495986,3,0.442927,5.473145,7.939173,0.000000,0.000000,0.000000
magnetic_field_uncalibrated,287047210161210,287047214439815,3,17.083000,-19.022001,-141.572006,7.392000,23.295002,-125.220009
gyroscope_uncalibrated,287047210161210,287047214777744,3,-0.169821,0.106901,0.549168,0.004887,0.003665,0.000000
accelerometer_uncalibrated,287047210161210,287047215020869,3,0.478840,5.463568,8.030152,0.000000,0.000000,0.000000
magnetic_field_uncalibrated,287047218166367,287047222647002,3,17.636002,-19.338001,-142.330002,7.392000,23.295002,-125.220009
gyroscope_uncalibrated,287047218166367,287047223120518,3,-0.163101,0.100182,0.540616,0.004887,0.003665,0.000000
accelerometer_uncalibrated,287047218166367,287047223237197,3,0.502782,5.449203,8.161834,0.000000,0.000000,0.000000
magnetic_field_uncalibrated,287047226173671,287047230352197,3,17.638000,-19.509001,-140.494003,7.393000,23.294001,-125.220009
gyroscope_uncalibrated,287047226173671,287047230568525,3,-0.157603,0.095295,0.529009,0.004887,0.003665,0.000000
accelerometer_uncalibrated,287047226173671,287047230673096,3,0.500388,5.444415,8.274361,0.000000,0.000000,0.000000
magnetic_field_uncalibrated,287047234180312,287047238430674,3,17.698000,-18.591002,-140.714005,7.393000,23.295002,-125.220009
gyroscope_uncalibrated,287047234180312,287047238696924,3,-0.141110,0.097128,0.516792,0.004887,0.003665,0.000000
accelerometer_uncalibrated,287047234180312,287047238821846,3,0.514753,5.461174,8.362947,0.000000,0.000000,0.000000
magnetic_field_uncalibrated,287047242185234,287047246309190,3,16.415001,-18.715000,-140.705002,7.426000,23.182001,-125.220009
gyroscope_uncalibrated,287047242185234,287047246576611,3,-0.121562,0.121562,0.504575,0.004887,0.003665,0.000000
accelerometer_uncalibrated,287047242185234,287047246698877,3,0.541090,5.492299,8.382100,0.000000,0.000000,0.000000
magnetic_field_uncalibrated,287047250188164,287047253989619,3,15.216001,-19.375000,-140.046005,7.425000,23.181002,-125.219009
gyroscope_uncalibrated,287047250188164,287047254258174,3,-0.112399,0.173486,0.495412,0.004887,0.003665,0.000000
accelerometer_uncalibrated,287047250188164,287047254489697,3,0.593762,5.494693,8.358158,0.000000,0.000000,0.000000
magnetic_field_uncalibrated,287047258194062,287047264021924,3,15.091001,-19.395000,-141.233002,7.426000,23.182001,-125.220009
gyroscope_uncalibrated,287047258194062,287047264333486,3,-0.110567,0.221744,0.490525,0.004887,0.003665,0.000000
accelerometer_uncalibrated,287047258194062,287047264471768,3,0.651223,5.470751,8.341399,0.000000,0.000000,0.000000
magnetic_field_uncalibrated,287047266201757,287047272464463,3,15.446001,-19.356001,-140.480011,7.425000,23.181002,-125.220009
gyroscope_uncalibrated,287047266201757,287047272771650,3,-0.114232,0.282220,0.483194,0.004887,0.003665,0.000000
accelerometer_uncalibrated,287047266201757,287047272908057,3,0.718261,5.422867,8.379706,0.000000,0.000000,0.000000
magnetic_field_uncalibrated,287047274211679,287047278957315,3,15.557001,-19.350000,-141.236008,7.425000,23.181002,-125.219009
gyroscope_uncalibrated,287047274211679,287047279254775,3,-0.117897,0.320093,0.476475,0.004887,0.003665,0.000000
accelerometer_uncalibrated,287047274211679,287047279369033,3,0.735020,5.382165,8.497022,0.000000,0.000000,0.000000
magnetic_field_uncalibrated,287047282225273,287047286499932,3,15.256001,-18.649000,-141.237000,7.425000,23.181002,-125.219009
gyroscope_uncalibrated,287047282225273,287047286749893,3,-0.114232,0.332311,0.472810,0.004887,0.003665,0.000000
accelerometer_uncalibrated,287047282225273,287047286945752,3,0.746991,5.396531,8.619126,0.000000,0.000000,0.000000
magnetic_field_uncalibrated,287047290234726,287047297457588,3,14.328001,-18.734001,-140.583008,7.425000,23.182001,-125.220009
gyroscope_uncalibrated,287047290234726,287047297812119,3,-0.092241,0.333532,0.467923,0.004887,0.003665,0.000000
accelerometer_uncalibrated,287047290234726,287047297939463,3,0.730232,5.370194,8.796297,0.000000,0.000000,0.000000
magnetic_field_uncalibrated,287047298242617,287047301899971,3,14.150001,-19.579000,-141.442001,7.426000,23.181002,-125.220009
gyroscope_uncalibrated,287047298242617,287047302084658,3,-0.050091,0.328645,0.457538,0.004887,0.003665,0.000000
accelerometer_uncalibrated,287047298242617,287047302189815,3,0.727837,5.367800,8.841787,0.000000,0.000000,0.000000
magnetic_field_uncalibrated,287047306250859,287047309814580,3,15.678000,-19.249001,-141.561005,7.426000,23.182001,-125.219009
gyroscope_uncalibrated,287047306250859,287047310003486,3,0.001833,0.321926,0.447153,0.004887,0.003665,0.000000
accelerometer_uncalibrated,287047306250859,287047310086143,3,0.689530,5.346252,8.858546,0.000000,0.000000,0.000000
magnetic_field_uncalibrated,287047314258554,287047318048369,3,16.252001,-19.373001,-141.133011,7.426000,23.182001,-125.220009
gyroscope_uncalibrated,287047314258554,287047318226611,3,0.037263,0.313374,0.444710,0.004887,0.003665,0.000000
accelerometer_uncalibrated,287047314258554,287047318315400,3,0.667982,5.355829,8.793902,0.000000,0.000000,0.000000
magnetic_field_uncalibrated,287047322264414,287047325674971,3,15.514001,-19.994001,-141.341003,7.426000,23.181002,-125.219009
gyroscope_uncalibrated,287047322264414,287047325861924,3,0.075136,0.298713,0.444710,0.004887,0.003665,0.000000
accelerometer_uncalibrated,287047322264414,287047325955752,3,0.644040,5.365406,8.676587,0.000000,0.000000,0.000000
magnetic_field_uncalibrated,287047330271640,287047333775986,3,16.336000,-19.823002,-141.347000,7.425000,23.181002,-125.219009
gyroscope_uncalibrated,287047330271640,287047333965830,3,0.097738,0.287718,0.451429,0.004887,0.003665,0.000000
accelerometer_uncalibrated,287047330271640,287047334014971,3,0.689530,5.365406,8.547300,0.000000,0.000000,0.000000
magnetic_field_uncalibrated,287047338277382,287047341643408,3,15.767001,-19.866001,-139.508011,7.506001,23.204000,-125.219009
gyroscope_uncalibrated,287047338277382,287047341798760,3,0.109345,0.288939,0.455095,0.004887,0.003665,0.000000
accelerometer_uncalibrated,287047338277382,287047341868525,3,0.723049,5.312734,8.406042,0.000000,0.000000,0.000000
magnetic_field_uncalibrated,287047346283242,287047350084971,3,14.838000,-19.780001,-140.582001,7.506001,23.205002,-125.220009
gyroscope_uncalibrated,287047346283242,287047350291729,3,0.116064,0.303600,0.455095,0.004887,0.003665,0.000000
accelerometer_uncalibrated,287047346283242,287047350379424,3,0.742203,5.288792,8.276755,0.000000,0.000000,0.000000
magnetic_field_uncalibrated,287047354286328,287047357851690,3,14.652000,-20.633001,-142.520004,7.506001,23.204000,-125.219009
gyroscope_uncalibrated,287047354286328,287047358025400,3,0.116064,0.315206,0.455705,0.004887,0.003665,0.000000
accelerometer_uncalibrated,287047354286328,287047358254580,3,0.751779,5.252879,8.207323,0.000000,0.000000,0.000000
magnetic_field_uncalibrated,287047362288398,287047366986729,3,13.716001,-20.898001,-141.218002,7.506001,23.204000,-125.220009
gyroscope_uncalibrated,287047362288398,287047367267666,3,0.113621,0.309709,0.455705,0.004887,0.003665,0.000000
accelerometer_uncalibrated,287047362288398,287047367341533,3,0.761356,5.238513,8.250419,0.000000,0.000000,0.000000
magnetic_field_uncalibrated,287047370291054,287047373564229,3,14.588000,-20.162001,-139.499008,7.506001,23.205002,-125.220009
gyroscope_uncalibrated,287047370291054,287047373797940,3,0.117286,0.282220,0.453873,0.004887,0.003665,0.000000
accelerometer_uncalibrated,287047370291054,287047373901221,3,0.732626,5.228937,8.355764,0.000000,0.000000,0.000000
magnetic_field_uncalibrated,287047378295117,287047382319619,3,14.703001,-20.154001,-139.824005,7.506001,23.204000,-125.220009
gyroscope_uncalibrated,287047378295117,287047382537549,3,0.130725,0.259007,0.452651,0.004887,0.003665,0.000000
accelerometer_uncalibrated,287047378295117,287047382646299,3,0.711078,5.202600,8.499416,0.000000,0.000000,0.000000
magnetic_field_uncalibrated,287047386301445,287047390318486,3,14.519001,-19.354000,-140.474014,7.506001,23.204000,-125.220009
gyroscope_uncalibrated,287047386301445,287047390553018,3,0.165544,0.250455,0.453262,0.004887,0.003665,0.000000
accelerometer_uncalibrated,287047386301445,287047390656963,3,0.746991,5.212177,8.564059,0.000000,0.000000,0.000000
magnetic_field_uncalibrated,287047394307304,287047398343096,3,14.886001,-19.046001,-140.693008,7.506001,23.204000,-125.219009
gyroscope_uncalibrated,287047394307304,287047398571494,3,0.210138,0.260229,0.453873,0.004887,0.003665,0.000000
accelerometer_uncalibrated,287047394307304,287047398675869,3,0.809240,5.207389,8.585608,0.000000,0.000000,0.000000
magnetic_field_uncalibrated,287047402312968,287047405640479,3,13.683001,-19.624001,-141.439011,7.506001,23.204000,-125.220009
gyroscope_uncalibrated,287047402312968,287047405857080,3,0.239459,0.274278,0.453873,0.004887,0.003665,0.000000
accelerometer_uncalibrated,287047402312968,287047405943486,3,0.864307,5.219360,8.532935,0.000000,0.000000,0.000000
magnetic_field_uncalibrated,287047410321914,287047413937275,3,13.176001,-20.311001,-141.216003,7.506001,23.204000,-125.219009
gyroscope_uncalibrated,287047410321914,287047414197666,3,0.273057,0.300546,0.453262,0.004887,0.003665,0.000000
accelerometer_uncalibrated,287047410321914,287047414326260,3,0.919373,5.267244,8.544906,0.000000,0.000000,0.000000
magnetic_field_uncalibrated,287047418328359,287047422477393,3,13.410001,-20.373001,-140.246002,7.506001,23.204000,-125.220009
gyroscope_uncalibrated,287047418328359,287047422742549,3,0.295659,0.321926,0.444710,0.004887,0.003665,0.000000
accelerometer_uncalibrated,287047418328359,287047423028525,3,0.931344,5.339070,8.590396,0.000000,0.000000,0.000000
magnetic_field_uncalibrated,287047426336406,287047431099424,3,13.929001,-21.325001,-139.922012,7.506001,23.204000,-125.220009
gyroscope_uncalibrated,287047426336406,287047431385322,3,0.317039,0.353080,0.428827,0.004887,0.003665,0.000000
accelerometer_uncalibrated,287047426336406,287047431494932,3,0.914585,5.420473,8.566454,0.000000,0.000000,0.000000
magnetic_field_uncalibrated,287047434342500,287047438740713,3,14.034000,-21.325001,-141.434006,7.506001,23.204000,-125.220009
gyroscope_uncalibrated,287047434342500,287047439105518,3,0.335365,0.394619,0.415999,0.004887,0.003665,0.000000
accelerometer_uncalibrated,287047434342500,287047439260908,3,0.897826,5.465962,8.530540,0.000000,0.000000,0.000000
magnetic_field_uncalibrated,287047442352421,287047446543096,3,14.138000,-19.763000,-141.441010,7.506001,23.204000,-125.220009
gyroscope_uncalibrated,287047442352421,287047446793721,3,0.359800,0.447153,0.405004,0.004887,0.003665,0.000000
accelerometer_uncalibrated,287047442352421,287047447005791,3,0.857124,5.511452,8.425196,0.000000,0.000000,0.000000
magnetic_field_uncalibrated,287047450361132,287047454438486,3,12.510000,-20.001001,-139.917999,7.506001,23.205002,-125.220009
gyroscope_uncalibrated,287047450361132,287047454731846,3,0.369573,0.483194,0.395841,0.004887,0.003665,0.000000
accelerometer_uncalibrated,287047450361132,287047456627119,3,0.823605,5.571307,8.286332,0.000000,0.000000,0.000000
magnetic_field_uncalibrated,287047458370468,287047468283643,3,11.479000,-19.827002,-139.912003,7.506001,23.205002,-125.220009
gyroscope_uncalibrated,287047458370468,287047468399854,3,0.351858,0.577268,0.392175,0.004887,0.003665,0.000000
accelerometer_uncalibrated,287047458370468,287047468435010,3,0.663194,5.784391,7.508216,0.000000,0.000000,0.000000
magnetic_field_uncalibrated,287047466380546,287047469478330,3,12.941001,-20.335001,-141.431000,7.597001,23.228001,-125.220009
gyroscope_uncalibrated,287047466380546,287047469525166,3,0.302378,0.567494,0.393397,0.004887,0.003665,0.000000
accelerometer_uncalibrated,287047466380546,287047469680166,3,0.624887,5.676652,7.635109,0.000000,0.000000,0.000000
magnetic_field_uncalibrated,287047474387187,287047477930518,3,13.350000,-21.119001,-141.754013,7.597001,23.229002,-125.220009
gyroscope_uncalibrated,287047474387187,287047478056494,3,0.215025,0.446543,0.359800,0.004887,0.003665,0.000000
accelerometer_uncalibrated,287047474387187,287047478089815,3,0.486023,5.669470,7.694964,0.000000,0.000000,0.000000
magnetic_field_uncalibrated,287047482393828,287047485539815,3,13.253000,-21.025002,-139.917999,7.597001,23.228001,-125.219009
gyroscope_uncalibrated,287047482393828,287047485649307,3,0.163712,0.339641,0.369573,0.004887,0.003665,0.000000
accelerometer_uncalibrated,287047482393828,287047485683643,3,0.397437,5.877765,7.943961,0.000000,0.000000,0.000000
magnetic_field_uncalibrated,287047490401484,287047493991690,3,13.597001,-21.169001,-139.056000,7.596000,23.228001,-125.219009
gyroscope_uncalibrated,287047490401484,287047494105479,3,0.168599,0.285885,0.394619,0.004887,0.003665,0.000000
accelerometer_uncalibrated,287047490401484,287047494214424,3,0.526724,5.758055,7.908048,0.000000,0.000000,0.000000
magnetic_field_uncalibrated,287047498409453,287047501517861,3,12.624001,-21.813002,-139.479004,7.597001,23.229002,-125.219009
gyroscope_uncalibrated,287047498409453,287047501623994,3,0.164934,0.230907,0.395230,0.004887,0.003665,0.000000
accelerometer_uncalibrated,287047498409453,287047501863369,3,0.691924,5.540183,7.975086,0.000000,0.000000,0.000000
magnetic_field_uncalibrated,287047506419375,287047510166963,3,12.245001,-22.391001,-138.502014,7.597001,23.229002,-125.219009
gyroscope_uncalibrated,287047506419375,287047510267080,3,0.157603,0.168599,0.380569,0.004887,0.003665,0.000000
accelerometer_uncalibrated,287047506419375,287047510593799,3,0.694318,5.475539,8.010999,0.000000,0.000000,0.000000
magnetic_field_uncalibrated,287047514429375,287047517340322,3,13.102000,-21.757002,-137.971008,7.597001,23.228001,-125.220009
gyroscope_uncalibrated,287047514429375,287047517409190,3,0.152105,0.145386,0.384234,0.004887,0.003665,0.000000
accelerometer_uncalibrated,287047514429375,287047517430244,3,0.646434,5.523423,8.008605,0.000000,0.000000,0.000000
magnetic_field_uncalibrated,287047522438281,287047525351846,3,12.765000,-21.349001,-140.346008,7.597001,23.228001,-125.220009
gyroscope_uncalibrated,287047522438281,287047525424229,3,0.155160,0.156992,0.397062,0.004887,0.003665,0.000000
accelerometer_uncalibrated,287047522438281,287047525451143,3,0.617704,5.494693,8.080431,0.000000,0.000000,0.000000
magnetic_field_uncalibrated,287047530444921,287047535678838,3,13.214001,-21.493002,-140.996002,7.596000,23.228001,-125.220009
gyroscope_uncalibrated,287047530444921,287047535961025,3,0.177151,0.164934,0.403171,0.004887,0.003665,0.000000
accelerometer_uncalibrated,287047530444921,287047536374971,3,0.670376,5.468357,8.327033,0.000000,0.000000,0.000000
magnetic_field_uncalibrated,287047538450234,287047542735088,3,12.124001,-22.236002,-140.770004,7.597001,23.228001,-125.220009
gyroscope_uncalibrated,287047538450234,287047542906338,3,0.218079,0.155771,0.396452,0.004887,0.003665,0.000000
accelerometer_uncalibrated,287047538450234,287047544253096,3,0.691924,5.513846,8.439561,0.000000,0.000000,0.000000
magnetic_field_uncalibrated,287047546457773,287047550725479,3,10.330001,-23.050001,-140.970001,7.597001,23.228001,-125.219009
gyroscope_uncalibrated,287047546457773,287047550864619,3,0.270613,0.182649,0.389732,0.004887,0.003665,0.000000
accelerometer_uncalibrated,287047546457773,287047550997822,3,0.651223,5.530606,8.394072,0.000000,0.000000,0.000000
magnetic_field_uncalibrated,287047554467304,287047557721885,3,11.160001,-22.871000,-139.897003,7.597001,23.228001,-125.220009
gyroscope_uncalibrated,287047554467304,287047557824697,3,0.304211,0.206472,0.382402,0.004887,0.003665,0.000000
accelerometer_uncalibrated,287047554467304,287047557852940,3,0.610521,5.518635,8.295909,0.000000,0.000000,0.000000
gyroscope_uncalibrated,287047562476875,287047565423174,3,0.330478,0.219301,0.372628,0.004887,0.003665,0.000000
accelerometer_uncalibrated,287047562476875,287047565519815,3,0.610521,5.556942,8.111555,0.000000,0.000000,0.000000
magnetic_field_uncalibrated,287047562476875,287047565582354,3,12.372001,-22.199001,-138.828003,7.597001,23.228001,-125.220009
magnetic_field_uncalibrated,287047570487695,287047573673135,3,12.875001,-21.602001,-138.834000,7.597001,23.228001,-125.220009
gyroscope_uncalibrated,287047570487695,287047573786416,3,0.332311,0.227853,0.368352,0.004887,0.003665,0.000000
accelerometer_uncalibrated,287047570487695,287047573822471,3,0.598550,5.614403,7.960721,0.000000,0.000000,0.000000
magnetic_field_uncalibrated,287047578497070,287047583920205,3,12.343000,-20.835001,-139.264999,7.597001,23.228001,-125.219009
gyroscope_uncalibrated,287047578497070,287047584229775,3,0.326202,0.237016,0.370795,0.004887,0.003665,0.000000
accelerometer_uncalibrated,287047578497070,287047587961104,3,0.612916,5.645528,7.855376,0.000000,0.000000,0.000000
magnetic_field_uncalibrated,287047586506757,287047590103447,3,11.214001,-20.397001,-139.260010,7.597001,23.228001,-125.220009
gyroscope_uncalibrated,287047586506757,287047590256260,3,0.310930,0.254120,0.368963,0.004887,0.003665,0.000000
accelerometer_uncalibrated,287047586506757,287047590534072,3,0.703895,5.671864,7.788338,0.000000,0.000000,0.000000
magnetic_field_uncalibrated,287047594516601,287047598086572,3,11.534000,-20.993002,-137.532013,7.597001,23.228001,-125.220009
gyroscope_uncalibrated,287047594516601,287047598492041,3,0.295048,0.276111,0.361632,0.004887,0.003665,0.000000
accelerometer_uncalibrated,287047594516601,287047599027471,3,0.794875,5.702989,7.730877,0.000000,0.000000,0.000000
magnetic_field_uncalibrated,287047602523164,287047605646143,3,11.586000,-22.162001,-135.584000,7.597001,23.228001,-125.219009
gyroscope_uncalibrated,287047602523164,287047605751221,3,0.270613,0.280387,0.344528,0.004887,0.003665,0.000000
accelerometer_uncalibrated,287047602523164,287047605782861,3,0.866701,5.846641,7.687782,0.000000,0.000000,0.000000
magnetic_field_uncalibrated,287047610526953,287047613029307,3,10.591001,-23.000002,-137.301010,7.597001,23.228001,-125.219009
gyroscope_uncalibrated,287047610526953,287047613113252,3,0.251066,0.269392,0.325591,0.004887,0.003665,0.000000
accelerometer_uncalibrated,287047610526953,287047613229736,3,1.007959,5.918467,7.654263,0.000000,0.000000,0.000000
magnetic_field_uncalibrated,287047618534765,287047621659893,3,10.384001,-22.481001,-138.598007,7.597001,23.228001,-125.220009
gyroscope_uncalibrated,287047618534765,287047621772080,3,0.224188,0.267559,0.282831,0.004887,0.003665,0.000000
accelerometer_uncalibrated,287047618534765,287047621813760,3,1.280898,5.987898,7.560889,0.000000,0.000000,0.000000
magnetic_field_uncalibrated,287047626543125,287047629566846,3,12.071000,-21.497002,-138.721008,7.597001,23.228001,-125.220009
gyroscope_uncalibrated,287047626543125,287047629680283,3,0.193644,0.290772,0.222966,0.004887,0.003665,0.000000
accelerometer_uncalibrated,287047626543125,287047629708486,3,1.302446,6.030994,7.441179,0.000000,0.000000,0.000000
magnetic_field_uncalibrated,287047634552890,287047637754072,3,12.988001,-21.680000,-138.510010,7.597001,23.229002,-125.219009
gyroscope_uncalibrated,287047634552890,287047637864580,3,0.157603,0.257785,0.156992,0.004887,0.003665,0.000000
accelerometer_uncalibrated,287047634552890,287047637973916,3,1.067814,5.997475,7.553706,0.000000,0.000000,0.000000
magnetic_field_uncalibrated,287047642558710,287047645504619,3,11.704000,-21.891001,-137.745010,7.597001,23.228001,-125.219009
gyroscope_uncalibrated,287047642558710,287047645604932,3,0.147829,0.184481,0.111788,0.004887,0.003665,0.000000
accelerometer_uncalibrated,287047642558710,287047645640322,3,0.885855,5.968745,7.718906,0.000000,0.000000,0.000000
magnetic_field_uncalibrated,287047650566562,287047654032315,3,10.666000,-21.724001,-138.711014,7.597001,23.228001,-125.220009
gyroscope_uncalibrated,287047650566562,287047654228291,3,0.149051,0.103847,0.060476,0.004887,0.003665,0.000000
accelerometer_uncalibrated,287047650566562,287047654286143,3,0.711078,6.007052,7.656657,0.000000,0.000000,0.000000
magnetic_field_uncalibrated,287047658574804,287047661849463,3,10.135000,-21.128000,-137.414001,7.597001,23.228001,-125.219009
gyroscope_uncalibrated,287047658574804,287047661930947,3,0.135001,0.091019,0.031765,0.004887,0.003665,0.000000
accelerometer_uncalibrated,287047658574804,287047661964619,3,0.622492,6.059724,7.445967,0.000000,0.000000,0.000000
magnetic_field_uncalibrated,287047666582617,287047671687432,3,10.458000,-21.464001,-137.739014,7.597001,23.228001,-125.220009
gyroscope_uncalibrated,287047666582617,287047671970400,3,0.090408,0.131947,0.023824,0.004887,0.003665,0.000000
accelerometer_uncalibrated,287047666582617,287047672091494,3,0.581791,5.992687,7.307104,0.000000,0.000000,0.000000
magnetic_field_uncalibrated,287047674590585,287047677470166,3,11.440001,-22.287001,-138.606003,7.597001,23.229002,-125.220009
gyroscope_uncalibrated,287047674590585,287047677565322,3,0.047037,0.158214,0.025045,0.004887,0.003665,0.000000
accelerometer_uncalibrated,287047674590585,287047677597315,3,0.644040,5.887342,7.426814,0.000000,0.000000,0.000000
magnetic_field_uncalibrated,287047682599218,287047686910791,3,11.376000,-21.732000,-136.556000,7.597001,23.228001,-125.219009
gyroscope_uncalibrated,287047682599218,287047687019268,3,0.002443,0.177762,0.019548,0.004887,0.003665,0.000000
accelerometer_uncalibrated,287047682599218,287047687070947,3,0.672771,5.805939,7.580042,0.000000,0.000000,0.000000
magnetic_field_uncalibrated,287047690604179,287047693062236,3,10.587001,-21.269001,-137.740005,7.597001,23.228001,-125.219009
gyroscope_uncalibrated,287047690604179,287047693156299,3,-0.010385,0.198531,0.016493,0.004887,0.003665,0.000000
accelerometer_uncalibrated,287047690604179,287047693184463,3,0.591368,5.784391,7.752425,0.000000,0.000000,0.000000
magnetic_field_uncalibrated,287047698612617,287047703640869,3,9.996000,-21.247002,-139.572006,7.597001,23.228001,-125.220009
gyroscope_uncalibrated,287047698612617,287047703962041,3,-0.005498,0.207694,0.013439,0.004887,0.003665,0.000000
accelerometer_uncalibrated,287047698612617,287047704518682,3,0.478840,5.784391,7.903260,0.000000,0.000000,0.000000
magnetic_field_uncalibrated,287047706619492,287047709730635,3,9.632001,-21.638000,-138.164001,7.597001,23.228001,-125.219009
gyroscope_uncalibrated,287047706619492,287047709825244,3,0.010996,0.196699,0.017715,0.004887,0.003665,0.000000
accelerometer_uncalibrated,287047706619492,287047710007002,3,0.363919,5.825093,7.972692,0.000000,0.000000,0.000000
magnetic_field_uncalibrated,287047714626132,287047718261299,3,9.805000,-20.799002,-138.061005,7.597001,23.228001,-125.220009
gyroscope_uncalibrated,287047714626132,287047718365752,3,0.028711,0.172264,0.031154,0.004887,0.003665,0.000000
accelerometer_uncalibrated,287047714626132,287047718394346,3,0.287304,5.849035,7.948750,0.000000,0.000000,0.000000
magnetic_field_uncalibrated,287047722632382,287047726629463,3,10.596001,-21.002001,-138.929001,7.597001,23.228001,-125.219009
gyroscope_uncalibrated,287047722632382,287047726928721,3,0.036041,0.160658,0.053145,0.004887,0.003665,0.000000
accelerometer_uncalibrated,287047722632382,287047727837588,3,0.251391,5.844246,7.867347,0.000000,0.000000,0.000000
magnetic_field_uncalibrated,287047730640156,287047735077002,3,10.784000,-21.711000,-138.496002,7.597001,23.228001,-125.220009
gyroscope_uncalibrated,287047730640156,287047735426065,3,0.034819,0.151495,0.070860,0.004887,0.003665,0.000000
accelerometer_uncalibrated,287047730640156,287047735925166,3,0.263362,5.796362,7.872135,0.000000,0.000000,0.000000
magnetic_field_uncalibrated,287047738646484,287047741678682,3,11.325001,-20.734001,-136.776001,7.597001,23.228001,-125.220009
gyroscope_uncalibrated,287047738646484,287047741797588,3,0.034819,0.126449,0.094073,0.004887,0.003665,0.000000
accelerometer_uncalibrated,287047738646484,287047742463486,3,0.311246,5.755661,7.920019,0.000000,0.000000,0.000000
magnetic_field_uncalibrated,287047746655039,287047749824893,3,11.701000,-20.330002,-136.456009,7.596000,23.228001,-125.219009
gyroscope_uncalibrated,287047746655039,287047750380400,3,0.042761,0.108734,0.114843,0.004887,0.003665,0.000000
accelerometer_uncalibrated,287047746655039,287047751381221,3,0.349553,5.784391,7.915231,0.000000,0.000000,0.000000
accelerometer_uncalibrated,287047754665429,287047757576768,3,0.416591,5.805939,7.860164,0.000000,0.000000,0.000000
magnetic_field_uncalibrated,287047754665429,287047757715440,3,11.323001,-20.650002,-137.748001,7.597001,23.228001,-125.220009
gyroscope_uncalibrated,287047754665429,287047757994229,3,0.051924,0.094684,0.125838,0.004887,0.003665,0.000000
magnetic_field_uncalibrated,287047762675312,287047766275244,3,10.354000,-21.119001,-139.251007,7.597001,23.228001,-125.220009
gyroscope_uncalibrated,287047762675312,287047766385244,3,0.053756,0.078191,0.126449,0.004887,0.003665,0.000000
accelerometer_uncalibrated,287047762675312,287047766422197,3,0.459687,5.822699,7.829040,0.000000,0.000000,0.000000
magnetic_field_uncalibrated,287047770684648,287047773342393,3,10.040001,-22.338001,-139.460007,7.597001,23.228001,-125.220009
gyroscope_uncalibrated,287047770684648,287047773449190,3,0.051924,0.051313,0.124006,0.004887,0.003665,0.000000
accelerometer_uncalibrated,287047770684648,287047773484033,3,0.538695,5.832275,7.838616,0.000000,0.000000,0.000000
magnetic_field_uncalibrated,287047778693789,287047783604307,3,10.988001,-22.233002,-137.523010,7.597001,23.228001,-125.219009
gyroscope_uncalibrated,287047778693789,287047783855596,3,0.054978,0.028711,0.111788,0.004887,0.003665,0.000000
accelerometer_uncalibrated,287047778693789,287047783894307,3,0.584185,5.844246,7.833828,0.000000,0.000000,0.000000
magnetic_field_uncalibrated,287047786702578,287047790261885,3,12.345000,-21.091002,-136.673004,7.597001,23.228001,-125.219009
gyroscope_uncalibrated,287047786702578,287047790391338,3,0.056200,0.022602,0.102625,0.004887,0.003665,0.000000
accelerometer_uncalibrated,287047786702578,287047790419268,3,0.586579,5.841852,7.762002,0.000000,0.000000,0.000000
magnetic_field_uncalibrated,287047794711289,287047799678565,3,11.190001,-22.584002,-138.387009,7.597001,23.228001,-125.220009
gyroscope_uncalibrated,287047794711289,287047799797666,3,0.051924,0.019548,0.091630,0.004887,0.003665,0.000000
accelerometer_uncalibrated,287047794711289,287047800175674,3,0.612916,5.817910,7.747637,0.000000,0.000000,0.000000
magnetic_field_uncalibrated,287047802721484,287047805279541,3,9.244000,-22.225000,-138.375000,7.597001,23.228001,-125.219009
gyroscope_uncalibrated,287047802721484,287047805367705,3,0.043371,-0.000611,0.078191,0.004887,0.003665,0.000000
accelerometer_uncalibrated,287047802721484,287047805394033,3,0.672771,5.829881,7.742848,0.000000,0.000000,0.000000
magnetic_field_uncalibrated,287047810732968,287047813133682,3,11.531000,-20.996000,-137.964005,7.597001,23.228001,-125.220009
gyroscope_uncalibrated,287047810732968,287047813970283,3,0.033598,0.008552,0.063530,0.004887,0.003665,0.000000
accelerometer_uncalibrated,287047810732968,287047814133877,3,0.703895,5.837064,7.771579,0.000000,0.000000,0.000000
magnetic_field_uncalibrated,287047818745859,287047821270322,3,11.688001,-22.079000,-138.284012,7.597001,23.228001,-125.219009
gyroscope_uncalibrated,287047818745859,287047821382197,3,0.030543,0.025045,0.051313,0.004887,0.003665,0.000000
accelerometer_uncalibrated,287047818745859,287047821414775,3,0.713472,5.822699,7.793127,0.000000,0.000000,0.000000
magnetic_field_uncalibrated,287047826757148,287047830536025,3,10.493000,-22.649000,-138.058014,7.597001,23.229002,-125.220009
gyroscope_uncalibrated,287047826757148,287047830663447,3,0.025656,0.043371,0.032987,0.004887,0.003665,0.000000
accelerometer_uncalibrated,287047826757148,287047830695713,3,0.713472,5.798757,7.785944,0.000000,0.000000,0.000000
magnetic_field_uncalibrated,287047834767109,287047837207236,3,10.378000,-22.659000,-137.841003,7.597001,23.228001,-125.219009
gyroscope_uncalibrated,287047834767109,287047837312158,3,0.014661,0.059254,0.017715,0.004887,0.003665,0.000000
accelerometer_uncalibrated,287047834767109,287047837493565,3,0.696713,5.798757,7.754819,0.000000,0.000000,0.000000
magnetic_field_uncalibrated,287047842778242,287047845220986,3,10.527000,-22.186001,-137.520004,7.597001,23.228001,-125.219009
gyroscope_uncalibrated,287047842778242,287047845314385,3,-0.001222,0.078191,0.006720,0.004887,0.003665,0.000000
accelerometer_uncalibrated,287047842778242,287047845336963,3,0.646434,5.820304,7.747637,0.000000,0.000000,0.000000
magnetic_field_uncalibrated,287047850786953,287047852892471,3,10.726001,-22.627001,-138.060013,7.597001,23.228001,-125.220009
gyroscope_uncalibrated,287047850786953,287047852975830,3,-0.009163,0.087965,0.000000,0.004887,0.003665,0.000000
accelerometer_uncalibrated,287047850786953,287047853078174,3,0.608127,5.839458,7.738060,0.000000,0.000000,0.000000
magnetic_field_uncalibrated,287047858793164,287047861407236,3,9.637000,-23.282001,-138.373001,7.597001,23.228001,-125.219009
gyroscope_uncalibrated,287047858793164,287047861508721,3,-0.021380,0.089797,-0.009774,0.004887,0.003665,0.000000
accelerometer_uncalibrated,287047858793164,287047861758721,3,0.579397,5.837064,7.776367,0.000000,0.000000,0.000000
magnetic_field_uncalibrated,287047866800195,287047872830244,3,9.984000,-23.165001,-139.564011,7.597001,23.229002,-125.220009
gyroscope_uncalibrated,287047866800195,287047872943525,3,-0.025045,0.069639,-0.017104,0.004887,0.003665,0.000000
accelerometer_uncalibrated,287047866800195,287047872971065,3,0.553061,5.801151,7.766790,0.000000,0.000000,0.000000
magnetic_field_uncalibrated,287047874809218,287047877715947,3,11.082001,-22.329000,-139.683014,7.597001,23.229002,-125.220009
gyroscope_uncalibrated,287047874809218,287047878205479,3,-0.026878,0.042150,-0.024435,0.004887,0.003665,0.000000
accelerometer_uncalibrated,287047874809218,287047878251338,3,0.562637,5.789180,7.766790,0.000000,0.000000,0.000000
magnetic_field_uncalibrated,287047882817734,287047889205400,3,11.165001,-21.389002,-136.772003,7.597001,23.228001,-125.219009
gyroscope_uncalibrated,287047882817734,287047889304424,3,-0.028711,0.020159,-0.026878,0.004887,0.003665,0.000000
accelerometer_uncalibrated,287047882817734,287047889328291,3,0.557849,5.777209,7.783550,0.000000,0.000000,0.000000
magnetic_field_uncalibrated,287047890827500,287047893115635,3,10.909000,-21.777000,-136.553009,7.597001,23.228001,-125.220009
gyroscope_uncalibrated,287047890827500,287047893191025,3,-0.029932,-0.010996,-0.028100,0.004887,0.003665,0.000000
accelerometer_uncalibrated,287047890827500,287047893221025,3,0.562637,5.743690,7.771579,0.000000,0.000000,0.000000
magnetic_field_uncalibrated,287047898837968,287047902508877,3,10.974001,-22.333000,-138.602005,7.597001,23.228001,-125.219009
gyroscope_uncalibrated,287047898837968,287047902607236,3,-0.036041,-0.036652,-0.030543,0.004887,0.003665,0.000000
accelerometer_uncalibrated,287047898837968,287047902659971,3,0.598550,5.710171,7.750031,0.000000,0.000000,0.000000
magnetic_field_uncalibrated,287047906847187,287047909210947,3,10.177000,-22.221001,-137.626007,7.597001,23.228001,-125.220009
gyroscope_uncalibrated,287047906847187,287047909334697,3,-0.043371,-0.043982,-0.032376,0.004887,0.003665,0.000000
accelerometer_uncalibrated,287047906847187,287047909368916,3,0.603339,5.695806,7.733272,0.000000,0.000000,0.000000
magnetic_field_uncalibrated,287047914858828,287047917896299,3,10.457001,-21.465000,-137.847000,7.597001,23.228001,-125.220009
gyroscope_uncalibrated,287047914858828,287047918037744,3,-0.054978,-0.043982,-0.034819,0.004887,0.003665,0.000000
accelerometer_uncalibrated,287047914858828,287047918073291,3,0.581791,5.691018,7.776367,0.000000,0.000000,0.000000
magnetic_field_uncalibrated,287047922869921,287047925606650,3,10.900001,-21.615002,-139.360001,7.597001,23.228001,-125.219009
gyroscope_uncalibrated,287047922869921,287047925702510,3,-0.064141,-0.036652,-0.031765,0.004887,0.003665,0.000000
accelerometer_uncalibrated,287047922869921,287047925731065,3,0.557849,5.700594,7.879318,0.000000,0.000000,0.000000
magnetic_field_uncalibrated,287047930880585,287047934206182,3,10.512000,-22.373001,-137.951004,7.597001,23.228001,-125.219009
gyroscope_uncalibrated,287047930880585,287047934312393,3,-0.062919,-0.026878,-0.024435,0.004887,0.003665,0.000000
accelerometer_uncalibrated,287047930880585,287047934886611,3,0.526724,5.760449,7.948750,0.000000,0.000000,0.000000
magnetic_field_uncalibrated,287047938889687,287047944907666,3,11.565001,-22.354002,-136.663010,7.597001,23.228001,-125.220009
gyroscope_uncalibrated,287047938889687,287047945406338,3,-0.056810,-0.012217,-0.021991,0.004887,0.003665,0.000000
accelerometer_uncalibrated,287047938889687,287047945600205,3,0.495600,5.827487,8.003817,0.000000,0.000000,0.000000
magnetic_field_uncalibrated,287047946900468,287047949601846,3,12.581000,-22.801001,-136.344009,7.597001,23.228001,-125.220009
gyroscope_uncalibrated,287047946900468,287047952917744,3,-0.044593,-0.004887,-0.018326,0.004887,0.003665,0.000000
accelerometer_uncalibrated,287047946900468,287047952994111,3,0.452504,5.887342,8.061277,0.000000,0.000000,0.000000
magnetic_field_uncalibrated,287047954912031,287047957328174,3,12.499001,-22.262001,-136.561005,7.597001,23.228001,-125.219009
gyroscope_uncalibrated,287047954912031,287047957407315,3,-0.028100,-0.019548,-0.012217,0.004887,0.003665,0.000000
accelerometer_uncalibrated,287047954912031,287047957424736,3,0.440533,5.949591,8.123527,0.000000,0.000000,0.000000
magnetic_field_uncalibrated,287047962923125,287047966942549,3,12.280001,-21.842001,-138.721008,7.597001,23.228001,-125.220009
gyroscope_uncalibrated,287047962923125,287047967233525,3,-0.009774,-0.047037,-0.008552,0.004887,0.003665,0.000000
accelerometer_uncalibrated,287047962923125,287047967297080,3,0.445322,5.990293,8.176199,0.000000,0.000000,0.000000
magnetic_field_uncalibrated,287047970935937,287047973224502,3,11.214001,-22.217001,-138.496002,7.597001,23.229002,-125.219009
gyroscope_uncalibrated,287047970935937,287047973284893,3,0.010996,-0.073304,-0.004276,0.004887,0.003665,0.000000
accelerometer_uncalibrated,287047970935937,287047973375791,3,0.500388,6.019023,8.238448,0.000000,0.000000,0.000000
magnetic_field_uncalibrated,287047978949101,287047982594307,3,10.664001,-21.983002,-136.442001,7.596000,23.228001,-125.219009
gyroscope_uncalibrated,287047978949101,287047982688877,3,0.045815,-0.104458,-0.004887,0.004887,0.003665,0.000000
accelerometer_uncalibrated,287047978949101,287047983270400,3,0.531513,6.054936,8.269572,0.000000,0.000000,0.000000
magnetic_field_uncalibrated,287047986958671,287047990033994,3,10.406000,-22.288000,-137.303009,7.597001,23.228001,-125.219009
gyroscope_uncalibrated,287047986958671,287047990123643,3,0.083078,-0.132558,-0.009163,0.004887,0.003665,0.000000
accelerometer_uncalibrated,287047986958671,287047990149619,3,0.529119,6.083666,8.286332,0.000000,0.000000,0.000000
magnetic_field_uncalibrated,287047994967695,287047999600166,3,10.319000,-23.490002,-138.377014,7.597001,23.228001,-125.219009
gyroscope_uncalibrated,287047994967695,287048000372744,3,0.116675,-0.167988,-0.009774,0.004887,0.003665,0.000000
accelerometer_uncalibrated,287047994967695,287048000856611,3,0.548272,6.050148,8.257602,0.000000,0.000000,0.000000
magnetic_field_uncalibrated,287048002977109,287048006211768,3,10.585000,-23.006001,-138.057007,7.597001,23.228001,-125.220009
gyroscope_uncalibrated,287048002977109,287048006291572,3,0.139888,-0.188757,-0.010385,0.004887,0.003665,0.000000
accelerometer_uncalibrated,287048002977109,287048006324854,3,0.577003,6.011840,8.188169,0.000000,0.000000,0.000000
magnetic_field_uncalibrated,287048010985546,287048015211768,3,10.485001,-22.658001,-139.137009,7.597001,23.228001,-125.219009
gyroscope_uncalibrated,287048010985546,287048015566885,3,0.160658,-0.198531,-0.010996,0.004887,0.003665,0.000000
accelerometer_uncalibrated,287048010985546,287048016014580,3,0.617704,5.973533,8.101978,0.000000,0.000000,0.000000
magnetic_field_uncalibrated,287048018993164,287048022073838,3,11.358001,-23.484001,-138.924011,7.597001,23.229002,-125.220009
gyroscope_uncalibrated,287048018993164,287048022156182,3,0.171653,-0.185703,-0.014050,0.004887,0.003665,0.000000
accelerometer_uncalibrated,287048018993164,287048022171846,3,0.682347,5.908890,8.003817,0.000000,0.000000,0.000000
magnetic_field_uncalibrated,287048027000585,287048030721025,3,11.410001,-22.832001,-137.739014,7.597001,23.228001,-125.219009
gyroscope_uncalibrated,287048027000585,287048031179541,3,0.175318,-0.165544,-0.017715,0.004887,0.003665,0.000000
accelerometer_uncalibrated,287048027000585,287048032021416,3,0.749385,5.846641,7.920019,0.000000,0.000000,0.000000
magnetic_field_uncalibrated,287048035008085,287048038125361,3,10.404000,-22.290001,-137.627014,7.597001,23.228001,-125.220009
gyroscope_uncalibrated,287048035008085,287048038414736,3,0.174707,-0.127671,-0.026878,0.004887,0.003665,0.000000
accelerometer_uncalibrated,287048035008085,287048038492158,3,0.809240,5.793968,7.812280,0.000000,0.000000,0.000000
magnetic_field_uncalibrated,287048043016328,287048046039424,3,9.980000,-23.256001,-139.348007,7.597001,23.228001,-125.220009
gyroscope_uncalibrated,287048043016328,287048046155479,3,0.163712,-0.085521,-0.043371,0.004887,0.003665,0.000000
accelerometer_uncalibrated,287048043016328,287048046187393,3,0.909797,5.781997,7.721301,0.000000,0.000000,0.000000
magnetic_field_uncalibrated,287048051019687,287048053735049,3,9.898001,-22.631001,-140.320999,7.596000,23.228001,-125.219009
gyroscope_uncalibrated,287048051019687,287048053818760,3,0.145386,-0.043982,-0.062919,0.004887,0.003665,0.000000
accelerometer_uncalibrated,287048051019687,287048053843955,3,0.998382,5.777209,7.678205,0.000000,0.000000,0.000000
magnetic_field_uncalibrated,287048059022500,287048061941494,3,9.139001,-22.053001,-138.483002,7.597001,23.228001,-125.219009
gyroscope_uncalibrated,287048059022500,287048062005908,3,0.131947,-0.018937,-0.084910,0.004887,0.003665,0.000000
accelerometer_uncalibrated,287048059022500,287048062018018,3,1.003170,5.796362,7.711724,0.000000,0.000000,0.000000
magnetic_field_uncalibrated,287048067029570,287048069855518,3,9.275001,-23.585001,-137.506012,7.596000,23.229002,-125.219009
gyroscope_uncalibrated,287048067029570,287048069943447,3,0.124006,0.001833,-0.118508,0.004887,0.003665,0.000000
accelerometer_uncalibrated,287048067029570,287048070066533,3,0.931344,5.798757,7.726089,0.000000,0.000000,0.000000
magnetic_field_uncalibrated,287048075038164,287048077880049,3,10.447001,-23.468000,-136.867004,7.597001,23.228001,-125.220009
gyroscope_uncalibrated,287048075038164,287048077967666,3,0.117286,0.019548,-0.145997,0.004887,0.003665,0.000000
accelerometer_uncalibrated,287048075038164,287048077994854,3,0.830788,5.858612,7.642292,0.000000,0.000000,0.000000
magnetic_field_uncalibrated,287048083044101,287048086472275,3,10.634001,-22.442001,-136.440002,7.597001,23.228001,-125.219009
gyroscope_uncalibrated,287048083044101,287048087187861,3,0.098349,0.020159,-0.168599,0.004887,0.003665,0.000000
accelerometer_uncalibrated,287048083044101,287048087242744,3,0.701501,5.904101,7.541735,0.000000,0.000000,0.000000
magnetic_field_uncalibrated,287048091052773,287048094304346,3,10.633000,-22.358002,-137.412003,7.597001,23.228001,-125.219009
gyroscope_uncalibrated,287048091052773,287048094396377,3,0.081245,0.006109,-0.179594,0.004887,0.003665,0.000000
accelerometer_uncalibrated,287048091052773,287048094426494,3,0.591368,5.935226,7.496245,0.000000,0.000000,0.000000
magnetic_field_uncalibrated,287048099059960,287048102210557,3,10.952001,-22.783001,-137.413010,7.597001,23.228001,-125.220009
gyroscope_uncalibrated,287048099059960,287048102302783,3,0.053756,-0.028100,-0.188757,0.004887,0.003665,0.000000
accelerometer_uncalibrated,287048099059960,287048102333799,3,0.488417,5.942409,7.474698,0.000000,0.000000,0.000000
magnetic_field_uncalibrated,287048107068359,287048110117588,3,11.573001,-22.175001,-137.311005,7.597001,23.228001,-125.219009
gyroscope_uncalibrated,287048107068359,287048110220166,3,0.028711,-0.058643,-0.195477,0.004887,0.003665,0.000000
accelerometer_uncalibrated,287048107068359,287048110249697,3,0.390255,5.949591,7.501034,0.000000,0.000000,0.000000
magnetic_field_uncalibrated,287048115074804,287048119604111,3,11.614000,-21.618002,-136.666000,7.597001,23.229002,-125.219009
gyroscope_uncalibrated,287048115074804,287048119972080,3,0.010996,-0.070860,-0.188757,0.004887,0.003665,0.000000
accelerometer_uncalibrated,287048115074804,287048120014268,3,0.342371,5.925649,7.534553,0.000000,0.000000,0.000000
magnetic_field_uncalibrated,287048123085937,287048126068760,3,11.612000,-21.792002,-135.370010,7.597001,23.229002,-125.220009
gyroscope_uncalibrated,287048123085937,287048126160986,3,-0.006720,-0.073304,-0.180816,0.004887,0.003665,0.000000
accelerometer_uncalibrated,287048123085937,287048126458799,3,0.289698,5.899313,7.594408,0.000000,0.000000,0.000000
magnetic_field_uncalibrated,287048131096875,287048136160557,3,11.125001,-22.116001,-135.689011,7.597001,23.228001,-125.219009
gyroscope_uncalibrated,287048131096875,287048136488330,3,-0.021380,-0.069028,-0.168599,0.004887,0.003665,0.000000
accelerometer_uncalibrated,287048131096875,287048136589346,3,0.275333,5.901707,7.671022,0.000000,0.000000,0.000000
magnetic_field_uncalibrated,287048139107773,287048142806104,3,10.332001,-21.742001,-136.549011,7.597001,23.228001,-125.219009
gyroscope_uncalibrated,287048139107773,287048143205635,3,-0.028100,-0.069028,-0.152716,0.004887,0.003665,0.000000
accelerometer_uncalibrated,287048139107773,287048143396494,3,0.304064,5.875371,7.821857,0.000000,0.000000,0.000000
magnetic_field_uncalibrated,287048147115468,287048151821611,3,12.000001,-21.034000,-136.779007,7.597001,23.228001,-125.219009
gyroscope_uncalibrated,287048147115468,287048152160557,3,-0.025045,-0.069028,-0.142942,0.004887,0.003665,0.000000
accelerometer_uncalibrated,287048147115468,287048152280986,3,0.325611,5.861006,7.891289,0.000000,0.000000,0.000000
magnetic_field_uncalibrated,287048155123750,287048157968565,3,13.014001,-21.397001,-137.432007,7.597001,23.228001,-125.219009
gyroscope_uncalibrated,287048155123750,287048158035010,3,-0.010385,-0.065973,-0.134390,0.004887,0.003665,0.000000
accelerometer_uncalibrated,287048155123750,287048158158486,3,0.325611,5.856217,7.977480,0.000000,0.000000,0.000000
magnetic_field_uncalibrated,287048163130664,287048166554971,3,11.256001,-21.660002,-137.743011,7.597001,23.229002,-125.219009
gyroscope_uncalibrated,287048163130664,287048166704463,3,0.007941,-0.067806,-0.122784,0.004887,0.003665,0.000000
accelerometer_uncalibrated,287048163130664,287048166969033,3,0.289698,5.849035,8.049306,0.000000,0.000000,0.000000
magnetic_field_uncalibrated,287048171141484,287048173781846,3,11.038000,-21.668001,-135.798004,7.597001,23.229002,-125.219009
gyroscope_uncalibrated,287048171141484,287048173870440,3,0.031765,-0.076358,-0.106291,0.004887,0.003665,0.000000
accelerometer_uncalibrated,287048171141484,287048173900166,3,0.280122,5.846641,8.082825,0.000000,0.000000,0.000000
magnetic_field_uncalibrated,287048179154140,287048182754424,3,12.260000,-22.463001,-135.803009,7.597001,23.228001,-125.219009
gyroscope_uncalibrated,287048179154140,287048182904072,3,0.047037,-0.084910,-0.091630,0.004887,0.003665,0.000000
accelerometer_uncalibrated,287048179154140,287048183057900,3,0.361524,5.863400,8.058883,0.000000,0.000000,0.000000
magnetic_field_uncalibrated,287048187162968,287048189877783,3,11.772000,-22.615002,-137.743011,7.597001,23.228001,-125.220009
gyroscope_uncalibrated,287048187162968,287048189948252,3,0.067195,-0.100793,-0.078802,0.004887,0.003665,0.000000
accelerometer_uncalibrated,287048187162968,287048189973291,3,0.452504,5.877765,8.046912,0.000000,0.000000,0.000000
magnetic_field_uncalibrated,287048195172226,287048199833525,3,11.132001,-21.765001,-137.958008,7.597001,23.228001,-125.220009
gyroscope_uncalibrated,287048195172226,287048200380088,3,0.084299,-0.127060,-0.072082,0.004887,0.003665,0.000000
accelerometer_uncalibrated,287048195172226,287048200861377,3,0.548272,5.901707,8.046912,0.000000,0.000000,0.000000
magnetic_field_uncalibrated,287048203180664,287048206065713,3,10.525001,-22.360001,-136.223999,7.597001,23.228001,-125.220009
gyroscope_uncalibrated,287048203180664,287048206154893,3,0.098960,-0.160658,-0.075747,0.004887,0.003665,0.000000
accelerometer_uncalibrated,287048203180664,287048206180830,3,0.658405,5.992687,8.049306,0.000000,0.000000,0.000000
magnetic_field_uncalibrated,287048211189531,287048216452588,3,11.486001,-21.813002,-136.557007,7.597001,23.228001,-125.220009
gyroscope_uncalibrated,287048211189531,287048216552744,3,0.113010,-0.185092,-0.087965,0.004887,0.003665,0.000000
accelerometer_uncalibrated,287048211189531,287048216580049,3,0.754174,6.042965,7.982268,0.000000,0.000000,0.000000
magnetic_field_uncalibrated,287048219200898,287048222015791,3,12.904000,-21.230001,-138.188004,7.597001,23.228001,-125.220009
gyroscope_uncalibrated,287048219200898,287048222089932,3,0.128893,-0.213192,-0.111788,0.004887,0.003665,0.000000
accelerometer_uncalibrated,287048219200898,287048222178018,3,0.823605,6.069301,7.922413,0.000000,0.000000,0.000000
magnetic_field_uncalibrated,287048227213085,287048230663252,3,12.309001,-21.384001,-138.939011,7.597001,23.228001,-125.220009
gyroscope_uncalibrated,287048227213085,287048230811729,3,0.135612,-0.232129,-0.138666,0.004887,0.003665,0.000000
accelerometer_uncalibrated,287048227213085,287048230884971,3,0.847547,6.102820,7.876924,0.000000,0.000000,0.000000
magnetic_field_uncalibrated,287048235225351,287048238218291,3,12.111001,-21.028002,-137.536011,7.597001,23.228001,-125.220009
gyroscope_uncalibrated,287048235225351,287048238302861,3,0.136223,-0.238237,-0.156382,0.004887,0.003665,0.000000
accelerometer_uncalibrated,287048235225351,287048238472588,3,0.845153,6.126762,7.812280,0.000000,0.000000,0.000000
magnetic_field_uncalibrated,287048243234062,287048246051611,3,13.241000,-21.552002,-136.677002,7.597001,23.228001,-125.219009
gyroscope_uncalibrated,287048243234062,287048246134033,3,0.138666,-0.235794,-0.181427,0.004887,0.003665,0.000000
accelerometer_uncalibrated,287048243234062,287048246161572,3,0.792481,6.121974,7.745243,0.000000,0.000000,0.000000
magnetic_field_uncalibrated,287048251242734,287048253758604,3,13.137001,-21.207001,-138.189011,7.596000,23.228001,-125.219009
gyroscope_uncalibrated,287048251242734,287048253853838,3,0.133779,-0.210138,-0.200975,0.004887,0.003665,0.000000
accelerometer_uncalibrated,287048251242734,287048253884932,3,0.720655,6.110003,7.659051,0.000000,0.000000,0.000000
magnetic_field_uncalibrated,287048259252734,287048261930205,3,11.534000,-21.078001,-136.667999,7.597001,23.228001,-125.220009
gyroscope_uncalibrated,287048259252734,287048262002822,3,0.117897,-0.172875,-0.212581,0.004887,0.003665,0.000000
accelerometer_uncalibrated,287048259252734,287048262030440,3,0.624887,6.133945,7.568071,0.000000,0.000000,0.000000
magnetic_field_uncalibrated,287048267261250,287048270201065,3,11.465000,-22.177002,-136.123001,7.597001,23.228001,-125.220009
gyroscope_uncalibrated,287048267261250,287048270296807,3,0.102014,-0.146608,-0.215635,0.004887,0.003665,0.000000
accelerometer_uncalibrated,287048267261250,287048270326846,3,0.567426,6.148310,7.527370,0.000000,0.000000,0.000000
magnetic_field_uncalibrated,287048275270351,287048278264815,3,12.430000,-23.189001,-137.637009,7.597001,23.228001,-125.220009
gyroscope_uncalibrated,287048275270351,287048278362822,3,0.080023,-0.116675,-0.221133,0.004887,0.003665,0.000000
accelerometer_uncalibrated,287048275270351,287048278690440,3,0.545878,6.162675,7.489063,0.000000,0.000000,0.000000
magnetic_field_uncalibrated,287048283275507,287048286307275,3,13.011001,-23.134001,-137.857010,7.596000,23.229002,-125.220009
gyroscope_uncalibrated,287048283275507,287048286394815,3,0.062919,-0.098349,-0.231518,0.004887,0.003665,0.000000
accelerometer_uncalibrated,287048283275507,287048286420166,3,0.545878,6.148310,7.445967,0.000000,0.000000,0.000000
magnetic_field_uncalibrated,287048291281835,287048293821299,3,12.063001,-21.763000,-137.424011,7.597001,23.228001,-125.219009
gyroscope_uncalibrated,287048291281835,287048293903565,3,0.042150,-0.095906,-0.233351,0.004887,0.003665,0.000000
accelerometer_uncalibrated,287048291281835,287048293932861,3,0.538695,6.145916,7.457938,0.000000,0.000000,0.000000
magnetic_field_uncalibrated,287048299289453,287048302293057,3,12.838000,-20.591002,-137.218002,7.597001,23.228001,-125.219009
gyroscope_uncalibrated,287048299289453,287048302371846,3,0.031154,-0.108734,-0.236405,0.004887,0.003665,0.000000
accelerometer_uncalibrated,287048299289453,287048302392510,3,0.543484,6.131551,7.467515,0.000000,0.000000,0.000000
magnetic_field_uncalibrated,287048307297148,287048310516221,3,13.750001,-20.950001,-135.927002,7.597001,23.228001,-125.219009
gyroscope_uncalibrated,287048307297148,287048310606729,3,0.025656,-0.124617,-0.248622,0.004887,0.003665,0.000000
accelerometer_uncalibrated,287048307297148,287048310634580,3,0.567426,6.121974,7.544129,0.000000,0.000000,0.000000
magnetic_field_uncalibrated,287048315303007,287048318250557,3,11.911000,-22.582001,-134.829010,7.597001,23.228001,-125.220009
gyroscope_uncalibrated,287048315303007,287048318337979,3,0.026267,-0.138056,-0.248622,0.004887,0.003665,0.000000
accelerometer_uncalibrated,287048315303007,287048318365088,3,0.584185,6.098032,7.551312,0.000000,0.000000,0.000000
magnetic_field_uncalibrated,287048323310234,287048326910596,3,10.941001,-23.138000,-135.684006,7.597001,23.228001,-125.220009
gyroscope_uncalibrated,287048323310234,287048327114775,3,0.027489,-0.145997,-0.254120,0.004887,0.003665,0.000000
accelerometer_uncalibrated,287048323310234,287048327161963,3,0.567426,6.071695,7.548918,0.000000,0.000000,0.000000
magnetic_field_uncalibrated,287048331319882,287048334140166,3,12.734000,-22.238001,-136.347000,7.597001,23.228001,-125.219009
gyroscope_uncalibrated,287048331319882,287048334230127,3,0.031765,-0.156992,-0.263894,0.004887,0.003665,0.000000
accelerometer_uncalibrated,287048331319882,287048334257783,3,0.550666,6.050148,7.568071,0.000000,0.000000,0.000000
magnetic_field_uncalibrated,287048339328671,287048342303174,3,14.473001,-22.165001,-137.007004,7.597001,23.229002,-125.220009
gyroscope_uncalibrated,287048339328671,287048342384815,3,0.032987,-0.175318,-0.264505,0.004887,0.003665,0.000000
accelerometer_uncalibrated,287048339328671,287048343079658,3,0.529119,6.052542,7.541735,0.000000,0.000000,0.000000
magnetic_field_uncalibrated,287048347338632,287048352193252,3,13.516001,-22.537001,-137.755005,7.597001,23.228001,-125.220009
gyroscope_uncalibrated,287048347338632,287048352299385,3,0.026878,-0.185703,-0.271224,0.004887,0.003665,0.000000
accelerometer_uncalibrated,287048347338632,287048352331846,3,0.495600,6.059724,7.469909,0.000000,0.000000,0.000000
magnetic_field_uncalibrated,287048355347265,287048358225400,3,12.506001,-22.084002,-137.318008,7.597001,23.228001,-125.220009
gyroscope_uncalibrated,287048355347265,287048358315166,3,0.020159,-0.191201,-0.270002,0.004887,0.003665,0.000000
accelerometer_uncalibrated,287048355347265,287048358345244,3,0.474052,6.076484,7.443573,0.000000,0.000000,0.000000
magnetic_field_uncalibrated,287048363352187,287048367366025,3,12.297001,-21.825001,-136.562012,7.597001,23.229002,-125.220009
gyroscope_uncalibrated,287048363352187,287048367494658,3,0.004887,-0.195477,-0.271224,0.004887,0.003665,0.000000
accelerometer_uncalibrated,287048363352187,287048368119697,3,0.462081,6.066907,7.465121,0.000000,0.000000,0.000000
magnetic_field_uncalibrated,287048371358515,287048374130947,3,12.562000,-21.256001,-137.214005,7.597001,23.229002,-125.220009
gyroscope_uncalibrated,287048371358515,287048374210830,3,-0.003665,-0.211359,-0.270613,0.004887,0.003665,0.000000
accelerometer_uncalibrated,287048371358515,287048374450518,3,0.447716,6.069301,7.503428,0.000000,0.000000,0.000000
magnetic_field_uncalibrated,287048379360585,287048382425088,3,12.239000,-21.006001,-136.025009,7.597001,23.228001,-125.219009
gyroscope_uncalibrated,287048379360585,287048382504346,3,-0.010996,-0.222355,-0.271835,0.004887,0.003665,0.000000
accelerometer_uncalibrated,287048379360585,287048382525830,3,0.452504,6.071695,7.517793,0.000000,0.000000,0.000000
magnetic_field_uncalibrated,287048387366132,287048390355088,3,11.990001,-21.388000,-134.942001,7.597001,23.228001,-125.219009
gyroscope_uncalibrated,287048387366132,287048390462197,3,-0.014050,-0.221133,-0.274278,0.004887,0.003665,0.000000
accelerometer_uncalibrated,287048387366132,287048390496690,3,0.428562,6.054936,7.536947,0.000000,0.000000,0.000000
magnetic_field_uncalibrated,287048395373750,287048399348525,3,12.885000,-21.764002,-135.917999,7.597001,23.228001,-125.219009
gyroscope_uncalibrated,287048395373750,287048399913135,3,-0.017715,-0.224798,-0.271224,0.004887,0.003665,0.000000
accelerometer_uncalibrated,287048395373750,287048400047588,3,0.404620,6.047753,7.572860,0.000000,0.000000,0.000000
magnetic_field_uncalibrated,287048403380117,287048406114619,3,12.983001,-21.942001,-136.674011,7.597001,23.228001,-125.220009
gyroscope_uncalibrated,287048403380117,287048406184854,3,-0.021380,-0.224798,-0.266948,0.004887,0.003665,0.000000
accelerometer_uncalibrated,287048403380117,287048406231416,3,0.387861,6.054936,7.572860,0.000000,0.000000,0.000000
magnetic_field_uncalibrated,287048411389765,287048415487705,3,13.086000,-22.203001,-136.134003,7.597001,23.228001,-125.220009
gyroscope_uncalibrated,287048411389765,287048415583682,3,-0.026878,-0.222355,-0.263894,0.004887,0.003665,0.000000
accelerometer_uncalibrated,287048411389765,287048415617002,3,0.387861,6.071695,7.575254,0.000000,0.000000,0.000000
magnetic_field_uncalibrated,287048419399648,287048422277940,3,13.069000,-22.562000,-135.052002,7.596000,23.228001,-125.219009
gyroscope_uncalibrated,287048419399648,287048422365596,3,-0.030543,-0.218690,-0.260839,0.004887,0.003665,0.000000
accelerometer_uncalibrated,287048419399648,287048422579580,3,0.368707,6.088455,7.642292,0.000000,0.000000,0.000000
magnetic_field_uncalibrated,287048427410507,287048431516846,3,13.394001,-20.990002,-136.681000,7.597001,23.228001,-125.220009
gyroscope_uncalibrated,287048427410507,287048431606299,3,-0.031154,-0.221744,-0.262672,0.004887,0.003665,0.000000
accelerometer_uncalibrated,287048427410507,287048431632080,3,0.399832,6.071695,7.673417,0.000000,0.000000,0.000000
magnetic_field_uncalibrated,287048435421601,287048438206533,3,14.329000,-20.898001,-136.471008,7.597001,23.228001,-125.219009
gyroscope_uncalibrated,287048435421601,287048438287236,3,-0.028711,-0.225409,-0.263283,0.004887,0.003665,0.000000
accelerometer_uncalibrated,287048435421601,287048438425205,3,0.433351,6.081272,7.735666,0.000000,0.000000,0.000000
magnetic_field_uncalibrated,287048443430429,287048447876963,3,13.571001,-21.881001,-136.030014,7.596000,23.228001,-125.219009
gyroscope_uncalibrated,287048443430429,287048447973525,3,-0.025045,-0.229074,-0.268781,0.004887,0.003665,0.000000
accelerometer_uncalibrated,287048443430429,287048448036104,3,0.438139,6.090849,7.773973,0.000000,0.000000,0.000000
magnetic_field_uncalibrated,287048451440859,287048454036846,3,12.626000,-22.155001,-136.023010,7.597001,23.228001,-125.220009
gyroscope_uncalibrated,287048451440859,287048454127979,3,-0.018937,-0.226631,-0.274278,0.004887,0.003665,0.000000
accelerometer_uncalibrated,287048451440859,287048454154346,3,0.426168,6.095637,7.754819,0.000000,0.000000,0.000000
magnetic_field_uncalibrated,287048459446796,287048462138994,3,13.574000,-21.707001,-137.327011,7.597001,23.228001,-125.220009
gyroscope_uncalibrated,287048459446796,287048462206182,3,-0.014661,-0.229074,-0.276111,0.004887,0.003665,0.000000
accelerometer_uncalibrated,287048459446796,287048462229697,3,0.411803,6.102820,7.750031,0.000000,0.000000,0.000000
magnetic_field_uncalibrated,287048467453007,287048470135361,3,14.054001,-21.219002,-139.598999,7.597001,23.228001,-125.220009
gyroscope_uncalibrated,287048467453007,287048470215440,3,-0.015272,-0.235183,-0.280387,0.004887,0.003665,0.000000
accelerometer_uncalibrated,287048467453007,287048470240986,3,0.399832,6.119579,7.714118,0.000000,0.000000,0.000000
magnetic_field_uncalibrated,287048475460937,287048478256455,3,14.271001,-21.556002,-138.519012,7.597001,23.228001,-125.219009
gyroscope_uncalibrated,287048475460937,287048478343565,3,-0.015272,-0.236405,-0.284052,0.004887,0.003665,0.000000
accelerometer_uncalibrated,287048475460937,287048478362588,3,0.409408,6.129156,7.680599,0.000000,0.000000,0.000000
magnetic_field_uncalibrated,287048483468164,287048486248486,3,14.453001,-22.443001,-137.221008,7.597001,23.228001,-125.219009
gyroscope_uncalibrated,287048483468164,287048486339111,3,-0.019548,-0.239459,-0.289550,0.004887,0.003665,0.000000
accelerometer_uncalibrated,287048483468164,287048486364150,3,0.385466,6.136339,7.649475,0.000000,0.000000,0.000000
magnetic_field_uncalibrated,287048491474609,287048494590869,3,14.582001,-22.247002,-137.115005,7.596000,23.228001,-125.219009
gyroscope_uncalibrated,287048491474609,287048494671416,3,-0.029932,-0.240070,-0.293215,0.004887,0.003665,0.000000
accelerometer_uncalibrated,287048491474609,287048494697510,3,0.356736,6.117185,7.635109,0.000000,0.000000,0.000000
magnetic_field_uncalibrated,287048499482343,287048502588213,3,15.089001,-21.562000,-137.553009,7.597001,23.228001,-125.219009
gyroscope_uncalibrated,287048499482343,287048502670127,3,-0.039095,-0.230907,-0.291383,0.004887,0.003665,0.000000
accelerometer_uncalibrated,287048499482343,287048502702275,3,0.339977,6.098032,7.618350,0.000000,0.000000,0.000000
magnetic_field_uncalibrated,287048507490468,287048511288486,3,14.312000,-22.821001,-137.111008,7.596000,23.228001,-125.220009
gyroscope_uncalibrated,287048507490468,287048511379893,3,-0.047037,-0.222355,-0.293826,0.004887,0.003665,0.000000
accelerometer_uncalibrated,287048507490468,287048511411533,3,0.318429,6.081272,7.632715,0.000000,0.000000,0.000000
magnetic_field_uncalibrated,287048515497656,287048518448174,3,13.839001,-23.044001,-136.351013,7.596000,23.228001,-125.219009
gyroscope_uncalibrated,287048515497656,287048518537158,3,-0.056200,-0.218079,-0.294437,0.004887,0.003665,0.000000
accelerometer_uncalibrated,287048515497656,287048518562744,3,0.301669,6.078878,7.663840,0.000000,0.000000,0.000000
magnetic_field_uncalibrated,287048523503476,287048526404815,3,14.715001,-22.134001,-135.820999,7.597001,23.228001,-125.220009
gyroscope_uncalibrated,287048523503476,287048526489424,3,-0.059865,-0.213803,-0.295659,0.004887,0.003665,0.000000
accelerometer_uncalibrated,287048523503476,287048526523565,3,0.292093,6.059724,7.671022,0.000000,0.000000,0.000000
magnetic_field_uncalibrated,287048531508750,287048536068018,3,15.931001,-21.027000,-138.101013,7.596000,23.228001,-125.220009
gyroscope_uncalibrated,287048531508750,287048536331455,3,-0.058643,-0.210749,-0.296270,0.004887,0.003665,0.000000
accelerometer_uncalibrated,287048531508750,287048536387940,3,0.272939,6.052542,7.647080,0.000000,0.000000,0.000000
magnetic_field_uncalibrated,287048539517148,287048543468760,3,15.013000,-20.760000,-139.391006,7.597001,23.228001,-125.219009
gyroscope_uncalibrated,287048539517148,287048543570986,3,-0.058643,-0.219301,-0.294437,0.004887,0.003665,0.000000
accelerometer_uncalibrated,287048539517148,287048543835322,3,0.234632,6.035782,7.599196,0.000000,0.000000,0.000000
magnetic_field_uncalibrated,287048547527968,287048551340088,3,15.030001,-20.657001,-137.988007,7.597001,23.228001,-125.219009
gyroscope_uncalibrated,287048547527968,287048551435400,3,-0.064752,-0.227853,-0.288939,0.004887,0.003665,0.000000
accelerometer_uncalibrated,287048547527968,287048551464893,3,0.205901,6.023811,7.524976,0.000000,0.000000,0.000000
magnetic_field_uncalibrated,287048555536992,287048558395713,3,15.429001,-20.060001,-136.374008,7.597001,23.228001,-125.219009
gyroscope_uncalibrated,287048555536992,287048558467236,3,-0.082467,-0.231518,-0.280998,0.004887,0.003665,0.000000
accelerometer_uncalibrated,287048555536992,287048558492588,3,0.191536,6.028600,7.436390,0.000000,0.000000,0.000000
magnetic_field_uncalibrated,287048563546132,287048566551650,3,14.455001,-20.791000,-136.041000,7.597001,23.228001,-125.220009
gyroscope_uncalibrated,287048563546132,287048567281650,3,-0.096517,-0.233961,-0.273668,0.004887,0.003665,0.000000
accelerometer_uncalibrated,287048563546132,287048567818955,3,0.213084,6.016629,7.438785,0.000000,0.000000,0.000000
accelerometer_uncalibrated,287048571552070,287048573924463,3,0.208296,6.011840,7.467515,0.000000,0.000000,0.000000
magnetic_field_uncalibrated,287048571552070,287048574201846,3,13.967001,-21.030001,-137.332001,7.597001,23.228001,-125.220009
gyroscope_uncalibrated,287048571552070,287048574515986,3,-0.117286,-0.237627,-0.268781,0.004887,0.003665,0.000000
magnetic_field_uncalibrated,287048579556484,287048582804932,3,13.894001,-20.311001,-137.982010,7.597001,23.228001,-125.219009
gyroscope_uncalibrated,287048579556484,287048582971611,3,-0.131336,-0.239459,-0.265726,0.004887,0.003665,0.000000
accelerometer_uncalibrated,287048579556484,287048583007197,3,0.222661,6.021417,7.546524,0.000000,0.000000,0.000000
magnetic_field_uncalibrated,287048587563164,287048590325713,3,15.378000,-20.539001,-138.963013,7.597001,23.228001,-125.220009
gyroscope_uncalibrated,287048587563164,287048590398135,3,-0.137445,-0.230296,-0.257785,0.004887,0.003665,0.000000
accelerometer_uncalibrated,287048587563164,287048590423916,3,0.217872,6.021417,7.582437,0.000000,0.000000,0.000000
magnetic_field_uncalibrated,287048595571132,287048599425635,3,16.290001,-20.727001,-139.400009,7.597001,23.228001,-125.220009
gyroscope_uncalibrated,287048595571132,287048600025830,3,-0.141110,-0.219911,-0.254731,0.004887,0.003665,0.000000
accelerometer_uncalibrated,287048595571132,287048600700557,3,0.272939,6.019023,7.596802,0.000000,0.000000,0.000000
magnetic_field_uncalibrated,287048603580351,287048606308916,3,14.158001,-21.563002,-137.979004,7.597001,23.229002,-125.220009
gyroscope_uncalibrated,287048603580351,287048606380830,3,-0.144775,-0.210138,-0.255953,0.004887,0.003665,0.000000
accelerometer_uncalibrated,287048603580351,287048606481924,3,0.335188,6.004658,7.570466,0.000000,0.000000,0.000000
magnetic_field_uncalibrated,287048611589335,287048614218369,3,13.914001,-21.941002,-136.248001,7.597001,23.228001,-125.219009
gyroscope_uncalibrated,287048611589335,287048614287354,3,-0.153938,-0.205251,-0.264505,0.004887,0.003665,0.000000
accelerometer_uncalibrated,287048611589335,287048614316143,3,0.354342,6.009446,7.503428,0.000000,0.000000,0.000000
magnetic_field_uncalibrated,287048619599023,287048623052158,3,15.345000,-21.172001,-137.664001,7.596000,23.228001,-125.219009
gyroscope_uncalibrated,287048619599023,287048623156143,3,-0.173486,-0.198531,-0.270002,0.004887,0.003665,0.000000
accelerometer_uncalibrated,287048619599023,287048623184307,3,0.337582,6.002264,7.374141,0.000000,0.000000,0.000000
magnetic_field_uncalibrated,287048627608554,287048630620713,3,15.078001,-21.572001,-138.957001,7.597001,23.228001,-125.220009
gyroscope_uncalibrated,287048627608554,287048631037315,3,-0.196699,-0.197309,-0.276111,0.004887,0.003665,0.000000
accelerometer_uncalibrated,287048627608554,287048631695127,3,0.328006,6.021417,7.292738,0.000000,0.000000,0.000000
magnetic_field_uncalibrated,287048635616367,287048638422900,3,14.338000,-22.281000,-138.625000,7.597001,23.228001,-125.220009
gyroscope_uncalibrated,287048635616367,287048638516455,3,-0.237016,-0.200364,-0.280387,0.004887,0.003665,0.000000
accelerometer_uncalibrated,287048635616367,287048638543760,3,0.330400,6.030994,7.249643,0.000000,0.000000,0.000000
magnetic_field_uncalibrated,287048643623007,287048646998447,3,15.525001,-21.803001,-139.067001,7.597001,23.229002,-125.220009
gyroscope_uncalibrated,287048643623007,287048647112315,3,-0.278555,-0.207083,-0.288939,0.004887,0.003665,0.000000
accelerometer_uncalibrated,287048643623007,287048647141182,3,0.344765,6.007052,7.218518,0.000000,0.000000,0.000000
magnetic_field_uncalibrated,287048651630507,287048654633369,3,16.150002,-21.191002,-138.425003,7.597001,23.228001,-125.219009
gyroscope_uncalibrated,287048651630507,287048654728135,3,-0.309709,-0.220522,-0.296270,0.004887,0.003665,0.000000
accelerometer_uncalibrated,287048651630507,287048654761807,3,0.351948,5.990293,7.273585,0.000000,0.000000,0.000000
magnetic_field_uncalibrated,287048659642812,287048662592666,3,15.119000,-20.931002,-139.175003,7.597001,23.228001,-125.219009
gyroscope_uncalibrated,287048659642812,287048662673682,3,-0.343917,-0.235794,-0.304822,0.004887,0.003665,0.000000
accelerometer_uncalibrated,287048659642812,287048662775127,3,0.366313,5.956774,7.331046,0.000000,0.000000,0.000000
magnetic_field_uncalibrated,287048667655078,287048670414932,3,14.858001,-21.324001,-139.604004,7.597001,23.228001,-125.220009
gyroscope_uncalibrated,287048667655078,287048670506377,3,-0.376904,-0.233351,-0.312152,0.004887,0.003665,0.000000
accelerometer_uncalibrated,287048667655078,287048670534346,3,0.383072,5.923255,7.340622,0.000000,0.000000,0.000000
magnetic_field_uncalibrated,287048675664023,287048678391650,3,15.911001,-21.305000,-138.423004,7.597001,23.228001,-125.219009
gyroscope_uncalibrated,287048675664023,287048678476924,3,-0.407447,-0.218690,-0.321315,0.004887,0.003665,0.000000
accelerometer_uncalibrated,287048675664023,287048678503135,3,0.390255,5.884948,7.386112,0.000000,0.000000,0.000000
magnetic_field_uncalibrated,287048683671289,287048686583760,3,15.996000,-21.754002,-138.530014,7.597001,23.228001,-125.219009
gyroscope_uncalibrated,287048683671289,287048686670479,3,-0.431882,-0.205862,-0.328645,0.004887,0.003665,0.000000
accelerometer_uncalibrated,287048683671289,287048686697432,3,0.363919,5.839458,7.419631,0.000000,0.000000,0.000000
magnetic_field_uncalibrated,287048691676875,287048696905283,3,15.385001,-22.182001,-138.956009,7.597001,23.228001,-125.219009
gyroscope_uncalibrated,287048691676875,287048696992861,3,-0.459982,-0.182649,-0.336587,0.004887,0.003665,0.000000
accelerometer_uncalibrated,287048691676875,287048697017510,3,0.349553,5.779603,7.527370,0.000000,0.000000,0.000000
magnetic_field_uncalibrated,287048699685859,287048702424307,3,15.935000,-20.852001,-139.181000,7.596000,23.228001,-125.219009
gyroscope_uncalibrated,287048699685859,287048702527275,3,-0.482584,-0.145997,-0.339030,0.004887,0.003665,0.000000
accelerometer_uncalibrated,287048699685859,287048702554072,3,0.328006,5.755661,7.601591,0.000000,0.000000,0.000000
magnetic_field_uncalibrated,287048707697968,287048710431065,3,16.039001,-20.939001,-140.153000,7.597001,23.229002,-125.219009
gyroscope_uncalibrated,287048707697968,287048710510908,3,-0.497855,-0.098349,-0.342695,0.004887,0.003665,0.000000
accelerometer_uncalibrated,287048707697968,287048710537471,3,0.330400,5.693412,7.651869,0.000000,0.000000,0.000000
magnetic_field_uncalibrated,287048715708593,287048718576416,3,15.458001,-20.822001,-141.445007,7.597001,23.228001,-125.219009
gyroscope_uncalibrated,287048715708593,287048718661260,3,-0.507018,-0.076358,-0.340863,0.004887,0.003665,0.000000
accelerometer_uncalibrated,287048715708593,287048718688486,3,0.342371,5.640739,7.747637,0.000000,0.000000,0.000000
magnetic_field_uncalibrated,287048723718281,287048727410986,3,15.353001,-20.736000,-140.689011,7.597001,23.228001,-125.219009
gyroscope_uncalibrated,287048723718281,287048727611416,3,-0.516181,-0.076358,-0.337808,0.004887,0.003665,0.000000
accelerometer_uncalibrated,287048723718281,287048727995010,3,0.308852,5.588067,7.943961,0.000000,0.000000,0.000000
gyroscope_uncalibrated,287048731727812,287048734358057,3,-0.507629,-0.078191,-0.338419,0.004887,0.003665,0.000000
accelerometer_uncalibrated,287048731727812,287048735412822,3,0.308852,5.580884,8.128315,0.000000,0.000000,0.000000
magnetic_field_uncalibrated,287048731727812,287048735608838,3,17.315001,-20.908001,-140.270004,7.597001,23.228001,-125.220009
magnetic_field_uncalibrated,287048739736328,287048742388018,3,17.832001,-20.040001,-140.817001,7.597001,23.228001,-125.220009
gyroscope_uncalibrated,287048739736328,287048742451025,3,-0.483805,-0.070860,-0.332922,0.004887,0.003665,0.000000
accelerometer_uncalibrated,287048739736328,287048742478330,3,0.311246,5.576096,8.228871,0.000000,0.000000,0.000000
accelerometer_uncalibrated,287048747743242,287048751004463,3,0.332794,5.554548,8.310274,0.000000,0.000000,0.000000
magnetic_field_uncalibrated,287048747743242,287048751737119,3,17.490002,-20.066002,-139.843002,7.597001,23.228001,-125.220009
gyroscope_uncalibrated,287048747743242,287048752115713,3,-0.460592,-0.069639,-0.334143,0.004887,0.003665,0.000000
magnetic_field_uncalibrated,287048755751914,287048758621611,3,18.749001,-20.309000,-139.742004,7.597001,23.228001,-125.220009
gyroscope_uncalibrated,287048755751914,287048758710557,3,-0.439823,-0.064141,-0.334754,0.004887,0.003665,0.000000
accelerometer_uncalibrated,287048755751914,287048758859854,3,0.332794,5.547365,8.283937,0.000000,0.000000,0.000000
magnetic_field_uncalibrated,287048763758710,287048766690596,3,18.761002,-19.953001,-141.363007,7.597001,23.228001,-125.220009
gyroscope_uncalibrated,287048763758710,287048767196025,3,-0.423940,-0.038485,-0.337198,0.004887,0.003665,0.000000
accelerometer_uncalibrated,287048763758710,287048768027510,3,0.337582,5.559336,8.169016,0.000000,0.000000,0.000000
magnetic_field_uncalibrated,287048771765156,287048774372002,3,17.658001,-19.146002,-141.143005,7.597001,23.228001,-125.220009
gyroscope_uncalibrated,287048771765156,287048774446104,3,-0.420886,-0.003665,-0.343306,0.004887,0.003665,0.000000
accelerometer_uncalibrated,287048771765156,287048774474658,3,0.359130,5.573701,7.996634,0.000000,0.000000,0.000000
magnetic_field_uncalibrated,287048779771367,287048783338994,3,17.198000,-19.098001,-141.032013,7.597001,23.228001,-125.219009
gyroscope_uncalibrated,287048779771367,287048783461611,3,-0.441656,0.057421,-0.353080,0.004887,0.003665,0.000000
accelerometer_uncalibrated,287048779771367,287048783492002,3,0.404620,5.549759,7.740454,0.000000,0.000000,0.000000
magnetic_field_uncalibrated,287048787778437,287048790600596,3,17.494001,-19.633001,-143.299011,7.597001,23.228001,-125.219009
gyroscope_uncalibrated,287048787778437,287048790679971,3,-0.481973,0.114843,-0.376293,0.004887,0.003665,0.000000
accelerometer_uncalibrated,287048787778437,287048790723291,3,0.490811,5.549759,7.534553,0.000000,0.000000,0.000000
magnetic_field_uncalibrated,287048795784765,287048799641299,3,17.485001,-19.727001,-143.623001,7.596000,23.228001,-125.220009
gyroscope_uncalibrated,287048795784765,287048799749111,3,-0.546724,0.215635,-0.410501,0.004887,0.003665,0.000000
accelerometer_uncalibrated,287048795784765,287048800037783,3,0.641646,5.511452,7.168240,0.000000,0.000000,0.000000
magnetic_field_uncalibrated,287048803790898,287048806698369,3,17.276001,-19.555000,-142.110001,7.597001,23.228001,-125.219009
gyroscope_uncalibrated,287048803790898,287048806804580,3,-0.615141,0.309709,-0.446543,0.004887,0.003665,0.000000
accelerometer_uncalibrated,287048803790898,287048806962627,3,0.739808,5.451597,6.880936,0.000000,0.000000,0.000000
magnetic_field_uncalibrated,287048811799257,287048814423252,3,17.157001,-19.654001,-141.569000,7.597001,23.228001,-125.219009
gyroscope_uncalibrated,287048811799257,287048814538838,3,-0.730595,0.417832,-0.507018,0.004887,0.003665,0.000000
accelerometer_uncalibrated,287048811799257,287048814596338,3,0.816423,5.367800,6.691794,0.000000,0.000000,0.000000
magnetic_field_uncalibrated,287048819806523,287048823000635,3,17.818001,-20.225000,-141.032013,7.597001,23.228001,-125.220009
gyroscope_uncalibrated,287048819806523,287048823099307,3,-0.854600,0.485027,-0.582155,0.004887,0.003665,0.000000
accelerometer_uncalibrated,287048819806523,287048823361611,3,0.837971,5.293580,6.689400,0.000000,0.000000,0.000000
magnetic_field_uncalibrated,287048827812968,287048832811533,3,19.011002,-19.657001,-141.582001,7.597001,23.228001,-125.220009
gyroscope_uncalibrated,287048827812968,287048832903291,3,-0.960280,0.521679,-0.655458,0.004887,0.003665,0.000000
accelerometer_uncalibrated,287048827812968,287048833049502,3,0.756568,5.195418,6.763620,0.000000,0.000000,0.000000
magnetic_field_uncalibrated,287048835820898,287048838732979,3,17.592001,-18.076000,-144.062012,7.597001,23.228001,-125.220009
gyroscope_uncalibrated,287048835820898,287048838803799,3,-1.027475,0.532064,-0.711047,0.004887,0.003665,0.000000
accelerometer_uncalibrated,287048835820898,287048838952315,3,0.560243,5.111620,6.940791,0.000000,0.000000,0.000000
magnetic_field_uncalibrated,287048843827734,287048847358213,3,17.277000,-17.561001,-144.386002,7.597001,23.228001,-125.220009
gyroscope_uncalibrated,287048843827734,287048847537861,3,-1.098336,0.511905,-0.770912,0.004887,0.003665,0.000000
accelerometer_uncalibrated,287048843827734,287048847596221,3,0.316035,5.032612,7.204153,0.000000,0.000000,0.000000
magnetic_field_uncalibrated,287048851834531,287048856132041,3,19.442001,-18.255001,-142.994003,7.597001,23.228001,-125.220009
gyroscope_uncalibrated,287048851834531,287048856376963,3,-1.134377,0.476475,-0.808786,0.004887,0.003665,0.000000
accelerometer_uncalibrated,287048851834531,287048856474307,3,-0.016759,4.915296,7.493851,0.000000,0.000000,0.000000
magnetic_field_uncalibrated,287048859843281,287048862527080,3,19.609001,-19.157001,-143.747009,7.597001,23.228001,-125.219009
gyroscope_uncalibrated,287048859843281,287048862584775,3,-1.148427,0.452651,-0.813062,0.004887,0.003665,0.000000
accelerometer_uncalibrated,287048859843281,287048862612393,3,-0.244209,4.752491,7.661446,0.000000,0.000000,0.000000
magnetic_field_uncalibrated,287048867849218,287048870579072,3,19.951000,-19.217001,-143.965012,7.597001,23.228001,-125.220009
gyroscope_uncalibrated,287048867849218,287048870666143,3,-1.150870,0.395230,-0.800844,0.004887,0.003665,0.000000
accelerometer_uncalibrated,287048867849218,287048870691182,3,-0.469264,4.606444,7.778761,0.000000,0.000000,0.000000
magnetic_field_uncalibrated,287048875855234,287048878588838,3,20.396002,-17.800001,-143.434006,7.596000,23.228001,-125.220009
gyroscope_uncalibrated,287048875855234,287048878665322,3,-1.156979,0.304211,-0.775188,0.004887,0.003665,0.000000
accelerometer_uncalibrated,287048875855234,287048878689580,3,-0.646434,4.517859,7.893683,0.000000,0.000000,0.000000
magnetic_field_uncalibrated,287048883861093,287048887123643,3,19.973001,-17.202002,-143.434006,7.597001,23.228001,-125.220009
gyroscope_uncalibrated,287048883861093,287048887231416,3,-1.156979,0.216857,-0.738536,0.004887,0.003665,0.000000
accelerometer_uncalibrated,287048883861093,287048887259619,3,-0.802058,4.486734,8.003817,0.000000,0.000000,0.000000
magnetic_field_uncalibrated,287048891868046,287048894250010,3,21.259001,-16.989000,-143.875000,7.597001,23.229002,-125.220009
gyroscope_uncalibrated,287048891868046,287048894321846,3,-1.149648,0.155160,-0.709215,0.004887,0.003665,0.000000
accelerometer_uncalibrated,287048891868046,287048894421221,3,-0.864307,4.436456,8.157045,0.000000,0.000000,0.000000
gyroscope_uncalibrated,287048899877070,287048902974736,3,-1.131322,0.062919,-0.669508,0.004887,0.003665,0.000000
accelerometer_uncalibrated,287048899877070,287048903084815,3,-0.914585,4.340688,8.465898,0.000000,0.000000,0.000000
magnetic_field_uncalibrated,287048899877070,287048903157900,3,21.021002,-16.844000,-146.033005,7.597001,23.229002,-125.219009
magnetic_field_uncalibrated,287048907886601,287048910987744,3,21.350000,-17.003000,-147.222000,7.597001,23.228001,-125.219009
gyroscope_uncalibrated,287048907886601,287048911077158,3,-1.098947,-0.024435,-0.629191,0.004887,0.003665,0.000000
accelerometer_uncalibrated,287048907886601,287048911109815,3,-0.943315,4.268862,8.695741,0.000000,0.000000,0.000000
magnetic_field_uncalibrated,287048915895937,287048919351963,3,21.462002,-17.082001,-147.007004,7.597001,23.228001,-125.220009
gyroscope_uncalibrated,287048915895937,287048919435791,3,-1.051910,-0.083078,-0.588263,0.004887,0.003665,0.000000
accelerometer_uncalibrated,287048915895937,287048919465166,3,-0.924162,4.232949,8.918402,0.000000,0.000000,0.000000
magnetic_field_uncalibrated,287048923904140,287048926762744,3,20.514002,-17.530001,-145.703003,7.597001,23.228001,-125.219009
gyroscope_uncalibrated,287048923904140,287048926906143,3,-1.012815,-0.127671,-0.561385,0.004887,0.003665,0.000000
accelerometer_uncalibrated,287048923904140,287048927283955,3,-0.888249,4.216189,9.105149,0.000000,0.000000,0.000000
magnetic_field_uncalibrated,287048931913164,287048934894307,3,20.905001,-16.855001,-145.924011,7.597001,23.228001,-125.219009
gyroscope_uncalibrated,287048931913164,287048935016611,3,-0.960280,-0.194255,-0.533896,0.004887,0.003665,0.000000
accelerometer_uncalibrated,287048931913164,287048935338447,3,-0.864307,4.185065,9.337387,0.000000,0.000000,0.000000
magnetic_field_uncalibrated,287048939920976,287048944978018,3,21.649000,-16.057001,-146.581009,7.597001,23.228001,-125.220009
gyroscope_uncalibrated,287048939920976,287048945071572,3,-0.901637,-0.239459,-0.511905,0.004887,0.003665,0.000000
accelerometer_uncalibrated,287048939920976,287048945524346,3,-0.893037,4.158728,9.483433,0.000000,0.000000,0.000000
magnetic_field_uncalibrated,287048947930078,287048951731221,3,22.715000,-15.767001,-146.049011,7.597001,23.228001,-125.220009
gyroscope_uncalibrated,287048947930078,287048951814932,3,-0.841772,-0.245568,-0.493579,0.004887,0.003665,0.000000
accelerometer_uncalibrated,287048947930078,287048951846846,3,-0.919373,4.129998,9.548077,0.000000,0.000000,0.000000
magnetic_field_uncalibrated,287048955939140,287048959205986,3,22.811001,-15.948001,-147.129013,7.597001,23.228001,-125.220009
gyroscope_uncalibrated,287048955939140,287048959363994,3,-0.804510,-0.243735,-0.466701,0.004887,0.003665,0.000000
accelerometer_uncalibrated,287048955939140,287048959401533,3,-0.888249,4.072537,9.593566,0.000000,0.000000,0.000000
magnetic_field_uncalibrated,287048963945625,287048967438330,3,22.572001,-15.977001,-147.990005,7.597001,23.228001,-125.219009
gyroscope_uncalibrated,287048963945625,287048967517627,3,-0.765414,-0.245568,-0.450208,0.004887,0.003665,0.000000
accelerometer_uncalibrated,287048963945625,287048967541221,3,-0.852336,4.053383,9.607931,0.000000,0.000000,0.000000
magnetic_field_uncalibrated,287048971948984,287048974210400,3,22.129002,-15.655001,-148.097000,7.597001,23.229002,-125.220009
gyroscope_uncalibrated,287048971948984,287048974277744,3,-0.736704,-0.226631,-0.437990,0.004887,0.003665,0.000000
accelerometer_uncalibrated,287048971948984,287048974301182,3,-0.866701,4.043807,9.560047,0.000000,0.000000,0.000000
magnetic_field_uncalibrated,287048979956562,287048983038213,3,22.596001,-15.524001,-148.856003,7.597001,23.228001,-125.219009
gyroscope_uncalibrated,287048979956562,287048983135557,3,-0.720821,-0.194866,-0.425162,0.004887,0.003665,0.000000
accelerometer_uncalibrated,287048979956562,287048983284033,3,-0.885855,3.981557,9.442732,0.000000,0.000000,0.000000
magnetic_field_uncalibrated,287048987964257,287048990820400,3,23.343000,-14.808001,-148.216003,7.597001,23.228001,-125.219009
gyroscope_uncalibrated,287048987964257,287048990948096,3,-0.718378,-0.161879,-0.412945,0.004887,0.003665,0.000000
accelerometer_uncalibrated,287048987964257,287048990978252,3,-0.869095,3.904943,9.272743,0.000000,0.000000,0.000000
magnetic_field_uncalibrated,287048995971328,287049000263330,3,23.225000,-14.906001,-147.567001,7.597001,23.229002,-125.219009
gyroscope_uncalibrated,287048995971328,287049000525986,3,-0.748310,-0.136223,-0.406225,0.004887,0.003665,0.000000
accelerometer_uncalibrated,287048995971328,287049001195791,3,-0.876278,3.861847,9.167398,0.000000,0.000000,0.000000
magnetic_field_uncalibrated,287049003977031,287049006732236,3,23.071001,-15.298000,-149.292007,7.597001,23.228001,-125.219009
gyroscope_uncalibrated,287049003977031,287049006805635,3,-0.792292,-0.069639,-0.398895,0.004887,0.003665,0.000000
accelerometer_uncalibrated,287049003977031,287049006859072,3,-0.897826,3.813963,9.035717,0.000000,0.000000,0.000000
magnetic_field_uncalibrated,287049011984648,287049014999932,3,23.066002,-15.303000,-149.940002,7.597001,23.228001,-125.220009
gyroscope_uncalibrated,287049011984648,287049015316963,3,-0.830166,0.012217,-0.392786,0.004887,0.003665,0.000000
accelerometer_uncalibrated,287049011984648,287049015448916,3,-0.883460,3.720589,9.052477,0.000000,0.000000,0.000000
magnetic_field_uncalibrated,287049019990585,287049022705049,3,23.543001,-15.162001,-149.404007,7.597001,23.228001,-125.220009
gyroscope_uncalibrated,287049019990585,287049022781065,3,-0.875981,0.135001,-0.391565,0.004887,0.003665,0.000000
accelerometer_uncalibrated,287049019990585,287049022805947,3,-0.878672,3.586514,9.181764,0.000000,0.000000,0.000000
magnetic_field_uncalibrated,287049027995273,287049031840361,3,24.538002,-14.066001,-150.063004,7.597001,23.228001,-125.220009
gyroscope_uncalibrated,287049027995273,287049032137236,3,-0.905913,0.255342,-0.390954,0.004887,0.003665,0.000000
accelerometer_uncalibrated,287049027995273,287049032202041,3,-0.921768,3.493140,9.349358,0.000000,0.000000,0.000000
magnetic_field_uncalibrated,287049036000820,287049038906533,3,23.982000,-13.667001,-150.601013,7.597001,23.228001,-125.220009
gyroscope_uncalibrated,287049036000820,287049038982979,3,-0.912022,0.370184,-0.388510,0.004887,0.003665,0.000000
accelerometer_uncalibrated,287049036000820,287049039018447,3,-0.952892,3.411737,9.512163,0.000000,0.000000,0.000000
magnetic_field_uncalibrated,287049044007695,287049049663135,3,23.297001,-13.719001,-148.545013,7.597001,23.228001,-125.220009
gyroscope_uncalibrated,287049044007695,287049049740635,3,-0.905302,0.447153,-0.387289,0.004887,0.003665,0.000000
accelerometer_uncalibrated,287049044007695,287049049772979,3,-0.991199,3.332729,9.629479,0.000000,0.000000,0.000000
magnetic_field_uncalibrated,287049052015273,287049055850166,3,24.578001,-13.684001,-148.121002,7.597001,23.228001,-125.219009
gyroscope_uncalibrated,287049052015273,287049055960361,3,-0.880257,0.520457,-0.386678,0.004887,0.003665,0.000000
accelerometer_uncalibrated,287049052015273,287049055991025,3,-1.053449,3.239355,9.725247,0.000000,0.000000,0.000000
magnetic_field_uncalibrated,287049060023007,287049062704229,3,25.422001,-13.062000,-149.317001,7.597001,23.228001,-125.219009
gyroscope_uncalibrated,287049060023007,287049062776494,3,-0.845438,0.552222,-0.381180,0.004887,0.003665,0.000000
accelerometer_uncalibrated,287049060023007,287049062803955,3,-1.154005,3.155558,9.792285,0.000000,0.000000,0.000000
magnetic_field_uncalibrated,287049068030703,287049070954150,3,24.644001,-12.588000,-149.098007,7.597001,23.228001,-125.220009
gyroscope_uncalibrated,287049068030703,287049071047549,3,-0.811840,0.554055,-0.374460,0.004887,0.003665,0.000000
accelerometer_uncalibrated,287049068030703,287049071237705,3,-1.244985,3.090914,9.864111,0.000000,0.000000,0.000000
magnetic_field_uncalibrated,287049076037109,287049078936065,3,23.932001,-12.754001,-149.848007,7.597001,23.228001,-125.219009
gyroscope_uncalibrated,287049076037109,287049079024346,3,-0.764803,0.521068,-0.361021,0.004887,0.003665,0.000000
accelerometer_uncalibrated,287049076037109,287049079220283,3,-1.374272,3.016694,9.964667,0.000000,0.000000,0.000000
magnetic_field_uncalibrated,287049084043593,287049086756768,3,23.321001,-13.009001,-151.894012,7.597001,23.228001,-125.219009
gyroscope_uncalibrated,287049084043593,287049086875674,3,-0.704938,0.465479,-0.336587,0.004887,0.003665,0.000000
accelerometer_uncalibrated,287049084043593,287049086915479,3,-1.525106,2.956839,10.002975,0.000000,0.000000,0.000000
magnetic_field_uncalibrated,287049092050507,287049094657861,3,23.668001,-12.978001,-152.221008,7.597001,23.228001,-125.220009
gyroscope_uncalibrated,287049092050507,287049094738408,3,-0.639576,0.401949,-0.299935,0.004887,0.003665,0.000000
accelerometer_uncalibrated,287049092050507,287049094765947,3,-1.632846,2.858677,10.055647,0.000000,0.000000,0.000000
magnetic_field_uncalibrated,287049100056289,287049102958018,3,24.095001,-11.924001,-151.040009,7.597001,23.228001,-125.219009
gyroscope_uncalibrated,287049100056289,287049103046143,3,-0.589485,0.346971,-0.268781,0.004887,0.003665,0.000000
accelerometer_uncalibrated,287049100056289,287049103082158,3,-1.644817,2.784456,10.108319,0.000000,0.000000,0.000000
magnetic_field_uncalibrated,287049108061171,287049110653955,3,24.427002,-12.251000,-150.178009,7.597001,23.228001,-125.220009
gyroscope_uncalibrated,287049108061171,287049110725908,3,-0.523512,0.261450,-0.230907,0.004887,0.003665,0.000000
accelerometer_uncalibrated,287049108061171,287049110751533,3,-1.644817,2.715025,10.137050,0.000000,0.000000,0.000000
magnetic_field_uncalibrated,287049116067226,287049119025166,3,25.338001,-12.525001,-149.751007,7.596000,23.228001,-125.220009
gyroscope_uncalibrated,287049116067226,287049119114932,3,-0.457538,0.179594,-0.193644,0.004887,0.003665,0.000000
accelerometer_uncalibrated,287049116067226,287049119145947,3,-1.668759,2.681506,10.125079,0.000000,0.000000,0.000000
magnetic_field_uncalibrated,287049124072539,287049126725986,3,25.029001,-11.747001,-151.695007,7.597001,23.228001,-125.219009
gyroscope_uncalibrated,287049124072539,287049126803135,3,-0.395841,0.109345,-0.160047,0.004887,0.003665,0.000000
accelerometer_uncalibrated,287049124072539,287049126937158,3,-1.668759,2.664747,10.053253,0.000000,0.000000,0.000000
magnetic_field_uncalibrated,287049132076171,287049134491729,3,24.795002,-11.684001,-152.557007,7.597001,23.228001,-125.219009
gyroscope_uncalibrated,287049132076171,287049134562588,3,-0.356134,0.067195,-0.133779,0.004887,0.003665,0.000000
accelerometer_uncalibrated,287049132076171,287049135833213,3,-1.656788,2.626439,9.945514,0.000000,0.000000,0.000000
magnetic_field_uncalibrated,287049140081171,287049143459541,3,25.025002,-11.836000,-151.371002,7.597001,23.228001,-125.220009
gyroscope_uncalibrated,287049140081171,287049143558877,3,-0.319483,0.016493,-0.102625,0.004887,0.003665,0.000000
accelerometer_uncalibrated,287049140081171,287049143588486,3,-1.611298,2.597709,9.849746,0.000000,0.000000,0.000000
magnetic_field_uncalibrated,287049148086718,287049151430791,3,24.977001,-12.484000,-152.016006,7.596000,23.228001,-125.220009
gyroscope_uncalibrated,287049148086718,287049151519502,3,-0.296270,-0.028100,-0.076358,0.004887,0.003665,0.000000
accelerometer_uncalibrated,287049148086718,287049151544971,3,-1.572991,2.578555,9.761160,0.000000,0.000000,0.000000
magnetic_field_uncalibrated,287049156091093,287049158631690,3,24.749001,-12.330001,-152.986008,7.597001,23.228001,-125.219009
gyroscope_uncalibrated,287049156091093,287049158705674,3,-0.283441,-0.054367,-0.062919,0.004887,0.003665,0.000000
accelerometer_uncalibrated,287049156091093,287049158729190,3,-1.515530,2.564190,9.758766,0.000000,0.000000,0.000000
magnetic_field_uncalibrated,287049164095000,287049167636182,3,24.831001,-11.047001,-153.424011,7.597001,23.228001,-125.219009
gyroscope_uncalibrated,287049164095000,287049167758721,3,-0.270002,-0.084910,-0.044593,0.004887,0.003665,0.000000
accelerometer_uncalibrated,287049164095000,287049167788799,3,-1.479617,2.561796,9.758766,0.000000,0.000000,0.000000
magnetic_field_uncalibrated,287049172097421,287049175159424,3,24.476002,-11.258000,-152.557007,7.597001,23.228001,-125.219009
gyroscope_uncalibrated,287049172097421,287049175261221,3,-0.250455,-0.100793,-0.030543,0.004887,0.003665,0.000000
accelerometer_uncalibrated,287049172097421,287049175287744,3,-1.460463,2.554613,9.770737,0.000000,0.000000,0.000000
magnetic_field_uncalibrated,287049180102460,287049184015791,3,24.360001,-11.355000,-151.692001,7.597001,23.228001,-125.219009
gyroscope_uncalibrated,287049180102460,287049184110791,3,-0.229685,-0.108123,-0.021380,0.004887,0.003665,0.000000
accelerometer_uncalibrated,287049180102460,287049184137002,3,-1.462857,2.566584,9.797073,0.000000,0.000000,0.000000
magnetic_field_uncalibrated,287049188106484,287049191238096,3,24.602001,-11.152000,-152.127014,7.597001,23.228001,-125.220009
gyroscope_uncalibrated,287049188106484,287049191329072,3,-0.214414,-0.105069,-0.012217,0.004887,0.003665,0.000000
accelerometer_uncalibrated,287049188106484,287049191615088,3,-1.472434,2.576161,9.782708,0.000000,0.000000,0.000000
magnetic_field_uncalibrated,287049196111367,287049200157002,3,24.141001,-11.105000,-152.124008,7.597001,23.228001,-125.220009
gyroscope_uncalibrated,287049196111367,287049200249229,3,-0.194866,-0.103236,0.003665,0.004887,0.003665,0.000000
accelerometer_uncalibrated,287049196111367,287049200278760,3,-1.472434,2.590526,9.720459,0.000000,0.000000,0.000000
magnetic_field_uncalibrated,287049204113867,287049206898916,3,25.081001,-10.923000,-152.131012,7.597001,23.228001,-125.220009
gyroscope_uncalibrated,287049204113867,287049206968682,3,-0.182649,-0.103236,0.018937,0.004887,0.003665,0.000000
accelerometer_uncalibrated,287049204113867,287049206989072,3,-1.501164,2.621651,9.710882,0.000000,0.000000,0.000000
magnetic_field_uncalibrated,287049212118437,287049216175127,3,25.164001,-11.460001,-151.697006,7.597001,23.228001,-125.219009
gyroscope_uncalibrated,287049212118437,287049216263408,3,-0.173486,-0.093462,0.039706,0.004887,0.003665,0.000000
accelerometer_uncalibrated,287049212118437,287049216466182,3,-1.541866,2.631228,9.708488,0.000000,0.000000,0.000000
magnetic_field_uncalibrated,287049220120117,287049223253447,3,23.871000,-11.679001,-152.120010,7.597001,23.228001,-125.220009
gyroscope_uncalibrated,287049220120117,287049223339854,3,-0.166155,-0.081856,0.060476,0.004887,0.003665,0.000000
accelerometer_uncalibrated,287049220120117,287049223440635,3,-1.513135,2.614468,9.746795,0.000000,0.000000,0.000000
magnetic_field_uncalibrated,287049228123867,287049231549932,3,24.410002,-10.532001,-152.236008,7.596000,23.228001,-125.220009
gyroscope_uncalibrated,287049228123867,287049231670596,3,-0.150884,-0.057421,0.083689,0.004887,0.003665,0.000000
accelerometer_uncalibrated,287049228123867,287049231707197,3,-1.405396,2.602497,9.782708,0.000000,0.000000,0.000000
magnetic_field_uncalibrated,287049236126953,287049239075127,3,25.863001,-9.744000,-150.953003,7.597001,23.228001,-125.219009
gyroscope_uncalibrated,287049236126953,287049239162940,3,-0.133169,-0.025045,0.098960,0.004887,0.003665,0.000000
accelerometer_uncalibrated,287049236126953,287049239314111,3,-1.345541,2.602497,9.785102,0.000000,0.000000,0.000000
magnetic_field_uncalibrated,287049244128671,287049248043018,3,25.948002,-10.107000,-151.924011,7.597001,23.228001,-125.220009
gyroscope_uncalibrated,287049244128671,287049248166455,3,-0.120951,0.008552,0.113010,0.004887,0.003665,0.000000
accelerometer_uncalibrated,287049244128671,287049249016260,3,-1.292869,2.621651,9.732430,0.000000,0.000000,0.000000
magnetic_field_uncalibrated,287049252129296,287049255997080,3,25.435001,-10.799001,-152.350006,7.597001,23.228001,-125.220009
gyroscope_uncalibrated,287049252129296,287049256339815,3,-0.107512,0.027489,0.119730,0.004887,0.003665,0.000000
accelerometer_uncalibrated,287049252129296,287049256783408,3,-1.225831,2.640805,9.689334,0.000000,0.000000,0.000000
magnetic_field_uncalibrated,287049260132109,287049264074150,3,24.979002,-10.747001,-151.699005,7.596000,23.228001,-125.220009
gyroscope_uncalibrated,287049260132109,287049265500322,3,-0.100182,0.029932,0.122173,0.004887,0.003665,0.000000
accelerometer_uncalibrated,287049260132109,287049266010440,3,-1.149217,2.652776,9.651027,0.000000,0.000000,0.000000
magnetic_field_uncalibrated,287049268137617,287049271950635,3,24.746000,-10.770000,-151.697006,7.597001,23.228001,-125.219009
gyroscope_uncalibrated,287049268137617,287049272026104,3,-0.091019,0.017715,0.127671,0.004887,0.003665,0.000000
accelerometer_uncalibrated,287049268137617,287049272055869,3,-1.089362,2.645593,9.651027,0.000000,0.000000,0.000000
magnetic_field_uncalibrated,287049276140664,287049279135674,3,25.426001,-11.065001,-151.053009,7.596000,23.228001,-125.220009
gyroscope_uncalibrated,287049276140664,287049279221221,3,-0.080634,0.003054,0.128282,0.004887,0.003665,0.000000
accelerometer_uncalibrated,287049276140664,287049279246377,3,-1.065420,2.638410,9.648633,0.000000,0.000000,0.000000
magnetic_field_uncalibrated,287049284142734,287049287379502,3,25.447001,-10.701000,-151.594009,7.597001,23.228001,-125.219009
gyroscope_uncalibrated,287049284142734,287049287461768,3,-0.065363,-0.017104,0.127060,0.004887,0.003665,0.000000
accelerometer_uncalibrated,287049284142734,287049287489150,3,-1.041478,2.652776,9.653421,0.000000,0.000000,0.000000
magnetic_field_uncalibrated,287049292148945,287049294590596,3,24.392002,-10.894000,-151.478012,7.597001,23.228001,-125.219009
gyroscope_uncalibrated,287049292148945,287049294656729,3,-0.050702,-0.043371,0.130114,0.004887,0.003665,0.000000
accelerometer_uncalibrated,287049292148945,287049294685010,3,-1.034295,2.624045,9.634268,0.000000,0.000000,0.000000
magnetic_field_uncalibrated,287049300151132,287049302965440,3,22.718000,-11.608001,-152.004013,7.597001,23.228001,-125.219009
gyroscope_uncalibrated,287049300151132,287049303066182,3,-0.036652,-0.069028,0.132558,0.004887,0.003665,0.000000
accelerometer_uncalibrated,287049300151132,287049303107119,3,-0.998382,2.612074,9.636662,0.000000,0.000000,0.000000
magnetic_field_uncalibrated,287049308152929,287049310961455,3,23.266001,-12.015000,-152.654007,7.597001,23.228001,-125.220009
gyroscope_uncalibrated,287049308152929,287049311057471,3,-0.023213,-0.088575,0.132558,0.004887,0.003665,0.000000
accelerometer_uncalibrated,287049308152929,287049311496260,3,-0.979228,2.602497,9.631873,0.000000,0.000000,0.000000
magnetic_field_uncalibrated,287049316154882,287049319084463,3,24.581001,-11.515000,-151.585007,7.596000,23.229002,-125.219009
gyroscope_uncalibrated,287049316154882,287049319176807,3,-0.006720,-0.098349,0.133779,0.004887,0.003665,0.000000
accelerometer_uncalibrated,287049316154882,287049319204463,3,-0.986411,2.600103,9.634268,0.000000,0.000000,0.000000
magnetic_field_uncalibrated,287049324159375,287049327066494,3,24.226002,-11.640000,-151.474014,7.597001,23.229002,-125.219009
gyroscope_uncalibrated,287049324159375,287049327142705,3,0.009774,-0.098349,0.139277,0.004887,0.003665,0.000000
accelerometer_uncalibrated,287049324159375,287049327244033,3,-0.984017,2.602497,9.607931,0.000000,0.000000,0.000000
magnetic_field_uncalibrated,287049332161054,287049334955869,3,24.225000,-11.556001,-152.446014,7.597001,23.228001,-125.219009
gyroscope_uncalibrated,287049332161054,287049335045791,3,0.026267,-0.091630,0.140499,0.004887,0.003665,0.000000
accelerometer_uncalibrated,287049332161054,287049335080440,3,-0.988805,2.614468,9.617508,0.000000,0.000000,0.000000
magnetic_field_uncalibrated,287049340159726,287049343050674,3,23.897001,-11.396001,-151.149002,7.597001,23.228001,-125.219009
gyroscope_uncalibrated,287049340159726,287049343132315,3,0.038485,-0.093462,0.144775,0.004887,0.003665,0.000000
accelerometer_uncalibrated,287049340159726,287049343158838,3,-0.967257,2.580950,9.617508,0.000000,0.000000,0.000000
magnetic_field_uncalibrated,287049348158984,287049351439346,3,24.136002,-11.196000,-152.015015,7.597001,23.228001,-125.219009
gyroscope_uncalibrated,287049348158984,287049351752783,3,0.054367,-0.096517,0.149662,0.004887,0.003665,0.000000
accelerometer_uncalibrated,287049348158984,287049351870440,3,-0.952892,2.580950,9.564836,0.000000,0.000000,0.000000
magnetic_field_uncalibrated,287049356159101,287049359196299,3,24.784000,-10.046000,-153.212006,7.597001,23.228001,-125.220009
gyroscope_uncalibrated,287049356159101,287049359268057,3,0.066584,-0.104458,0.152716,0.004887,0.003665,0.000000
accelerometer_uncalibrated,287049356159101,287049359318760,3,-0.912191,2.571373,9.540894,0.000000,0.000000,0.000000
magnetic_field_uncalibrated,287049364160351,287049367870010,3,24.402000,-10.540001,-153.315002,7.597001,23.228001,-125.219009
gyroscope_uncalibrated,287049364160351,287049367956182,3,0.075136,-0.115454,0.155771,0.004887,0.003665,0.000000
accelerometer_uncalibrated,287049364160351,287049367986299,3,-0.859518,2.576161,9.538500,0.000000,0.000000,0.000000
magnetic_field_uncalibrated,287049372161015,287049374605791,3,23.623001,-11.716001,-154.061005,7.597001,23.228001,-125.220009
gyroscope_uncalibrated,287049372161015,287049374698330,3,0.084299,-0.136834,0.156382,0.004887,0.003665,0.000000
accelerometer_uncalibrated,287049372161015,287049374728057,3,-0.814029,2.573767,9.560047,0.000000,0.000000,0.000000
magnetic_field_uncalibrated,287049380160781,287049384088486,3,24.282001,-12.290001,-153.847000,7.597001,23.228001,-125.219009
gyroscope_uncalibrated,287049380160781,287049384261963,3,0.097128,-0.167377,0.155160,0.004887,0.003665,0.000000
accelerometer_uncalibrated,287049380160781,287049384291885,3,-0.770933,2.583344,9.605537,0.000000,0.000000,0.000000
magnetic_field_uncalibrated,287049388162031,287049390961533,3,25.580002,-11.808001,-155.153000,7.597001,23.228001,-125.219009
gyroscope_uncalibrated,287049388162031,287049391059815,3,0.116064,-0.208916,0.150273,0.004887,0.003665,0.000000
accelerometer_uncalibrated,287049388162031,287049391360283,3,-0.751779,2.580950,9.636662,0.000000,0.000000,0.000000
magnetic_field_uncalibrated,287049396164335,287049400229072,3,24.743002,-10.515000,-154.505005,7.597001,23.228001,-125.219009
gyroscope_uncalibrated,287049396164335,287049400344424,3,0.131947,-0.246790,0.147219,0.004887,0.003665,0.000000
accelerometer_uncalibrated,287049396164335,287049400376221,3,-0.735020,2.583344,9.689334,0.000000,0.000000,0.000000
magnetic_field_uncalibrated,287049404164765,287049406996690,3,23.653002,-11.344001,-153.415009,7.597001,23.228001,-125.220009
gyroscope_uncalibrated,287049404164765,287049407107510,3,0.156382,-0.298102,0.145997,0.004887,0.003665,0.000000
accelerometer_uncalibrated,287049404164765,287049407136846,3,-0.732626,2.597709,9.701305,0.000000,0.000000,0.000000
magnetic_field_uncalibrated,287049412165546,287049415517236,3,22.797001,-12.063001,-152.974014,7.597001,23.228001,-125.219009
gyroscope_uncalibrated,287049412165546,287049415636572,3,0.182038,-0.345139,0.149051,0.004887,0.003665,0.000000
accelerometer_uncalibrated,287049412165546,287049415666182,3,-0.744597,2.595315,9.727641,0.000000,0.000000,0.000000
magnetic_field_uncalibrated,287049420167265,287049422999971,3,23.194000,-11.381001,-152.332001,7.597001,23.228001,-125.219009
gyroscope_uncalibrated,287049420167265,287049423081494,3,0.209527,-0.405004,0.157603,0.004887,0.003665,0.000000
accelerometer_uncalibrated,287049420167265,287049423116494,3,-0.749385,2.590526,9.813833,0.000000,0.000000,0.000000
magnetic_field_uncalibrated,287049428168632,287049432807119,3,24.232000,-11.463000,-152.339005,7.597001,23.228001,-125.220009
gyroscope_uncalibrated,287049428168632,287049432909658,3,0.240070,-0.458149,0.163712,0.004887,0.003665,0.000000
accelerometer_uncalibrated,287049428168632,287049432936533,3,-0.787692,2.602497,9.883265,0.000000,0.000000,0.000000
magnetic_field_uncalibrated,287049436173710,287049439019932,3,23.070002,-11.571000,-151.683014,7.596000,23.228001,-125.220009
gyroscope_uncalibrated,287049436173710,287049439109619,3,0.285885,-0.526566,0.178984,0.004887,0.003665,0.000000
accelerometer_uncalibrated,287049436173710,287049439136104,3,-0.797269,2.612074,9.950302,0.000000,0.000000,0.000000
magnetic_field_uncalibrated,287049444172460,287049447538291,3,23.203001,-11.373000,-151.253006,7.597001,23.228001,-125.220009
gyroscope_uncalibrated,287049444172460,287049447623955,3,0.331700,-0.586431,0.200364,0.004887,0.003665,0.000000
accelerometer_uncalibrated,287049444172460,287049447661377,3,-0.780510,2.626439,9.950302,0.000000,0.000000,0.000000
magnetic_field_uncalibrated,287049452174453,287049454554268,3,24.641001,-10.427000,-153.425003,7.597001,23.228001,-125.219009
gyroscope_uncalibrated,287049452174453,287049454622549,3,0.365297,-0.620028,0.216857,0.004887,0.003665,0.000000
accelerometer_uncalibrated,287049452174453,287049454668838,3,-0.730232,2.667141,9.940725,0.000000,0.000000,0.000000
magnetic_field_uncalibrated,287049460179609,287049463588565,3,22.529001,-10.728001,-154.274002,7.597001,23.228001,-125.220009
gyroscope_uncalibrated,287049460179609,287049463661729,3,0.403171,-0.659734,0.233351,0.004887,0.003665,0.000000
accelerometer_uncalibrated,287049460179609,287049463860283,3,-0.644040,2.722207,9.914390,0.000000,0.000000,0.000000
magnetic_field_uncalibrated,287049468184023,287049471069502,3,20.947001,-11.970000,-153.178009,7.597001,23.228001,-125.219009
gyroscope_uncalibrated,287049468184023,287049471148525,3,0.434936,-0.700052,0.246179,0.004887,0.003665,0.000000
accelerometer_uncalibrated,287049468184023,287049471180518,3,-0.555455,2.767697,9.900024,0.000000,0.000000,0.000000
magnetic_field_uncalibrated,287049476188125,287049478993994,3,22.558001,-12.091001,-153.729004,7.597001,23.228001,-125.220009
gyroscope_uncalibrated,287049476188125,287049479089619,3,0.466701,-0.734871,0.252287,0.004887,0.003665,0.000000
accelerometer_uncalibrated,287049476188125,287049479115830,3,-0.440533,2.829947,9.895236,0.000000,0.000000,0.000000
magnetic_field_uncalibrated,287049484190820,287049486899268,3,22.529001,-12.634001,-152.646011,7.597001,23.229002,-125.219009
gyroscope_uncalibrated,287049484190820,287049486971221,3,0.488081,-0.752586,0.255342,0.004887,0.003665,0.000000
accelerometer_uncalibrated,287049484190820,287049487157744,3,-0.363919,2.858677,9.921572,0.000000,0.000000,0.000000
magnetic_field_uncalibrated,287049492195468,287049494813213,3,21.944000,-12.779000,-152.102005,7.597001,23.228001,-125.219009
gyroscope_uncalibrated,287049492195468,287049494956924,3,0.521068,-0.762360,0.255953,0.004887,0.003665,0.000000
accelerometer_uncalibrated,287049492195468,287049495168408,3,-0.258574,2.896984,9.897630,0.000000,0.000000,0.000000
magnetic_field_uncalibrated,287049500200781,287049502970283,3,21.944000,-12.693001,-152.966003,7.597001,23.228001,-125.219009
gyroscope_uncalibrated,287049500200781,287049503034072,3,0.548557,-0.751364,0.252287,0.004887,0.003665,0.000000
accelerometer_uncalibrated,287049500200781,287049503171846,3,-0.208296,2.940080,9.832987,0.000000,0.000000,0.000000
magnetic_field_uncalibrated,287049508206289,287049511290947,3,21.590000,-12.903001,-151.883011,7.597001,23.228001,-125.219009
gyroscope_uncalibrated,287049508206289,287049511362510,3,0.567494,-0.734871,0.251066,0.004887,0.003665,0.000000
accelerometer_uncalibrated,287049508206289,287049511398877,3,-0.177171,2.983175,9.737218,0.000000,0.000000,0.000000
magnetic_field_uncalibrated,287049516211679,287049519071143,3,20.660002,-12.990001,-151.445007,7.597001,23.228001,-125.220009
gyroscope_uncalibrated,287049516211679,287049519163447,3,0.572381,-0.715934,0.252898,0.004887,0.003665,0.000000
accelerometer_uncalibrated,287049516211679,287049519237666,3,-0.138864,3.026271,9.651027,0.000000,0.000000,0.000000
magnetic_field_uncalibrated,287049524214257,287049527642549,3,19.690001,-13.546000,-152.192001,7.596000,23.228001,-125.220009
gyroscope_uncalibrated,287049524214257,287049527772979,3,0.574213,-0.676228,0.252898,0.004887,0.003665,0.000000
accelerometer_uncalibrated,287049524214257,287049527827705,3,-0.090980,3.095703,9.576807,0.000000,0.000000,0.000000
magnetic_field_uncalibrated,287049532219882,287049534637627,3,19.634001,-14.374001,-152.404007,7.597001,23.228001,-125.220009
gyroscope_uncalibrated,287049532219882,287049534720596,3,0.569937,-0.624304,0.251676,0.004887,0.003665,0.000000
accelerometer_uncalibrated,287049532219882,287049534750479,3,-0.035913,3.136404,9.476251,0.000000,0.000000,0.000000
magnetic_field_uncalibrated,287049540223945,287049543387080,3,20.384001,-13.656001,-151.440002,7.597001,23.228001,-125.219009
gyroscope_uncalibrated,287049540223945,287049543455947,3,0.561385,-0.576046,0.252898,0.004887,0.003665,0.000000
accelerometer_uncalibrated,287049540223945,287049543478330,3,0.016759,3.179500,9.349358,0.000000,0.000000,0.000000
magnetic_field_uncalibrated,287049548225585,287049551433369,3,21.538000,-13.640000,-152.204010,7.597001,23.229002,-125.220009
gyroscope_uncalibrated,287049548225585,287049551507236,3,0.538172,-0.498466,0.248622,0.004887,0.003665,0.000000
accelerometer_uncalibrated,287049548225585,287049551628643,3,0.117316,3.220201,9.196129,0.000000,0.000000,0.000000
magnetic_field_uncalibrated,287049556225390,287049559048682,3,20.448002,-14.211000,-153.490005,7.597001,23.228001,-125.220009
gyroscope_uncalibrated,287049556225390,287049559127393,3,0.505796,-0.410501,0.238848,0.004887,0.003665,0.000000
accelerometer_uncalibrated,287049556225390,287049559145635,3,0.246603,3.253720,9.023746,0.000000,0.000000,0.000000
magnetic_field_uncalibrated,287049564226757,287049567019268,3,18.005001,-14.442000,-152.609009,7.597001,23.228001,-125.220009
gyroscope_uncalibrated,287049564226757,287049567106807,3,0.461814,-0.320093,0.223577,0.004887,0.003665,0.000000
accelerometer_uncalibrated,287049564226757,287049567938994,3,0.359130,3.270479,8.877700,0.000000,0.000000,0.000000
magnetic_field_uncalibrated,287049572229882,287049574951260,3,19.136002,-15.051001,-150.886002,7.597001,23.228001,-125.219009
gyroscope_uncalibrated,287049572229882,287049575063447,3,0.419054,-0.260229,0.208916,0.004887,0.003665,0.000000
accelerometer_uncalibrated,287049572229882,287049575099736,3,0.392649,3.289633,8.810662,0.000000,0.000000,0.000000
magnetic_field_uncalibrated,287049580233554,287049583779854,3,20.761002,-15.072001,-150.249008,7.596000,23.228001,-125.219009
gyroscope_uncalibrated,287049580233554,287049583855400,3,0.370795,-0.189979,0.191201,0.004887,0.003665,0.000000
accelerometer_uncalibrated,287049580233554,287049583878994,3,0.414197,3.325546,8.765172,0.000000,0.000000,0.000000
magnetic_field_uncalibrated,287049588236445,287049591440908,3,19.666000,-15.734001,-151.427002,7.597001,23.228001,-125.220009
gyroscope_uncalibrated,287049588236445,287049591702002,3,0.327424,-0.134390,0.177151,0.004887,0.003665,0.000000
accelerometer_uncalibrated,287049588236445,287049592184736,3,0.414197,3.332729,8.753201,0.000000,0.000000,0.000000
magnetic_field_uncalibrated,287049596237070,287049600244893,3,18.967001,-15.543001,-153.690002,7.597001,23.228001,-125.219009
gyroscope_uncalibrated,287049596237070,287049600338955,3,0.290161,-0.098349,0.165544,0.004887,0.003665,0.000000
accelerometer_uncalibrated,287049596237070,287049600363213,3,0.390255,3.332729,8.750807,0.000000,0.000000,0.000000
magnetic_field_uncalibrated,287049604235195,287049607547275,3,18.837002,-15.653001,-154.661011,7.597001,23.229002,-125.220009
gyroscope_uncalibrated,287049604235195,287049607626416,3,0.261450,-0.084910,0.162490,0.004887,0.003665,0.000000
accelerometer_uncalibrated,287049604235195,287049607652666,3,0.363919,3.337517,8.784326,0.000000,0.000000,0.000000
magnetic_field_uncalibrated,287049612241562,287049615847119,3,18.745001,-15.555000,-152.285004,7.597001,23.228001,-125.219009
gyroscope_uncalibrated,287049612241562,287049615925830,3,0.237627,-0.087965,0.161268,0.004887,0.003665,0.000000
accelerometer_uncalibrated,287049612241562,287049615951650,3,0.323217,3.361459,8.810662,0.000000,0.000000,0.000000
magnetic_field_uncalibrated,287049620247890,287049623107158,3,19.641001,-14.453001,-150.676010,7.597001,23.228001,-125.219009
gyroscope_uncalibrated,287049620247890,287049623178799,3,0.221744,-0.109345,0.161268,0.004887,0.003665,0.000000
accelerometer_uncalibrated,287049620247890,287049623202354,3,0.318429,3.375824,8.901642,0.000000,0.000000,0.000000
magnetic_field_uncalibrated,287049628252382,287049632832080,3,19.487001,-14.844001,-152.293015,7.597001,23.228001,-125.219009
gyroscope_uncalibrated,287049628252382,287049635963799,3,0.218079,-0.131947,0.169210,0.004887,0.003665,0.000000
accelerometer_uncalibrated,287049628252382,287049636032119,3,0.325611,3.373430,8.954314,0.000000,0.000000,0.000000
gyroscope_uncalibrated,287049636254296,287049639873252,3,0.219911,-0.160658,0.174097,0.004887,0.003665,0.000000
magnetic_field_uncalibrated,287049636254296,287049640006377,3,18.276001,-15.603001,-152.606003,7.597001,23.228001,-125.220009
accelerometer_uncalibrated,287049636254296,287049640081104,3,0.359130,3.371036,9.014170,0.000000,0.000000,0.000000
magnetic_field_uncalibrated,287049644257421,287049649258916,3,19.255001,-14.952001,-151.427002,7.597001,23.228001,-125.219009
gyroscope_uncalibrated,287049644257421,287049649346533,3,0.228464,-0.188147,0.178373,0.004887,0.003665,0.000000
accelerometer_uncalibrated,287049644257421,287049649369385,3,0.392649,3.385401,9.028535,0.000000,0.000000,0.000000
magnetic_field_uncalibrated,287049652261796,287049654803291,3,19.755001,-14.273001,-152.621002,7.597001,23.228001,-125.219009
gyroscope_uncalibrated,287049652261796,287049654893565,3,0.242514,-0.214414,0.180816,0.004887,0.003665,0.000000
accelerometer_uncalibrated,287049652261796,287049654919463,3,0.387861,3.430891,9.040505,0.000000,0.000000,0.000000
magnetic_field_uncalibrated,287049660266445,287049663157197,3,20.081001,-14.605000,-152.514008,7.597001,23.229002,-125.220009
gyroscope_uncalibrated,287049660266445,287049663488096,3,0.248622,-0.235183,0.184481,0.004887,0.003665,0.000000
accelerometer_uncalibrated,287049660266445,287049663537588,3,0.373495,3.440468,9.035717,0.000000,0.000000,0.000000
magnetic_field_uncalibrated,287049668273203,287049670981338,3,19.721001,-14.993001,-150.675003,7.597001,23.228001,-125.220009
gyroscope_uncalibrated,287049668273203,287049671046260,3,0.254120,-0.260229,0.190590,0.004887,0.003665,0.000000
accelerometer_uncalibrated,287049668273203,287049671155400,3,0.407014,3.476381,9.050082,0.000000,0.000000,0.000000
magnetic_field_uncalibrated,287049676279257,287049679186572,3,19.368000,-15.030001,-151.104004,7.597001,23.228001,-125.220009
gyroscope_uncalibrated,287049676279257,287049679289033,3,0.258396,-0.270002,0.199142,0.004887,0.003665,0.000000
accelerometer_uncalibrated,287049676279257,287049679324971,3,0.457293,3.481169,9.042900,0.000000,0.000000,0.000000
magnetic_field_uncalibrated,287049684285625,287049687095088,3,19.082001,-15.620001,-153.151001,7.597001,23.228001,-125.220009
gyroscope_uncalibrated,287049684285625,287049687167393,3,0.257174,-0.265726,0.200364,0.004887,0.003665,0.000000
accelerometer_uncalibrated,287049684285625,287049687191650,3,0.529119,3.517082,9.014170,0.000000,0.000000,0.000000
magnetic_field_uncalibrated,287049692293398,287049694647354,3,18.875000,-15.273001,-152.935013,7.597001,23.228001,-125.219009
gyroscope_uncalibrated,287049692293398,287049694764502,3,0.254731,-0.261450,0.200975,0.004887,0.003665,0.000000
accelerometer_uncalibrated,287049692293398,287049694795283,3,0.586579,3.557784,9.050082,0.000000,0.000000,0.000000
magnetic_field_uncalibrated,287049700299140,287049703173291,3,18.597000,-14.549001,-149.913010,7.597001,23.228001,-125.219009
gyroscope_uncalibrated,287049700299140,287049703292510,3,0.250455,-0.260839,0.196088,0.004887,0.003665,0.000000
accelerometer_uncalibrated,287049700299140,287049703327432,3,0.672771,3.605668,9.069236,0.000000,0.000000,0.000000
magnetic_field_uncalibrated,287049708304375,287049711372783,3,18.423000,-15.390000,-150.233002,7.597001,23.228001,-125.220009
gyroscope_uncalibrated,287049708304375,287049711458291,3,0.246179,-0.250455,0.184481,0.004887,0.003665,0.000000
accelerometer_uncalibrated,287049708304375,287049711485440,3,0.730232,3.643975,9.050082,0.000000,0.000000,0.000000
magnetic_field_uncalibrated,287049716311171,287049719223096,3,18.636002,-15.473001,-152.069000,7.597001,23.228001,-125.220009
gyroscope_uncalibrated,287049716311171,287049719302236,3,0.238237,-0.234572,0.172875,0.004887,0.003665,0.000000
accelerometer_uncalibrated,287049716311171,287049719323994,3,0.770933,3.682282,9.021352,0.000000,0.000000,0.000000
magnetic_field_uncalibrated,287049724315664,287049727163330,3,18.444000,-14.939001,-151.422012,7.597001,23.228001,-125.219009
gyroscope_uncalibrated,287049724315664,287049727252705,3,0.226631,-0.212581,0.159436,0.004887,0.003665,0.000000
accelerometer_uncalibrated,287049724315664,287049727430908,3,0.792481,3.713407,9.052477,0.000000,0.000000,0.000000
magnetic_field_uncalibrated,287049732319101,287049734943916,3,17.916000,-15.903001,-151.415009,7.596000,23.228001,-125.220009
gyroscope_uncalibrated,287049732319101,287049735031690,3,0.218690,-0.191812,0.145997,0.004887,0.003665,0.000000
accelerometer_uncalibrated,287049732319101,287049735130205,3,0.782904,3.737349,9.095572,0.000000,0.000000,0.000000
magnetic_field_uncalibrated,287049740323632,287049743087979,3,17.053001,-16.716002,-151.190002,7.597001,23.228001,-125.220009
gyroscope_uncalibrated,287049740323632,287049743156299,3,0.215025,-0.177762,0.133169,0.004887,0.003665,0.000000
accelerometer_uncalibrated,287049740323632,287049743175557,3,0.790087,3.754108,9.153033,0.000000,0.000000,0.000000
magnetic_field_uncalibrated,287049748329804,287049752832041,3,17.095001,-16.073000,-151.300003,7.597001,23.229002,-125.219009
gyroscope_uncalibrated,287049748329804,287049752906299,3,0.215635,-0.168599,0.129503,0.004887,0.003665,0.000000
accelerometer_uncalibrated,287049748329804,287049752930674,3,0.804452,3.746926,9.165004,0.000000,0.000000,0.000000
magnetic_field_uncalibrated,287049756336093,287049759477275,3,17.076000,-16.264000,-152.163010,7.597001,23.228001,-125.219009
gyroscope_uncalibrated,287049756336093,287049759529072,3,0.216246,-0.163101,0.120951,0.004887,0.003665,0.000000
accelerometer_uncalibrated,287049756336093,287049759780869,3,0.811634,3.739743,9.236830,0.000000,0.000000,0.000000
magnetic_field_uncalibrated,287049764341835,287049767544385,3,18.237001,-16.242001,-152.063004,7.597001,23.228001,-125.219009
gyroscope_uncalibrated,287049764341835,287049767908721,3,0.224798,-0.163712,0.116675,0.004887,0.003665,0.000000
accelerometer_uncalibrated,287049764341835,287049768019190,3,0.821211,3.749320,9.234436,0.000000,0.000000,0.000000
magnetic_field_uncalibrated,287049772348281,287049774951885,3,17.543001,-14.569000,-151.202011,7.597001,23.228001,-125.220009
gyroscope_uncalibrated,287049772348281,287049776436377,3,0.233961,-0.167377,0.114843,0.004887,0.003665,0.000000
accelerometer_uncalibrated,287049772348281,287049776514385,3,0.809240,3.766079,9.236830,0.000000,0.000000,0.000000
magnetic_field_uncalibrated,287049780355234,287049783351260,3,15.666000,-14.931001,-150.972000,7.596000,23.229002,-125.220009
gyroscope_uncalibrated,287049780355234,287049783418408,3,0.241292,-0.168599,0.110567,0.004887,0.003665,0.000000
accelerometer_uncalibrated,287049780355234,287049783438604,3,0.811634,3.790021,9.198523,0.000000,0.000000,0.000000
magnetic_field_uncalibrated,287049788362812,287049791067236,3,15.954000,-15.817000,-151.078003,7.596000,23.228001,-125.220009
gyroscope_uncalibrated,287049788362812,287049791120713,3,0.242514,-0.178373,0.111177,0.004887,0.003665,0.000000
accelerometer_uncalibrated,287049788362812,287049791221494,3,0.792481,3.790021,9.165004,0.000000,0.000000,0.000000
magnetic_field_uncalibrated,287049796366757,287049800959541,3,16.321001,-15.681001,-149.678009,7.597001,23.228001,-125.220009
gyroscope_uncalibrated,287049796366757,287049801340010,3,0.241292,-0.178984,0.113621,0.004887,0.003665,0.000000
accelerometer_uncalibrated,287049796366757,287049801920127,3,0.797269,3.809175,9.105149,0.000000,0.000000,0.000000
magnetic_field_uncalibrated,287049804372265,287049807451572,3,15.964001,-15.894001,-149.027008,7.597001,23.228001,-125.220009
gyroscope_uncalibrated,287049804372265,287049807510986,3,0.240070,-0.171042,0.118508,0.004887,0.003665,0.000000
accelerometer_uncalibrated,287049804372265,287049807527783,3,0.787692,3.806781,9.105149,0.000000,0.000000,0.000000
magnetic_field_uncalibrated,287049812379296,287049815731768,3,16.426001,-15.853001,-149.570007,7.597001,23.228001,-125.220009
gyroscope_uncalibrated,287049812379296,287049815799658,3,0.240070,-0.162490,0.122784,0.004887,0.003665,0.000000
accelerometer_uncalibrated,287049812379296,287049815822432,3,0.806846,3.818752,9.138668,0.000000,0.000000,0.000000
magnetic_field_uncalibrated,287049820386171,287049823429815,3,17.317001,-16.319000,-150.329010,7.597001,23.228001,-125.219009
gyroscope_uncalibrated,287049820386171,287049823525088,3,0.242514,-0.153327,0.125838,0.004887,0.003665,0.000000
accelerometer_uncalibrated,287049820386171,287049823562744,3,0.842759,3.818752,9.165004,0.000000,0.000000,0.000000
magnetic_field_uncalibrated,287049828397304,287049832495166,3,18.359001,-16.397001,-149.796005,7.597001,23.228001,-125.219009
gyroscope_uncalibrated,287049828397304,287049832587627,3,0.250455,-0.135612,0.131336,0.004887,0.003665,0.000000
accelerometer_uncalibrated,287049828397304,287049832621104,3,0.854730,3.849876,9.174581,0.000000,0.000000,0.000000
magnetic_field_uncalibrated,287049836405039,287049839225049,3,17.195002,-16.336000,-151.084000,7.597001,23.228001,-125.219009
gyroscope_uncalibrated,287049836405039,287049839287432,3,0.259007,-0.123395,0.130725,0.004887,0.003665,0.000000
accelerometer_uncalibrated,287049836405039,287049839401221,3,0.890643,3.871424,9.153033,0.000000,0.000000,0.000000
magnetic_field_uncalibrated,287049844411523,287049848719229,3,15.401001,-17.064001,-152.041000,7.597001,23.228001,-125.220009
gyroscope_uncalibrated,287049844411523,287049848777315,3,0.265116,-0.112399,0.130114,0.004887,0.003665,0.000000
accelerometer_uncalibrated,287049844411523,287049848788252,3,0.943315,3.907337,9.097966,0.000000,0.000000,0.000000
magnetic_field_uncalibrated,287049852417500,287049854821807,3,16.545000,-17.403000,-150.967010,7.597001,23.228001,-125.219009
gyroscope_uncalibrated,287049852417500,287049854949502,3,0.268170,-0.112399,0.128282,0.004887,0.003665,0.000000
accelerometer_uncalibrated,287049852417500,287049854966299,3,0.979228,3.916914,9.064447,0.000000,0.000000,0.000000
magnetic_field_uncalibrated,287049860424960,287049865072900,3,17.267000,-16.970001,-151.298004,7.597001,23.228001,-125.220009
gyroscope_uncalibrated,287049860424960,287049865144268,3,0.268170,-0.113621,0.120340,0.004887,0.003665,0.000000
accelerometer_uncalibrated,287049860424960,287049865158057,3,1.067814,3.936068,9.026140,0.000000,0.000000,0.000000
magnetic_field_uncalibrated,287049868433242,287049871288486,3,16.529001,-17.591002,-151.506012,7.597001,23.228001,-125.219009
gyroscope_uncalibrated,287049868433242,287049871360947,3,0.269392,-0.109956,0.108734,0.004887,0.003665,0.000000
accelerometer_uncalibrated,287049868433242,287049871374385,3,1.120486,3.964798,8.992621,0.000000,0.000000,0.000000
magnetic_field_uncalibrated,287049876438906,287049879350674,3,16.979000,-17.905001,-150.428009,7.597001,23.228001,-125.219009
gyroscope_uncalibrated,287049876438906,287049879429893,3,0.265116,-0.103847,0.094073,0.004887,0.003665,0.000000
accelerometer_uncalibrated,287049876438906,287049879574229,3,1.098939,3.998317,8.951921,0.000000,0.000000,0.000000
magnetic_field_uncalibrated,287049884444023,287049887361807,3,17.462000,-17.500000,-151.513000,7.597001,23.228001,-125.220009
gyroscope_uncalibrated,287049884444023,287049887529072,3,0.260839,-0.098349,0.083078,0.004887,0.003665,0.000000
accelerometer_uncalibrated,287049884444023,287049887618916,3,1.063026,4.031836,8.923190,0.000000,0.000000,0.000000
magnetic_field_uncalibrated,287049892451250,287049895312275,3,17.010000,-17.274000,-152.051010,7.597001,23.228001,-125.220009
gyroscope_uncalibrated,287049892451250,287049895493799,3,0.249844,-0.084299,0.074526,0.004887,0.003665,0.000000
accelerometer_uncalibrated,287049892451250,287049895571963,3,1.029507,4.079720,8.870518,0.000000,0.000000,0.000000
magnetic_field_uncalibrated,287049900457773,287049903424854,3,16.959002,-16.447001,-150.650009,7.597001,23.229002,-125.219009
gyroscope_uncalibrated,287049900457773,287049903493604,3,0.244346,-0.071471,0.067195,0.004887,0.003665,0.000000
accelerometer_uncalibrated,287049900457773,287049903668408,3,0.974440,4.101267,8.863335,0.000000,0.000000,0.000000
magnetic_field_uncalibrated,287049908464023,287049911242080,3,15.985001,-17.265001,-149.561005,7.597001,23.228001,-125.220009
gyroscope_uncalibrated,287049908464023,287049911328682,3,0.235183,-0.053145,0.067806,0.004887,0.003665,0.000000
accelerometer_uncalibrated,287049908464023,287049911421065,3,0.933739,4.115633,8.841787,0.000000,0.000000,0.000000
magnetic_field_uncalibrated,287049916469765,287049919298096,3,15.717001,-17.751001,-150.097000,7.597001,23.228001,-125.220009
gyroscope_uncalibrated,287049916469765,287049919396416,3,0.226631,-0.042761,0.067195,0.004887,0.003665,0.000000
accelerometer_uncalibrated,287049916469765,287049919417236,3,0.948104,4.113238,8.798691,0.000000,0.000000,0.000000
magnetic_field_uncalibrated,287049924478359,287049927263486,3,15.864000,-17.195002,-150.964005,7.597001,23.228001,-125.220009
gyroscope_uncalibrated,287049924478359,287049927334658,3,0.218690,-0.039706,0.066584,0.004887,0.003665,0.000000
accelerometer_uncalibrated,287049924478359,287049927353916,3,0.962469,4.096479,8.805874,0.000000,0.000000,0.000000
magnetic_field_uncalibrated,287049932487070,287049935728447,3,15.269001,-17.349001,-151.715012,7.597001,23.228001,-125.220009
gyroscope_uncalibrated,287049932487070,287049935795713,3,0.213803,-0.042150,0.064752,0.004887,0.003665,0.000000
accelerometer_uncalibrated,287049932487070,287049935812119,3,0.964863,4.106056,8.793902,0.000000,0.000000,0.000000
magnetic_field_uncalibrated,287049940495468,287049943722315,3,15.207001,-18.269001,-151.819000,7.597001,23.228001,-125.220009
gyroscope_uncalibrated,287049940495468,287049943787315,3,0.212581,-0.038485,0.062308,0.004887,0.003665,0.000000
accelerometer_uncalibrated,287049940495468,287049943865635,3,0.976834,4.125209,8.786720,0.000000,0.000000,0.000000
magnetic_field_uncalibrated,287049948500468,287049951653330,3,14.913001,-19.295000,-150.841003,7.596000,23.228001,-125.220009
gyroscope_uncalibrated,287049948500468,287049951709307,3,0.208916,-0.032987,0.059865,0.004887,0.003665,0.000000
accelerometer_uncalibrated,287049948500468,287049951785205,3,0.995988,4.132392,8.731653,0.000000,0.000000,0.000000
magnetic_field_uncalibrated,287049956505585,287049959541611,3,15.186001,-18.718000,-150.521011,7.597001,23.228001,-125.219009
gyroscope_uncalibrated,287049956505585,287049959607783,3,0.204640,-0.031154,0.058643,0.004887,0.003665,0.000000
accelerometer_uncalibrated,287049956505585,287049959624775,3,1.005565,4.149151,8.676587,0.000000,0.000000,0.000000
magnetic_field_uncalibrated,287049964508437,287049970179893,3,16.341002,-18.617001,-152.041000,7.597001,23.228001,-125.220009
gyroscope_uncalibrated,287049964508437,287049970243486,3,0.193033,-0.034208,0.052534,0.004887,0.003665,0.000000
accelerometer_uncalibrated,287049964508437,287049970317197,3,0.988805,4.175488,8.655039,0.000000,0.000000,0.000000
magnetic_field_uncalibrated,287049972513164,287049975366924,3,17.288000,-18.341002,-151.832001,7.597001,23.228001,-125.219009
gyroscope_uncalibrated,287049972513164,287049975443838,3,0.183870,-0.038485,0.047037,0.004887,0.003665,0.000000
accelerometer_uncalibrated,287049972513164,287049975461885,3,0.984017,4.165911,8.621520,0.000000,0.000000,0.000000
magnetic_field_uncalibrated,287049980517929,287049983536455,3,18.124001,-18.071001,-150.867004,7.597001,23.228001,-125.219009
gyroscope_uncalibrated,287049980517929,287049983636690,3,0.172264,-0.041539,0.047647,0.004887,0.003665,0.000000
accelerometer_uncalibrated,287049980517929,287049983655986,3,0.952892,4.134786,8.585608,0.000000,0.000000,0.000000
magnetic_field_uncalibrated,287049988522539,287049991442080,3,17.640001,-18.305000,-151.511002,7.597001,23.228001,-125.220009
gyroscope_uncalibrated,287049988522539,287049991509033,3,0.164934,-0.047647,0.050702,0.004887,0.003665,0.000000
accelerometer_uncalibrated,287049988522539,287049991525518,3,0.950498,4.127604,8.599973,0.000000,0.000000,0.000000
magnetic_field_uncalibrated,287049996528984,287049999860557,3,17.317001,-18.055000,-150.430008,7.597001,23.228001,-125.220009
gyroscope_uncalibrated,287049996528984,287049999932393,3,0.153938,-0.058032,0.051924,0.004887,0.003665,0.000000
accelerometer_uncalibrated,287049996528984,287050000462432,3,0.976834,4.137180,8.568848,0.000000,0.000000,0.000000
magnetic_field_uncalibrated,287050004536171,287050009859658,3,16.888000,-17.547001,-150.213013,7.596000,23.228001,-125.219009
gyroscope_uncalibrated,287050004536171,287050009935518,3,0.143553,-0.065363,0.050702,0.004887,0.003665,0.000000
accelerometer_uncalibrated,287050004536171,287050010084385,3,1.022324,4.137180,8.549694,0.000000,0.000000,0.000000
magnetic_field_uncalibrated,287050012541640,287050016978916,3,15.932001,-18.089001,-149.233002,7.597001,23.229002,-125.219009
gyroscope_uncalibrated,287050012541640,287050017078838,3,0.134390,-0.070250,0.048258,0.004887,0.003665,0.000000
accelerometer_uncalibrated,287050012541640,287050017550752,3,1.072602,4.144363,8.556877,0.000000,0.000000,0.000000
magnetic_field_uncalibrated,287050020548437,287050023372940,3,15.547001,-18.673000,-149.012009,7.597001,23.228001,-125.219009
gyroscope_uncalibrated,287050020548437,287050023500869,3,0.117286,-0.067806,0.042761,0.004887,0.003665,0.000000
accelerometer_uncalibrated,287050020548437,287050023523760,3,1.084573,4.153940,8.554482,0.000000,0.000000,0.000000
magnetic_field_uncalibrated,287050028556406,287050032257627,3,15.659000,-18.753000,-148.905014,7.597001,23.228001,-125.220009
gyroscope_uncalibrated,287050028556406,287050032332900,3,0.102014,-0.059865,0.037263,0.004887,0.003665,0.000000
accelerometer_uncalibrated,287050028556406,287050032505947,3,1.070208,4.163517,8.568848,0.000000,0.000000,0.000000
magnetic_field_uncalibrated,287050036564414,287050039462588,3,16.606001,-18.477001,-148.696014,7.597001,23.228001,-125.219009
gyroscope_uncalibrated,287050036564414,287050039552940,3,0.088575,-0.040928,0.034819,0.004887,0.003665,0.000000
accelerometer_uncalibrated,287050036564414,287050039586260,3,1.039083,4.165911,8.561666,0.000000,0.000000,0.000000
magnetic_field_uncalibrated,287050044570312,287050048036182,3,16.885000,-17.808001,-148.269012,7.597001,23.228001,-125.220009
gyroscope_uncalibrated,287050044570312,287050048904893,3,0.076969,-0.020769,0.032376,0.004887,0.003665,0.000000
accelerometer_uncalibrated,287050044570312,287050049029541,3,1.019930,4.182671,8.561666,0.000000,0.000000,0.000000
magnetic_field_uncalibrated,287050052576992,287050055015713,3,16.620001,-18.377001,-147.617004,7.597001,23.228001,-125.220009
gyroscope_uncalibrated,287050052576992,287050055072354,3,0.058032,-0.003665,0.032987,0.004887,0.003665,0.000000
accelerometer_uncalibrated,287050052576992,287050055108330,3,1.027112,4.194642,8.583213,0.000000,0.000000,0.000000
magnetic_field_uncalibrated,287050060585703,287050063453291,3,16.175001,-18.057001,-147.939011,7.597001,23.228001,-125.219009
gyroscope_uncalibrated,287050060585703,287050063819111,3,0.039095,0.019548,0.029322,0.004887,0.003665,0.000000
accelerometer_uncalibrated,287050060585703,287050064387744,3,1.010353,4.228160,8.580819,0.000000,0.000000,0.000000
magnetic_field_uncalibrated,287050068595039,287050070999502,3,15.589001,-18.117001,-148.367004,7.597001,23.228001,-125.220009
gyroscope_uncalibrated,287050068595039,287050071123525,3,0.024435,0.039706,0.030543,0.004887,0.003665,0.000000
accelerometer_uncalibrated,287050068595039,287050071149893,3,0.948104,4.240131,8.614338,0.000000,0.000000,0.000000
magnetic_field_uncalibrated,287050076601445,287050079022940,3,15.683001,-18.472000,-148.150009,7.597001,23.228001,-125.219009
gyroscope_uncalibrated,287050076601445,287050079169619,3,0.014661,0.042761,0.033598,0.004887,0.003665,0.000000
accelerometer_uncalibrated,287050076601445,287050079212900,3,0.909797,4.230555,8.657434,0.000000,0.000000,0.000000
magnetic_field_uncalibrated,287050084606328,287050086940713,3,15.935000,-18.259001,-147.289001,7.597001,23.228001,-125.219009
gyroscope_uncalibrated,287050084606328,287050087040244,3,0.003665,0.042150,0.040317,0.004887,0.003665,0.000000
accelerometer_uncalibrated,287050084606328,287050087062588,3,0.921768,4.225766,8.712500,0.000000,0.000000,0.000000
magnetic_field_uncalibrated,287050092609921,287050094563525,3,16.073000,-17.883001,-147.723007,7.597001,23.228001,-125.219009
gyroscope_uncalibrated,287050092609921,287050094696377,3,-0.003665,0.036041,0.048869,0.004887,0.003665,0.000000
accelerometer_uncalibrated,287050092609921,287050094750361,3,0.933739,4.209007,8.738836,0.000000,0.000000,0.000000
magnetic_field_uncalibrated,287050100614960,287050102955244,3,15.599001,-17.764000,-150.312012,7.597001,23.228001,-125.220009
gyroscope_uncalibrated,287050100614960,287050103028135,3,-0.004887,0.021380,0.053756,0.004887,0.003665,0.000000
accelerometer_uncalibrated,287050100614960,287050103064580,3,0.962469,4.206613,8.805874,0.000000,0.000000,0.000000
magnetic_field_uncalibrated,287050108623281,287050111024190,3,15.258000,-17.531000,-151.498001,7.597001,23.228001,-125.219009
gyroscope_uncalibrated,287050108623281,287050111131260,3,-0.002443,0.006109,0.057421,0.004887,0.003665,0.000000
accelerometer_uncalibrated,287050108623281,287050111148994,3,1.015141,4.225766,8.848969,0.000000,0.000000,0.000000
magnetic_field_uncalibrated,287050116627226,287050119076455,3,16.074001,-17.452002,-151.504013,7.597001,23.228001,-125.220009
gyroscope_uncalibrated,287050116627226,287050119154072,3,0.003665,-0.015882,0.056810,0.004887,0.003665,0.000000
accelerometer_uncalibrated,287050116627226,287050119169893,3,1.074997,4.235343,8.863335,0.000000,0.000000,0.000000
magnetic_field_uncalibrated,287050124635937,287050127163135,3,16.928001,-18.728001,-149.885010,7.597001,23.228001,-125.220009
gyroscope_uncalibrated,287050124635937,287050127298877,3,0.010385,-0.031154,0.050702,0.004887,0.003665,0.000000
accelerometer_uncalibrated,287050124635937,287050127382822,3,1.125275,4.220978,8.894460,0.000000,0.000000,0.000000
magnetic_field_uncalibrated,287050132643945,287050135232393,3,17.447001,-18.030001,-148.596008,7.597001,23.228001,-125.220009
gyroscope_uncalibrated,287050132643945,287050135325986,3,0.012828,-0.042150,0.043982,0.004887,0.003665,0.000000
accelerometer_uncalibrated,287050132643945,287050135352705,3,1.146823,4.230555,8.896853,0.000000,0.000000,0.000000
magnetic_field_uncalibrated,287050140650937,287050143024658,3,16.556002,-17.478001,-148.700012,7.597001,23.228001,-125.220009
gyroscope_uncalibrated,287050140650937,287050143135166,3,0.024435,-0.047647,0.032987,0.004887,0.003665,0.000000
accelerometer_uncalibrated,287050140650937,287050143304580,3,1.132457,4.240131,8.916007,0.000000,0.000000,0.000000
magnetic_field_uncalibrated,287050148657578,287050151803135,3,16.089001,-17.524000,-148.805008,7.597001,23.228001,-125.220009
gyroscope_uncalibrated,287050148657578,287050151883291,3,0.034819,-0.044593,0.026267,0.004887,0.003665,0.000000
accelerometer_uncalibrated,287050148657578,287050152086650,3,1.113304,4.247314,8.925584,0.000000,0.000000,0.000000
magnetic_field_uncalibrated,287050156664570,287050159415127,3,16.310001,-17.685001,-148.805008,7.597001,23.228001,-125.219009
gyroscope_uncalibrated,287050156664570,287050159488213,3,0.044593,-0.029932,0.021380,0.004887,0.003665,0.000000
accelerometer_uncalibrated,287050156664570,287050159509190,3,1.094150,4.244920,8.887277,0.000000,0.000000,0.000000
magnetic_field_uncalibrated,287050164671015,287050168802119,3,15.535001,-18.771002,-149.767014,7.597001,23.228001,-125.219009
gyroscope_uncalibrated,287050164671015,287050168886533,3,0.047037,-0.010385,0.018326,0.004887,0.003665,0.000000
accelerometer_uncalibrated,287050164671015,287050168970440,3,1.058237,4.240131,8.834604,0.000000,0.000000,0.000000
magnetic_field_uncalibrated,287050172682148,287050174862041,3,15.312000,-18.612001,-150.090012,7.597001,23.228001,-125.219009
gyroscope_uncalibrated,287050172682148,287050174997783,3,0.047037,0.012828,0.017104,0.004887,0.003665,0.000000
accelerometer_uncalibrated,287050172682148,287050175181533,3,1.017536,4.264073,8.810662,0.000000,0.000000,0.000000
magnetic_field_uncalibrated,287050180692304,287050183691963,3,15.463000,-18.223001,-148.798004,7.597001,23.228001,-125.220009
gyroscope_uncalibrated,287050180692304,287050183793174,3,0.041539,0.025656,0.021380,0.004887,0.003665,0.000000
accelerometer_uncalibrated,287050180692304,287050183958447,3,0.986411,4.266468,8.791509,0.000000,0.000000,0.000000
magnetic_field_uncalibrated,287050188702109,287050191528252,3,16.291000,-17.961000,-148.912003,7.597001,23.228001,-125.219009
gyroscope_uncalibrated,287050188702109,287050191604463,3,0.036041,0.028711,0.026267,0.004887,0.003665,0.000000
accelerometer_uncalibrated,287050188702109,287050191622041,3,0.950498,4.264073,8.786720,0.000000,0.000000,0.000000
magnetic_field_uncalibrated,287050196711484,287050199533525,3,16.531000,-17.760000,-149.562012,7.597001,23.228001,-125.219009
gyroscope_uncalibrated,287050196711484,287050199807510,3,0.032376,0.025656,0.029932,0.004887,0.003665,0.000000
accelerometer_uncalibrated,287050196711484,287050200551690,3,0.943315,4.256891,8.765172,0.000000,0.000000,0.000000
magnetic_field_uncalibrated,287050204720937,287050207232783,3,16.289001,-17.963001,-149.128006,7.597001,23.228001,-125.220009
gyroscope_uncalibrated,287050204720937,287050207295986,3,0.027489,0.017715,0.037874,0.004887,0.003665,0.000000
accelerometer_uncalibrated,287050204720937,287050207376338,3,0.960075,4.261679,8.793902,0.000000,0.000000,0.000000
magnetic_field_uncalibrated,287050212728750,287050215551650,3,15.792001,-18.381001,-149.879013,7.597001,23.228001,-125.220009
gyroscope_uncalibrated,287050212728750,287050215627705,3,0.026878,0.007941,0.043982,0.004887,0.003665,0.000000
accelerometer_uncalibrated,287050212728750,287050216046143,3,0.984017,4.259285,8.813056,0.000000,0.000000,0.000000
magnetic_field_uncalibrated,287050220736523,287050223068760,3,15.314001,-18.524000,-150.631012,7.597001,23.228001,-125.220009
gyroscope_uncalibrated,287050220736523,287050223139619,3,0.031154,0.003665,0.045204,0.004887,0.003665,0.000000
accelerometer_uncalibrated,287050220736523,287050223157940,3,1.017536,4.237737,8.832211,0.000000,0.000000,0.000000
magnetic_field_uncalibrated,287050228746562,287050232124385,3,16.258001,-18.423000,-149.234009,7.597001,23.228001,-125.220009
gyroscope_uncalibrated,287050228746562,287050232985479,3,0.035430,-0.003665,0.047037,0.004887,0.003665,0.000000
accelerometer_uncalibrated,287050228746562,287050233623916,3,1.039083,4.230555,8.848969,0.000000,0.000000,0.000000
magnetic_field_uncalibrated,287050236758281,287050239328330,3,16.218000,-17.329000,-148.806000,7.597001,23.228001,-125.219009
gyroscope_uncalibrated,287050236758281,287050239390791,3,0.038485,-0.007941,0.044593,0.004887,0.003665,0.000000
accelerometer_uncalibrated,287050236758281,287050239411416,3,1.096544,4.242526,8.822633,0.000000,0.000000,0.000000
magnetic_field_uncalibrated,287050244769140,287050247647080,3,15.730000,-17.566000,-149.990005,7.597001,23.229002,-125.220009
gyroscope_uncalibrated,287050244769140,287050248058955,3,0.040317,-0.007330,0.041539,0.004887,0.003665,0.000000
accelerometer_uncalibrated,287050244769140,287050248143799,3,1.137246,4.237737,8.810662,0.000000,0.000000,0.000000
magnetic_field_uncalibrated,287050252777773,287050254673213,3,14.886001,-18.015001,-150.306000,7.596000,23.229002,-125.219009
gyroscope_uncalibrated,287050252777773,287050254753096,3,0.041539,-0.010996,0.035430,0.004887,0.003665,0.000000
accelerometer_uncalibrated,287050252777773,287050255069268,3,1.137246,4.242526,8.793902,0.000000,0.000000,0.000000
magnetic_field_uncalibrated,287050260786601,287050264815596,3,14.935000,-17.452002,-148.689011,7.596000,23.228001,-125.219009
gyroscope_uncalibrated,287050260786601,287050265002666,3,0.039095,-0.011606,0.028100,0.004887,0.003665,0.000000
accelerometer_uncalibrated,287050260786601,287050265242940,3,1.168370,4.249708,8.755595,0.000000,0.000000,0.000000
magnetic_field_uncalibrated,287050268792929,287050271417354,3,15.005001,-18.003000,-150.091003,7.597001,23.228001,-125.220009
gyroscope_uncalibrated,287050268792929,287050271522041,3,0.037263,-0.001222,0.019548,0.004887,0.003665,0.000000
accelerometer_uncalibrated,287050268792929,287050271563994,3,1.182736,4.264073,8.719683,0.000000,0.000000,0.000000
magnetic_field_uncalibrated,287050276800156,287050279308447,3,13.959001,-17.842001,-151.920013,7.597001,23.228001,-125.220009
gyroscope_uncalibrated,287050276800156,287050279524463,3,0.031154,0.006109,0.012217,0.004887,0.003665,0.000000
accelerometer_uncalibrated,287050276800156,287050279552119,3,1.151611,4.290410,8.705317,0.000000,0.000000,0.000000
magnetic_field_uncalibrated,287050284809492,287050287208447,3,14.482000,-17.226002,-149.335007,7.597001,23.228001,-125.220009
gyroscope_uncalibrated,287050284809492,287050287285752,3,0.026878,0.003665,0.007941,0.004887,0.003665,0.000000
accelerometer_uncalibrated,287050284809492,287050287309775,3,1.122881,4.304775,8.731653,0.000000,0.000000,0.000000
magnetic_field_uncalibrated,287050292816601,287050294999932,3,15.215001,-16.783001,-148.262009,7.597001,23.228001,-125.219009
gyroscope_uncalibrated,287050292816601,287050295074190,3,0.024435,0.002443,0.001833,0.004887,0.003665,0.000000
accelerometer_uncalibrated,287050292816601,287050295172236,3,1.082179,4.290410,8.724471,0.000000,0.000000,0.000000
magnetic_field_uncalibrated,287050300823867,287050303232588,3,15.088000,-16.890001,-148.801010,7.597001,23.228001,-125.220009
gyroscope_uncalibrated,287050300823867,287050303309463,3,0.023824,0.002443,0.001222,0.004887,0.003665,0.000000
accelerometer_uncalibrated,287050300823867,287050303334229,3,1.031901,4.271256,8.717288,0.000000,0.000000,0.000000
magnetic_field_uncalibrated,287050308831132,287050311280830,3,14.689001,-17.745001,-148.039001,7.597001,23.229002,-125.220009
gyroscope_uncalibrated,287050308831132,287050311357002,3,0.021991,0.006720,0.006720,0.004887,0.003665,0.000000
accelerometer_uncalibrated,287050308831132,287050311491690,3,0.981623,4.261679,8.698134,0.000000,0.000000,0.000000
magnetic_field_uncalibrated,287050316835859,287050319665205,3,14.862000,-18.469002,-149.548004,7.597001,23.228001,-125.219009
gyroscope_uncalibrated,287050316835859,287050319738174,3,0.017104,0.009774,0.015272,0.004887,0.003665,0.000000
accelerometer_uncalibrated,287050316835859,287050319762197,3,0.960075,4.252102,8.734048,0.000000,0.000000,0.000000
magnetic_field_uncalibrated,287050324843242,287050327375322,3,15.787001,-18.387001,-150.634003,7.597001,23.228001,-125.219009
gyroscope_uncalibrated,287050324843242,287050327453369,3,0.014050,0.012217,0.026878,0.004887,0.003665,0.000000
accelerometer_uncalibrated,287050324843242,287050327531729,3,0.967257,4.252102,8.714894,0.000000,0.000000,0.000000
magnetic_field_uncalibrated,287050332851406,287050334813682,3,16.074001,-17.624001,-149.992004,7.597001,23.229002,-125.220009
gyroscope_uncalibrated,287050332851406,287050334918018,3,0.011606,0.011606,0.035430,0.004887,0.003665,0.000000
accelerometer_uncalibrated,287050332851406,287050335045205,3,0.991199,4.261679,8.736442,0.000000,0.000000,0.000000
magnetic_field_uncalibrated,287050340857851,287050343382588,3,16.134001,-16.792002,-149.240005,7.597001,23.228001,-125.220009
gyroscope_uncalibrated,287050340857851,287050343444463,3,0.014661,0.010996,0.038485,0.004887,0.003665,0.000000
accelerometer_uncalibrated,287050340857851,287050343517783,3,1.043872,4.271256,8.750807,0.000000,0.000000,0.000000
magnetic_field_uncalibrated,287050348865312,287050351689346,3,14.906001,-16.261002,-147.614014,7.596000,23.228001,-125.219009
gyroscope_uncalibrated,287050348865312,287050351758135,3,0.012217,0.003665,0.039095,0.004887,0.003665,0.000000
accelerometer_uncalibrated,287050348865312,287050351858682,3,1.118092,4.285621,8.760384,0.000000,0.000000,0.000000
magnetic_field_uncalibrated,287050356873203,287050359605205,3,15.041000,-16.060001,-146.860001,7.597001,23.228001,-125.219009
gyroscope_uncalibrated,287050356873203,287050359687744,3,0.012828,0.000611,0.034819,0.004887,0.003665,0.000000
accelerometer_uncalibrated,287050356873203,287050359722666,3,1.161188,4.297592,8.769960,0.000000,0.000000,0.000000
magnetic_field_uncalibrated,287050364883554,287050368167354,3,15.931001,-16.441000,-148.484009,7.597001,23.228001,-125.219009
gyroscope_uncalibrated,287050364883554,287050368249229,3,0.014050,0.003665,0.025045,0.004887,0.003665,0.000000
accelerometer_uncalibrated,287050364883554,287050368272471,3,1.197101,4.295198,8.748413,0.000000,0.000000,0.000000
magnetic_field_uncalibrated,287050372895195,287050375437549,3,14.146001,-17.075001,-149.117004,7.597001,23.228001,-125.219009
gyroscope_uncalibrated,287050372895195,287050375504619,3,0.011606,0.008552,0.016493,0.004887,0.003665,0.000000
accelerometer_uncalibrated,287050372895195,287050376111143,3,1.211466,4.311957,8.717288,0.000000,0.000000,0.000000
magnetic_field_uncalibrated,287050380906367,287050384229893,3,12.967001,-17.630001,-146.840012,7.597001,23.228001,-125.219009
gyroscope_uncalibrated,287050380906367,287050384660635,3,0.006109,0.010996,0.005498,0.004887,0.003665,0.000000
accelerometer_uncalibrated,287050380906367,287050384764658,3,1.168370,4.309563,8.734048,0.000000,0.000000,0.000000
magnetic_field_uncalibrated,287050388913593,287050391131299,3,15.075001,-17.333000,-146.531006,7.597001,23.228001,-125.219009
gyroscope_uncalibrated,287050388913593,287050391198057,3,0.002443,0.011606,-0.001833,0.004887,0.003665,0.000000
accelerometer_uncalibrated,287050388913593,287050391306025,3,1.118092,4.299986,8.724471,0.000000,0.000000,0.000000
magnetic_field_uncalibrated,287050396923710,287050399385010,3,16.862001,-16.267000,-149.571014,7.597001,23.228001,-125.220009
gyroscope_uncalibrated,287050396923710,287050399470322,3,-0.003665,0.015882,-0.004887,0.004887,0.003665,0.000000
accelerometer_uncalibrated,287050396923710,287050399510049,3,1.046266,4.297592,8.712500,0.000000,0.000000,0.000000
magnetic_field_uncalibrated,287050404934726,287050407630166,3,15.405001,-17.318001,-149.125000,7.597001,23.228001,-125.220009
gyroscope_uncalibrated,287050404934726,287050407767549,3,-0.009774,0.018326,-0.003054,0.004887,0.003665,0.000000
accelerometer_uncalibrated,287050404934726,287050407801221,3,1.036689,4.283227,8.719683,0.000000,0.000000,0.000000
magnetic_field_uncalibrated,287050412948203,287050415528252,3,15.186001,-17.241001,-148.044006,7.597001,23.228001,-125.219009
gyroscope_uncalibrated,287050412948203,287050415612510,3,-0.016493,0.018937,0.003665,0.004887,0.003665,0.000000
accelerometer_uncalibrated,287050412948203,287050417434815,3,1.041478,4.271256,8.719683,0.000000,0.000000,0.000000
magnetic_field_uncalibrated,287050420961718,287050423355166,3,15.735001,-15.912001,-148.485001,7.597001,23.228001,-125.219009
gyroscope_uncalibrated,287050420961718,287050423432666,3,-0.020769,0.020769,0.006109,0.004887,0.003665,0.000000
accelerometer_uncalibrated,287050420961718,287050423733291,3,1.055843,4.240131,8.743625,0.000000,0.000000,0.000000
magnetic_field_uncalibrated,287050428973398,287050432796260,3,15.806001,-16.633001,-148.051010,7.597001,23.228001,-125.220009
gyroscope_uncalibrated,287050428973398,287050433062940,3,-0.020159,0.020159,0.003665,0.004887,0.003665,0.000000
accelerometer_uncalibrated,287050428973398,287050434025869,3,1.089362,4.254497,8.753201,0.000000,0.000000,0.000000
magnetic_field_uncalibrated,287050436984414,287050439200166,3,16.827002,-16.988001,-147.732010,7.597001,23.228001,-125.219009
gyroscope_uncalibrated,287050436984414,287050439279658,3,-0.019548,0.021380,0.003665,0.004887,0.003665,0.000000
accelerometer_uncalibrated,287050436984414,287050439434190,3,1.113304,4.264073,8.769960,0.000000,0.000000,0.000000
magnetic_field_uncalibrated,287050444994375,287050449536690,3,16.698000,-17.098001,-148.595001,7.597001,23.228001,-125.220009
gyroscope_uncalibrated,287050444994375,287050449650752,3,-0.017104,0.018326,-0.001833,0.004887,0.003665,0.000000
accelerometer_uncalibrated,287050444994375,287050450084229,3,1.115698,4.264073,8.772355,0.000000,0.000000,0.000000
magnetic_field_uncalibrated,287050453004296,287050455276611,3,15.589001,-16.210001,-149.886002,7.597001,23.228001,-125.219009
gyroscope_uncalibrated,287050453004296,287050455369346,3,-0.015882,0.015272,-0.006109,0.004887,0.003665,0.000000
accelerometer_uncalibrated,287050453004296,287050455396729,3,1.094150,4.266468,8.755595,0.000000,0.000000,0.000000
magnetic_field_uncalibrated,287050461010820,287050464447119,3,15.220000,-16.692001,-148.370010,7.597001,23.228001,-125.219009
gyroscope_uncalibrated,287050461010820,287050464749307,3,-0.016493,0.011606,-0.009774,0.004887,0.003665,0.000000
accelerometer_uncalibrated,287050461010820,287050465303018,3,1.060631,4.266468,8.753201,0.000000,0.000000,0.000000
magnetic_field_uncalibrated,287050469018359,287050471339580,3,15.480000,-18.035002,-148.151001,7.597001,23.228001,-125.220009
gyroscope_uncalibrated,287050469018359,287050471428799,3,-0.020769,0.003665,-0.014050,0.004887,0.003665,0.000000
accelerometer_uncalibrated,287050469018359,287050471613877,3,1.022324,4.256891,8.738836,0.000000,0.000000,0.000000
magnetic_field_uncalibrated,287050477028710,287050480153252,3,14.999001,-16.445002,-149.234009,7.597001,23.228001,-125.220009
gyroscope_uncalibrated,287050477028710,287050480234268,3,-0.025656,0.006109,-0.009774,0.004887,0.003665,0.000000
accelerometer_uncalibrated,287050477028710,287050480260986,3,1.003170,4.256891,8.722076,0.000000,0.000000,0.000000
magnetic_field_uncalibrated,287050485040507,287050487435908,3,14.882001,-16.542002,-148.369003,7.597001,23.228001,-125.220009
gyroscope_uncalibrated,287050485040507,287050487515440,3,-0.031765,0.011606,-0.009163,0.004887,0.003665,0.000000
accelerometer_uncalibrated,287050485040507,287050487678525,3,1.000776,4.211401,8.757990,0.000000,0.000000,0.000000
magnetic_field_uncalibrated,287050493052734,287050494926807,3,15.379001,-17.859001,-147.719009,7.597001,23.228001,-125.220009
gyroscope_uncalibrated,287050493052734,287050495012705,3,-0.033598,0.012828,-0.004887,0.004887,0.003665,0.000000
accelerometer_uncalibrated,287050493052734,287050495037900,3,1.005565,4.197036,8.820239,0.000000,0.000000,0.000000
magnetic_field_uncalibrated,287050501066015,287050503354619,3,15.236001,-18.154001,-148.796005,7.597001,23.228001,-125.219009
gyroscope_uncalibrated,287050501066015,287050503526299,3,-0.031154,0.018937,-0.001222,0.004887,0.003665,0.000000
accelerometer_uncalibrated,287050501066015,287050503566924,3,1.012747,4.211401,8.834604,0.000000,0.000000,0.000000
magnetic_field_uncalibrated,287050509082226,287050511265479,3,15.296000,-17.322001,-148.152008,7.597001,23.228001,-125.219009
gyroscope_uncalibrated,287050509082226,287050511342393,3,-0.026267,0.031154,0.003054,0.004887,0.003665,0.000000
accelerometer_uncalibrated,287050509082226,287050511363760,3,1.012747,4.211401,8.846576,0.000000,0.000000,0.000000
magnetic_field_uncalibrated,287050517095546,287050519488525,3,15.813001,-16.540001,-147.943008,7.597001,23.228001,-125.219009
gyroscope_uncalibrated,287050517095546,287050519555986,3,-0.023824,0.024435,0.004276,0.004887,0.003665,0.000000
accelerometer_uncalibrated,287050517095546,287050519578291,3,1.036689,4.225766,8.877700,0.000000,0.000000,0.000000
magnetic_field_uncalibrated,287050525111875,287050527453877,3,16.641001,-16.192001,-148.814011,7.597001,23.228001,-125.220009
gyroscope_uncalibrated,287050525111875,287050527582900,3,-0.018326,0.018937,0.004276,0.004887,0.003665,0.000000
accelerometer_uncalibrated,287050525111875,287050527607861,3,1.046266,4.237737,8.865729,0.000000,0.000000,0.000000
magnetic_field_uncalibrated,287050533122929,287050536037822,3,17.002001,-16.061001,-148.169006,7.597001,23.228001,-125.220009
gyroscope_uncalibrated,287050533122929,287050536222627,3,-0.014661,0.016493,0.002443,0.004887,0.003665,0.000000
accelerometer_uncalibrated,287050533122929,287050536316416,3,1.039083,4.242526,8.844181,0.000000,0.000000,0.000000
magnetic_field_uncalibrated,287050541134531,287050543164775,3,16.399000,-16.395000,-148.380005,7.597001,23.228001,-125.220009
gyroscope_uncalibrated,287050541134531,287050543511494,3,-0.012828,0.009163,0.001833,0.004887,0.003665,0.000000
accelerometer_uncalibrated,287050541134531,287050543858955,3,1.029507,4.264073,8.832211,0.000000,0.000000,0.000000
magnetic_field_uncalibrated,287050549146445,287050551533525,3,17.074001,-16.695002,-148.383011,7.597001,23.228001,-125.220009
gyroscope_uncalibrated,287050549146445,287050551715791,3,-0.012828,0.006109,-0.001833,0.004887,0.003665,0.000000
accelerometer_uncalibrated,287050549146445,287050551971299,3,1.048660,4.271256,8.817844,0.000000,0.000000,0.000000
magnetic_field_uncalibrated,287050557157421,287050559784971,3,18.047001,-17.957001,-146.441010,7.597001,23.228001,-125.220009
gyroscope_uncalibrated,287050557157421,287050559871611,3,-0.015272,0.011606,-0.006109,0.004887,0.003665,0.000000
accelerometer_uncalibrated,287050557157421,287050559906572,3,1.060631,4.273650,8.836999,0.000000,0.000000,0.000000
magnetic_field_uncalibrated,287050565167617,287050567703955,3,16.011002,-18.802000,-147.719009,7.597001,23.228001,-125.219009
gyroscope_uncalibrated,287050565167617,287050567776963,3,-0.015272,0.010385,-0.007941,0.004887,0.003665,0.000000
accelerometer_uncalibrated,287050565167617,287050567797549,3,1.034295,4.264073,8.846576,0.000000,0.000000,0.000000
magnetic_field_uncalibrated,287050573180273,287050575667471,3,14.892001,-17.924002,-150.414001,7.597001,23.228001,-125.219009
gyroscope_uncalibrated,287050573180273,287050576323213,3,-0.014050,0.012828,-0.009163,0.004887,0.003665,0.000000
accelerometer_uncalibrated,287050573180273,287050576411494,3,0.995988,4.237737,8.860941,0.000000,0.000000,0.000000
magnetic_field_uncalibrated,287050581192773,287050584237979,3,16.332001,-17.062000,-151.507004,7.597001,23.228001,-125.219009
gyroscope_uncalibrated,287050581192773,287050584335440,3,-0.011606,0.011606,-0.006720,0.004887,0.003665,0.000000
accelerometer_uncalibrated,287050581192773,287050584366963,3,0.952892,4.220978,8.863335,0.000000,0.000000,0.000000
magnetic_field_uncalibrated,287050589201054,287050591798525,3,15.738001,-17.472000,-149.666000,7.596000,23.228001,-125.219009
gyroscope_uncalibrated,287050589201054,287050592148525,3,-0.010996,0.012828,-0.000611,0.004887,0.003665,0.000000
accelerometer_uncalibrated,287050589201054,287050592262940,3,0.950498,4.201824,8.848969,0.000000,0.000000,0.000000
magnetic_field_uncalibrated,287050597210351,287050601507236,3,15.278001,-17.683001,-147.287003,7.597001,23.228001,-125.219009
gyroscope_uncalibrated,287050597210351,287050601581260,3,-0.009163,0.009774,0.007330,0.004887,0.003665,0.000000
accelerometer_uncalibrated,287050597210351,287050601743408,3,0.964863,4.185065,8.872911,0.000000,0.000000,0.000000
magnetic_field_uncalibrated,287050605214960,287050607783799,3,15.333001,-18.333000,-149.660004,7.596000,23.228001,-125.220009
gyroscope_uncalibrated,287050605214960,287050607860557,3,-0.004276,0.007330,0.014661,0.004887,0.003665,0.000000
accelerometer_uncalibrated,287050605214960,287050607890947,3,0.984017,4.192247,8.884883,0.000000,0.000000,0.000000
magnetic_field_uncalibrated,287050613223671,287050615863604,3,15.966001,-17.541000,-149.667007,7.597001,23.228001,-125.219009
gyroscope_uncalibrated,287050613223671,287050615956494,3,0.002443,0.012828,0.018326,0.004887,0.003665,0.000000
accelerometer_uncalibrated,287050613223671,287050615978252,3,1.000776,4.182671,8.868123,0.000000,0.000000,0.000000
magnetic_field_uncalibrated,287050621232500,287050623430440,3,16.500000,-16.571001,-148.811005,7.597001,23.228001,-125.219009
gyroscope_uncalibrated,287050621232500,287050623512861,3,0.009774,0.018937,0.020769,0.004887,0.003665,0.000000
accelerometer_uncalibrated,287050621232500,287050623541768,3,1.015141,4.204218,8.884883,0.000000,0.000000,0.000000
magnetic_field_uncalibrated,287050629237890,287050631824658,3,15.878001,-17.180000,-149.021011,7.597001,23.228001,-125.220009
gyroscope_uncalibrated,287050629237890,287050631923057,3,0.012217,0.015882,0.019548,0.004887,0.003665,0.000000
accelerometer_uncalibrated,287050629237890,287050631959932,3,1.046266,4.201824,8.872911,0.000000,0.000000,0.000000
accelerometer_uncalibrated,287050637244296,287050639596963,3,1.055843,4.216189,8.846576,0.000000,0.000000,0.000000
magnetic_field_uncalibrated,287050637244296,287050639714268,3,15.971001,-17.622002,-148.156006,7.597001,23.228001,-125.220009
gyroscope_uncalibrated,287050637244296,287050639740244,3,0.017104,0.010385,0.021380,0.004887,0.003665,0.000000
magnetic_field_uncalibrated,287050645253710,287050649075869,3,15.179001,-17.419001,-147.288010,7.597001,23.228001,-125.220009
gyroscope_uncalibrated,287050645253710,287050649168369,3,0.018937,0.011606,0.017715,0.004887,0.003665,0.000000
accelerometer_uncalibrated,287050645253710,287050649195947,3,1.063026,4.211401,8.844181,0.000000,0.000000,0.000000
magnetic_field_uncalibrated,287050653260507,287050655039932,3,15.008000,-16.608002,-146.426010,7.597001,23.228001,-125.219009
gyroscope_uncalibrated,287050653260507,287050655143330,3,0.021991,0.008552,0.014050,0.004887,0.003665,0.000000
accelerometer_uncalibrated,287050653260507,287050655295752,3,1.043872,4.228160,8.836999,0.000000,0.000000,0.000000
magnetic_field_uncalibrated,287050661267460,287050665877588,3,14.830001,-17.367001,-148.041000,7.597001,23.228001,-125.219009
gyroscope_uncalibrated,287050661267460,287050665980322,3,0.024435,0.006720,0.012217,0.004887,0.003665,0.000000
accelerometer_uncalibrated,287050661267460,287050666009150,3,1.053449,4.220978,8.825027,0.000000,0.000000,0.000000
magnetic_field_uncalibrated,287050669274179,287050671514502,3,16.198000,-17.605001,-148.913010,7.596000,23.228001,-125.220009
gyroscope_uncalibrated,287050669274179,287050671593057,3,0.023824,0.004887,0.010996,0.004887,0.003665,0.000000
accelerometer_uncalibrated,287050669274179,287050671622471,3,1.053449,4.240131,8.789114,0.000000,0.000000,0.000000
magnetic_field_uncalibrated,287050677279687,287050682179229,3,16.460001,-17.383001,-146.864014,7.597001,23.228001,-125.219009
gyroscope_uncalibrated,287050677279687,287050682281885,3,0.017104,0.007330,0.011606,0.004887,0.003665,0.000000
accelerometer_uncalibrated,287050677279687,287050682312705,3,1.029507,4.247314,8.746018,0.000000,0.000000,0.000000
magnetic_field_uncalibrated,287050685283789,287050687555869,3,15.550001,-17.193001,-146.211014,7.597001,23.228001,-125.219009
gyroscope_uncalibrated,287050685283789,287050687632705,3,0.009774,0.010385,0.013439,0.004887,0.003665,0.000000
accelerometer_uncalibrated,287050685283789,287050687659229,3,0.991199,4.249708,8.750807,0.000000,0.000000,0.000000
magnetic_field_uncalibrated,287050693290273,287050695364541,3,15.955001,-16.160000,-147.730011,7.597001,23.228001,-125.220009
gyroscope_uncalibrated,287050693290273,287050695450088,3,0.003054,0.014050,0.016493,0.004887,0.003665,0.000000
accelerometer_uncalibrated,287050693290273,287050695476807,3,0.995988,4.247314,8.729259,0.000000,0.000000,0.000000
magnetic_field_uncalibrated,287050701297226,287050703543174,3,17.196001,-16.506001,-149.248001,7.597001,23.228001,-125.219009
gyroscope_uncalibrated,287050701297226,287050703637744,3,-0.007941,0.018326,0.018326,0.004887,0.003665,0.000000
accelerometer_uncalibrated,287050701297226,287050703662275,3,1.027112,4.242526,8.729259,0.000000,0.000000,0.000000
magnetic_field_uncalibrated,287050709303750,287050711615635,3,17.278000,-17.045000,-149.030014,7.597001,23.228001,-125.219009
gyroscope_uncalibrated,287050709303750,287050711706455,3,-0.017715,0.021991,0.017104,0.004887,0.003665,0.000000
accelerometer_uncalibrated,287050709303750,287050711734541,3,1.046266,4.232949,8.719683,0.000000,0.000000,0.000000
magnetic_field_uncalibrated,287050717309101,287050719718135,3,15.800001,-16.724001,-147.942001,7.596000,23.228001,-125.219009
gyroscope_uncalibrated,287050717309101,287050719804150,3,-0.026267,0.025045,0.017104,0.004887,0.003665,0.000000
accelerometer_uncalibrated,287050717309101,287050719832940,3,1.079785,4.237737,8.750807,0.000000,0.000000,0.000000
magnetic_field_uncalibrated,287050725313007,287050727746143,3,17.133001,-15.778001,-148.711014,7.597001,23.229002,-125.220009
gyroscope_uncalibrated,287050725313007,287050727843018,3,-0.029322,0.018326,0.012828,0.004887,0.003665,0.000000
accelerometer_uncalibrated,287050725313007,287050727877783,3,1.077391,4.240131,8.810662,0.000000,0.000000,0.000000
magnetic_field_uncalibrated,287050733316171,287050736383994,3,16.572001,-15.470000,-149.032013,7.597001,23.228001,-125.219009
gyroscope_uncalibrated,287050733316171,287050736471377,3,-0.027489,0.016493,0.011606,0.004887,0.003665,0.000000
accelerometer_uncalibrated,287050733316171,287050736500205,3,1.091756,4.225766,8.829816,0.000000,0.000000,0.000000
magnetic_field_uncalibrated,287050741319335,287050743571807,3,15.579000,-16.649000,-147.185013,7.597001,23.228001,-125.219009
gyroscope_uncalibrated,287050741319335,287050743655869,3,-0.023213,0.018326,0.006720,0.004887,0.003665,0.000000
accelerometer_uncalibrated,287050741319335,287050743680361,3,1.098939,4.209007,8.858546,0.000000,0.000000,0.000000
magnetic_field_uncalibrated,287050749322148,287050751965088,3,16.632000,-18.108002,-148.482010,7.597001,23.228001,-125.220009
gyroscope_uncalibrated,287050749322148,287050752056455,3,-0.015272,0.014661,0.003665,0.004887,0.003665,0.000000
accelerometer_uncalibrated,287050749322148,287050752089580,3,1.098939,4.216189,8.882488,0.000000,0.000000,0.000000
magnetic_field_uncalibrated,287050757328789,287050760435127,3,17.955000,-17.257000,-149.682007,7.597001,23.229002,-125.220009
gyroscope_uncalibrated,287050757328789,287050760507471,3,-0.006720,0.012828,0.003054,0.004887,0.003665,0.000000
accelerometer_uncalibrated,287050757328789,287050760673018,3,1.084573,4.220978,8.875306,0.000000,0.000000,0.000000
magnetic_field_uncalibrated,287050765335195,287050767650635,3,17.241001,-17.682001,-148.272003,7.597001,23.228001,-125.220009
gyroscope_uncalibrated,287050765335195,287050767739854,3,0.000611,0.014661,0.001222,0.004887,0.003665,0.000000
accelerometer_uncalibrated,287050765335195,287050767763643,3,1.067814,4.232949,8.853758,0.000000,0.000000,0.000000
magnetic_field_uncalibrated,287050773342031,287050776530400,3,16.076000,-19.443001,-148.905014,7.597001,23.228001,-125.220009
gyroscope_uncalibrated,287050773342031,287050776747744,3,0.005498,0.004887,0.000000,0.004887,0.003665,0.000000
accelerometer_uncalibrated,287050773342031,287050776798682,3,1.053449,4.223372,8.825027,0.000000,0.000000,0.000000
magnetic_field_uncalibrated,287050781350156,287050783693877,3,17.097000,-17.978001,-149.457001,7.597001,23.228001,-125.219009
gyroscope_uncalibrated,287050781350156,287050783783721,3,0.007941,-0.001222,0.001222,0.004887,0.003665,0.000000
accelerometer_uncalibrated,287050781350156,287050783830283,3,1.043872,4.228160,8.793902,0.000000,0.000000,0.000000
magnetic_field_uncalibrated,287050789359531,287050791715518,3,17.507000,-17.198000,-147.952011,7.597001,23.228001,-125.220009
gyroscope_uncalibrated,287050789359531,287050791791104,3,0.009163,-0.004276,0.001222,0.004887,0.003665,0.000000
accelerometer_uncalibrated,287050789359531,287050791817393,3,1.041478,4.220978,8.750807,0.000000,0.000000,0.000000
magnetic_field_uncalibrated,287050797368789,287050800858486,3,16.942001,-16.893002,-148.813004,7.597001,23.228001,-125.220009
gyroscope_uncalibrated,287050797368789,287050801200830,3,0.006109,-0.011606,0.002443,0.004887,0.003665,0.000000
accelerometer_uncalibrated,287050797368789,287050801322197,3,1.019930,4.237737,8.717288,0.000000,0.000000,0.000000
magnetic_field_uncalibrated,287050805375546,287050807572236,3,16.258001,-16.601002,-149.889008,7.597001,23.229002,-125.219009
gyroscope_uncalibrated,287050805375546,287050807635205,3,-0.001222,-0.018937,0.006109,0.004887,0.003665,0.000000
accelerometer_uncalibrated,287050805375546,287050807662119,3,1.017536,4.249708,8.700529,0.000000,0.000000,0.000000
magnetic_field_uncalibrated,287050813378906,287050815693096,3,15.381001,-17.599001,-149.879013,7.597001,23.229002,-125.219009
gyroscope_uncalibrated,287050813378906,287050815897393,3,-0.013439,-0.020769,0.006720,0.004887,0.003665,0.000000
accelerometer_uncalibrated,287050813378906,287050816021221,3,1.022324,4.237737,8.686164,0.000000,0.000000,0.000000
magnetic_field_uncalibrated,287050821383671,287050824120088,3,14.891001,-18.011002,-149.658005,7.597001,23.228001,-125.219009
gyroscope_uncalibrated,287050821383671,287050824215127,3,-0.023213,-0.017715,0.007941,0.004887,0.003665,0.000000
accelerometer_uncalibrated,287050821383671,287050824243760,3,1.041478,4.218584,8.695741,0.000000,0.000000,0.000000
magnetic_field_uncalibrated,287050829386757,287050831877588,3,15.424001,-17.042002,-149.018005,7.597001,23.228001,-125.219009
gyroscope_uncalibrated,287050829386757,287050831958174,3,-0.030543,-0.007941,0.007941,0.004887,0.003665,0.000000
accelerometer_uncalibrated,287050829386757,287050831987041,3,1.070208,4.211401,8.736442,0.000000,0.000000,0.000000
magnetic_field_uncalibrated,287050837388906,287050839725752,3,16.122002,-17.062000,-148.483002,7.597001,23.228001,-125.220009
gyroscope_uncalibrated,287050837388906,287050839809268,3,-0.037263,-0.003665,0.011606,0.004887,0.003665,0.000000
accelerometer_uncalibrated,287050837388906,287050839839502,3,1.079785,4.187459,8.793902,0.000000,0.000000,0.000000
magnetic_field_uncalibrated,287050845391953,287050849226338,3,15.514001,-17.486000,-148.477005,7.597001,23.228001,-125.219009
gyroscope_uncalibrated,287050845391953,287050849511768,3,-0.036041,0.006720,0.007941,0.004887,0.003665,0.000000
accelerometer_uncalibrated,287050845391953,287050849711533,3,1.101333,4.175488,8.836999,0.000000,0.000000,0.000000
magnetic_field_uncalibrated,287050853397851,287050855724932,3,14.263000,-17.149000,-148.254013,7.597001,23.228001,-125.219009
gyroscope_uncalibrated,287050853397851,287050855809541,3,-0.029932,0.012828,0.006109,0.004887,0.003665,0.000000
accelerometer_uncalibrated,287050853397851,287050856011221,3,1.110910,4.187459,8.889671,0.000000,0.000000,0.000000
magnetic_field_uncalibrated,287050861406015,287050864477588,3,15.457001,-18.401001,-147.933014,7.597001,23.228001,-125.219009
gyroscope_uncalibrated,287050861406015,287050864720869,3,-0.020769,0.011606,0.000611,0.004887,0.003665,0.000000
accelerometer_uncalibrated,287050861406015,287050864765752,3,1.103727,4.199430,8.894460,0.000000,0.000000,0.000000
magnetic_field_uncalibrated,287050869411328,287050871549346,3,16.738001,-18.106001,-149.778000,7.596000,23.228001,-125.219009
gyroscope_uncalibrated,287050869411328,287050871627549,3,-0.010996,0.000000,-0.003054,0.004887,0.003665,0.000000
accelerometer_uncalibrated,287050869411328,287050871653994,3,1.101333,4.206613,8.913613,0.000000,0.000000,0.000000
magnetic_field_uncalibrated,287050877419140,287050879862940,3,16.393002,-16.401001,-149.135010,7.597001,23.228001,-125.219009
gyroscope_uncalibrated,287050877419140,287050879949502,3,-0.006720,-0.006720,-0.004887,0.004887,0.003665,0.000000
accelerometer_uncalibrated,287050877419140,287050879980400,3,1.106121,4.216189,8.901642,0.000000,0.000000,0.000000
magnetic_field_uncalibrated,287050885429023,287050887761963,3,16.614000,-16.476000,-149.892014,7.597001,23.228001,-125.219009
gyroscope_uncalibrated,287050885429023,287050887854658,3,0.003665,-0.010385,-0.009163,0.004887,0.003665,0.000000
accelerometer_uncalibrated,287050885429023,287050887883877,3,1.094150,4.216189,8.868123,0.000000,0.000000,0.000000
magnetic_field_uncalibrated,287050893439375,287050895795479,3,16.673000,-17.295000,-150.321014,7.597001,23.228001,-125.220009
gyroscope_uncalibrated,287050893439375,287050895999619,3,0.008552,-0.014661,-0.010996,0.004887,0.003665,0.000000
accelerometer_uncalibrated,287050893439375,287050896094033,3,1.070208,4.206613,8.856153,0.000000,0.000000,0.000000
magnetic_field_uncalibrated,287050901447968,287050903786611,3,16.200001,-17.603001,-148.697006,7.597001,23.229002,-125.219009
gyroscope_uncalibrated,287050901447968,287050903894111,3,0.007330,-0.023824,-0.010385,0.004887,0.003665,0.000000
accelerometer_uncalibrated,287050901447968,287050903925127,3,1.043872,4.206613,8.848969,0.000000,0.000000,0.000000
magnetic_field_uncalibrated,287050909458671,287050912294190,3,15.878001,-17.180000,-149.021011,7.597001,23.228001,-125.220009
gyroscope_uncalibrated,287050909458671,287050912375596,3,0.004887,-0.029322,-0.009163,0.004887,0.003665,0.000000
accelerometer_uncalibrated,287050909458671,287050912402822,3,1.041478,4.209007,8.853758,0.000000,0.000000,0.000000
magnetic_field_uncalibrated,287050917466328,287050920600049,3,15.958001,-17.720001,-149.019012,7.597001,23.228001,-125.220009
gyroscope_uncalibrated,287050917466328,287050920700127,3,0.003665,-0.024435,-0.006720,0.004887,0.003665,0.000000
accelerometer_uncalibrated,287050917466328,287050920729932,3,1.003170,4.218584,8.825027,0.000000,0.000000,0.000000
magnetic_field_uncalibrated,287050925473437,287050927737627,3,15.424001,-17.127001,-148.154007,7.596000,23.228001,-125.219009
gyroscope_uncalibrated,287050925473437,287050927832002,3,-0.000611,-0.008552,-0.002443,0.004887,0.003665,0.000000
accelerometer_uncalibrated,287050925473437,287050928032627,3,0.995988,4.204218,8.817844,0.000000,0.000000,0.000000
magnetic_field_uncalibrated,287050933481523,287050935637393,3,15.362000,-16.398001,-147.509003,7.597001,23.229002,-125.220009
gyroscope_uncalibrated,287050933481523,287050935727080,3,-0.005498,0.006720,0.001222,0.004887,0.003665,0.000000
accelerometer_uncalibrated,287050933481523,287050935749815,3,0.969652,4.211401,8.810662,0.000000,0.000000,0.000000
magnetic_field_uncalibrated,287050941491562,287050943941221,3,15.381001,-17.857000,-147.395004,7.597001,23.228001,-125.220009
gyroscope_uncalibrated,287050941491562,287050944034854,3,-0.010996,0.010385,0.006109,0.004887,0.003665,0.000000
accelerometer_uncalibrated,287050941491562,287050944062080,3,0.955287,4.189853,8.805874,0.000000,0.000000,0.000000
magnetic_field_uncalibrated,287050949502656,287050951780127,3,14.479001,-18.965000,-149.868011,7.597001,23.228001,-125.220009
gyroscope_uncalibrated,287050949502656,287050951871025,3,-0.012828,0.017104,0.010385,0.004887,0.003665,0.000000
accelerometer_uncalibrated,287050949502656,287050951897236,3,0.969652,4.194642,8.836999,0.000000,0.000000,0.000000
magnetic_field_uncalibrated,287050957511054,287050960053174,3,14.645000,-18.132000,-150.520004,7.596000,23.228001,-125.220009
gyroscope_uncalibrated,287050957511054,287050960129033,3,-0.014050,0.015882,0.015272,0.004887,0.003665,0.000000
accelerometer_uncalibrated,287050957511054,287050960155361,3,1.015141,4.189853,8.836999,0.000000,0.000000,0.000000
magnetic_field_uncalibrated,287050965520117,287050967866221,3,16.009001,-17.069000,-147.942001,7.597001,23.228001,-125.219009
gyroscope_uncalibrated,287050965520117,287050967945674,3,-0.011606,0.015272,0.016493,0.004887,0.003665,0.000000
accelerometer_uncalibrated,287050965520117,287050967976260,3,1.065420,4.194642,8.848969,0.000000,0.000000,0.000000
magnetic_field_uncalibrated,287050973529023,287050975431650,3,17.724001,-17.191000,-150.112000,7.597001,23.229002,-125.219009
gyroscope_uncalibrated,287050973529023,287050975507940,3,-0.006720,0.012828,0.012217,0.004887,0.003665,0.000000
accelerometer_uncalibrated,287050973529023,287050975680830,3,1.115698,4.189853,8.860941,0.000000,0.000000,0.000000
magnetic_field_uncalibrated,287050981535898,287050984331885,3,17.007000,-17.534000,-149.998001,7.597001,23.228001,-125.219009
gyroscope_uncalibrated,287050981535898,287050984407236,3,-0.003665,0.003665,0.004276,0.004887,0.003665,0.000000
accelerometer_uncalibrated,287050981535898,287050984426572,3,1.132457,4.209007,8.884883,0.000000,0.000000,0.000000
magnetic_field_uncalibrated,287050989543242,287050992032432,3,15.385001,-17.681002,-148.475006,7.597001,23.228001,-125.219009
gyroscope_uncalibrated,287050989543242,287050992549619,3,0.006720,-0.005498,-0.004887,0.004887,0.003665,0.000000
accelerometer_uncalibrated,287050989543242,287050993045010,3,1.127669,4.211401,8.896853,0.000000,0.000000,0.000000
accelerometer_uncalibrated,287050997552343,287050999841963,3,1.096544,4.201824,8.860941,0.000000,0.000000,0.000000
magnetic_field_uncalibrated,287050997552343,287050999960440,3,15.250001,-17.882000,-149.337006,7.597001,23.229002,-125.219009
gyroscope_uncalibrated,287050997552343,287051000635127,3,0.010385,-0.008552,-0.012828,0.004887,0.003665,0.000000
magnetic_field_uncalibrated,287051005564218,287051007883565,3,15.125001,-17.987001,-149.552002,7.596000,23.228001,-125.220009
gyroscope_uncalibrated,287051005564218,287051007952119,3,0.014050,-0.003665,-0.014050,0.004887,0.003665,0.000000
accelerometer_uncalibrated,287051005564218,287051008042197,3,1.048660,4.199430,8.825027,0.000000,0.000000,0.000000
magnetic_field_uncalibrated,287051013572148,287051016089932,3,15.653001,-17.109001,-148.803009,7.597001,23.228001,-125.219009
gyroscope_uncalibrated,287051013572148,287051016178916,3,0.013439,-0.000611,-0.014661,0.004887,0.003665,0.000000
accelerometer_uncalibrated,287051013572148,287051016203213,3,1.019930,4.192247,8.791509,0.000000,0.000000,0.000000
magnetic_field_uncalibrated,287051021579726,287051023792744,3,15.569001,-16.745001,-147.725006,7.597001,23.228001,-125.220009
gyroscope_uncalibrated,287051021579726,287051023887315,3,0.007941,0.003054,-0.011606,0.004887,0.003665,0.000000
accelerometer_uncalibrated,287051021579726,287051023914307,3,0.984017,4.194642,8.765172,0.000000,0.000000,0.000000
magnetic_field_uncalibrated,287051029585117,287051032283291,3,15.157001,-17.527000,-149.446014,7.597001,23.228001,-125.219009
gyroscope_uncalibrated,287051029585117,287051032383408,3,0.001833,0.007941,-0.009163,0.004887,0.003665,0.000000
accelerometer_uncalibrated,287051029585117,287051032412119,3,0.995988,4.187459,8.755595,0.000000,0.000000,0.000000
accelerometer_uncalibrated,287051037593281,287051039803760,3,1.034295,4.180276,8.774749,0.000000,0.000000,0.000000
magnetic_field_uncalibrated,287051037593281,287051039903213,3,15.825001,-17.834002,-150.421005,7.597001,23.228001,-125.220009
gyroscope_uncalibrated,287051037593281,287051039924346,3,-0.007330,0.011606,-0.002443,0.004887,0.003665,0.000000
magnetic_field_uncalibrated,287051045598085,287051048609697,3,15.477001,-18.123001,-147.718002,7.597001,23.228001,-125.219009
gyroscope_uncalibrated,287051045598085,287051049308369,3,-0.011606,0.009774,-0.003665,0.004887,0.003665,0.000000
accelerometer_uncalibrated,287051045598085,287051049372900,3,1.070208,4.175488,8.789114,0.000000,0.000000,0.000000
magnetic_field_uncalibrated,287051053601679,287051055527041,3,15.113001,-18.343000,-147.931000,7.597001,23.228001,-125.220009
gyroscope_uncalibrated,287051053601679,287051055995049,3,-0.010996,0.010996,-0.006720,0.004887,0.003665,0.000000
accelerometer_uncalibrated,287051053601679,287051056419268,3,1.089362,4.177882,8.820239,0.000000,0.000000,0.000000
magnetic_field_uncalibrated,287051061607070,287051065476299,3,16.305000,-17.690001,-149.453003,7.597001,23.228001,-125.219009
gyroscope_uncalibrated,287051061607070,287051065559268,3,-0.011606,0.008552,-0.010385,0.004887,0.003665,0.000000
accelerometer_uncalibrated,287051061607070,287051066097666,3,1.074997,4.194642,8.829816,0.000000,0.000000,0.000000
magnetic_field_uncalibrated,287051069611718,287051071781104,3,16.207001,-17.511002,-148.590012,7.597001,23.228001,-125.220009
gyroscope_uncalibrated,287051069611718,287051071869033,3,-0.009163,0.005498,-0.011606,0.004887,0.003665,0.000000
accelerometer_uncalibrated,287051069611718,287051071904385,3,1.072602,4.199430,8.846576,0.000000,0.000000,0.000000
magnetic_field_uncalibrated,287051077619687,287051081491065,3,14.933001,-17.454000,-149.013000,7.597001,23.229002,-125.219009
gyroscope_uncalibrated,287051077619687,287051081575440,3,-0.004887,0.000000,-0.013439,0.004887,0.003665,0.000000
accelerometer_uncalibrated,287051077619687,287051081715088,3,1.036689,4.189853,8.872911,0.000000,0.000000,0.000000
accelerometer_uncalibrated,287051085627968,287051087940908,3,1.007959,4.175488,8.848969,0.000000,0.000000,0.000000
magnetic_field_uncalibrated,287051085627968,287051088049190,3,14.748001,-18.477001,-149.116013,7.597001,23.228001,-125.220009
gyroscope_uncalibrated,287051085627968,287051088262197,3,-0.001222,0.001222,-0.011606,0.004887,0.003665,0.000000
magnetic_field_uncalibrated,287051093634921,287051095973018,3,15.400001,-19.058001,-149.873001,7.597001,23.229002,-125.219009
gyroscope_uncalibrated,287051093634921,287051096083604,3,0.001833,0.001833,-0.007941,0.004887,0.003665,0.000000
accelerometer_uncalibrated,287051093634921,287051096152080,3,0.960075,4.163517,8.856153,0.000000,0.000000,0.000000
magnetic_field_uncalibrated,287051101642382,287051103850557,3,15.333001,-18.505001,-148.148010,7.597001,23.229002,-125.220009
gyroscope_uncalibrated,287051101642382,287051103938252,3,0.005498,-0.001222,0.000611,0.004887,0.003665,0.000000
accelerometer_uncalibrated,287051101642382,287051103961572,3,0.943315,4.146757,8.822633,0.000000,0.000000,0.000000
accelerometer_uncalibrated,287051109649765,287051112006768,3,0.957681,4.158728,8.796297,0.000000,0.000000,0.000000
magnetic_field_uncalibrated,287051109649765,287051112123291,3,15.245001,-18.231001,-146.745010,7.597001,23.228001,-125.220009
gyroscope_uncalibrated,287051109649765,287051112430986,3,0.001222,-0.004887,0.012217,0.004887,0.003665,0.000000
magnetic_field_uncalibrated,287051117657421,287051120133330,3,15.983001,-17.353001,-149.021011,7.597001,23.228001,-125.220009
gyroscope_uncalibrated,287051117657421,287051120407315,3,-0.003054,-0.006109,0.017715,0.004887,0.003665,0.000000
accelerometer_uncalibrated,287051117657421,287051120594111,3,1.017536,4.158728,8.774749,0.000000,0.000000,0.000000
magnetic_field_uncalibrated,287051125665781,287051128411182,3,16.413000,-17.773001,-149.777008,7.597001,23.228001,-125.219009
gyroscope_uncalibrated,287051125665781,287051128523877,3,-0.009163,-0.013439,0.020769,0.004887,0.003665,0.000000
accelerometer_uncalibrated,287051125665781,287051128565830,3,1.084573,4.173094,8.829816,0.000000,0.000000,0.000000
magnetic_field_uncalibrated,287051133672656,287051136675400,3,15.910001,-18.283001,-150.528000,7.597001,23.228001,-125.220009
gyroscope_uncalibrated,287051133672656,287051136762666,3,-0.007330,-0.023824,0.016493,0.004887,0.003665,0.000000
accelerometer_uncalibrated,287051133672656,287051137003096,3,1.125275,4.185065,8.863335,0.000000,0.000000,0.000000
accelerometer_uncalibrated,287051141677656,287051144095166,3,1.185130,4.194642,8.844181,0.000000,0.000000,0.000000
magnetic_field_uncalibrated,287051141677656,287051144871533,3,15.671000,-16.748001,-149.669006,7.597001,23.228001,-125.220009
gyroscope_uncalibrated,287051141677656,287051145032002,3,-0.005498,-0.021991,0.006109,0.004887,0.003665,0.000000
magnetic_field_uncalibrated,287051149684335,287051153076025,3,16.067001,-16.153000,-148.378006,7.597001,23.228001,-125.219009
gyroscope_uncalibrated,287051149684335,287051153166299,3,-0.002443,-0.017715,-0.004276,0.004887,0.003665,0.000000
accelerometer_uncalibrated,287051149684335,287051153192627,3,1.216254,4.197036,8.851364,0.000000,0.000000,0.000000
magnetic_field_uncalibrated,287051157693593,287051160563799,3,15.855000,-17.546001,-148.803009,7.596000,23.228001,-125.220009
gyroscope_uncalibrated,287051157693593,287051160646885,3,-0.002443,-0.013439,-0.018326,0.004887,0.003665,0.000000
accelerometer_uncalibrated,287051157693593,287051160673408,3,1.218649,4.194642,8.829816,0.000000,0.000000,0.000000
magnetic_field_uncalibrated,287051165703281,287051168617471,3,15.958001,-17.720001,-149.019012,7.597001,23.228001,-125.220009
gyroscope_uncalibrated,287051165703281,287051168712705,3,-0.005498,-0.006720,-0.029322,0.004887,0.003665,0.000000
accelerometer_uncalibrated,287051165703281,287051168745674,3,1.201889,4.192247,8.803479,0.000000,0.000000,0.000000
gyroscope_uncalibrated,287051173711054,287051176021768,3,-0.009163,0.004276,-0.037263,0.004887,0.003665,0.000000
accelerometer_uncalibrated,287051173711054,287051176138682,3,1.130063,4.199430,8.798691,0.000000,0.000000,0.000000
magnetic_field_uncalibrated,287051173711054,287051176460635,3,16.023001,-16.798000,-148.591003,7.597001,23.228001,-125.219009
magnetic_field_uncalibrated,287051181716054,287051185913213,3,16.037001,-16.527000,-149.132004,7.597001,23.228001,-125.219009
gyroscope_uncalibrated,287051181716054,287051186020674,3,-0.015272,0.015882,-0.042150,0.004887,0.003665,0.000000
accelerometer_uncalibrated,287051181716054,287051186053877,3,1.053449,4.201824,8.810662,0.000000,0.000000,0.000000
magnetic_field_uncalibrated,287051189721679,287051192138994,3,15.534000,-17.037001,-149.883011,7.597001,23.228001,-125.220009
gyroscope_uncalibrated,287051189721679,287051192224346,3,-0.017104,0.022602,-0.039095,0.004887,0.003665,0.000000
accelerometer_uncalibrated,287051189721679,287051192247315,3,0.998382,4.199430,8.808268,0.000000,0.000000,0.000000
magnetic_field_uncalibrated,287051197728359,287051200556221,3,15.285001,-17.333000,-149.556000,7.597001,23.228001,-125.220009
gyroscope_uncalibrated,287051197728359,287051200662354,3,-0.018937,0.025045,-0.031154,0.004887,0.003665,0.000000
accelerometer_uncalibrated,287051197728359,287051200936494,3,0.940921,4.182671,8.817844,0.000000,0.000000,0.000000
magnetic_field_uncalibrated,287051205736132,287051208187666,3,15.630001,-17.390001,-149.450012,7.597001,23.228001,-125.220009
gyroscope_uncalibrated,287051205736132,287051208275440,3,-0.018937,0.021991,-0.021991,0.004887,0.003665,0.000000
accelerometer_uncalibrated,287051205736132,287051208320049,3,0.907402,4.158728,8.829816,0.000000,0.000000,0.000000
magnetic_field_uncalibrated,287051213742578,287051216687705,3,14.900001,-17.830000,-150.091003,7.597001,23.228001,-125.220009
gyroscope_uncalibrated,287051213742578,287051216878213,3,-0.018937,0.014661,-0.008552,0.004887,0.003665,0.000000
accelerometer_uncalibrated,287051213742578,287051217112236,3,0.912191,4.175488,8.834604,0.000000,0.000000,0.000000
magnetic_field_uncalibrated,287051221752148,287051224366494,3,14.590001,-17.224001,-150.523010,7.597001,23.228001,-125.219009
gyroscope_uncalibrated,287051221752148,287051224472275,3,-0.018326,0.003054,-0.001833,0.004887,0.003665,0.000000
accelerometer_uncalibrated,287051221752148,287051224584424,3,0.945710,4.173094,8.839393,0.000000,0.000000,0.000000
magnetic_field_uncalibrated,287051229761484,287051232475596,3,16.001001,-16.991001,-149.778000,7.596000,23.228001,-125.220009
gyroscope_uncalibrated,287051229761484,287051234105361,3,-0.009163,-0.013439,0.006109,0.004887,0.003665,0.000000
accelerometer_uncalibrated,287051229761484,287051234544854,3,0.972046,4.187459,8.846576,0.000000,0.000000,0.000000
magnetic_field_uncalibrated,287051237766953,287051240366650,3,16.221001,-17.239000,-149.131012,7.597001,23.228001,-125.220009
gyroscope_uncalibrated,287051237766953,287051240457588,3,-0.006720,-0.018937,0.006720,0.004887,0.003665,0.000000
accelerometer_uncalibrated,287051237766953,287051240588994,3,1.005565,4.177882,8.805874,0.000000,0.000000,0.000000
magnetic_field_uncalibrated,287051245773632,287051252092197,3,15.323001,-16.780001,-149.342010,7.597001,23.228001,-125.219009
gyroscope_uncalibrated,287051245773632,287051252209033,3,-0.004887,-0.031154,0.006109,0.004887,0.003665,0.000000
accelerometer_uncalibrated,287051245773632,287051252241611,3,1.065420,4.173094,8.827422,0.000000,0.000000,0.000000
accelerometer_uncalibrated,287051253779023,287051255684971,3,1.094150,4.173094,8.820239,0.000000,0.000000,0.000000
magnetic_field_uncalibrated,287051253779023,287051255780322,3,15.189001,-17.152000,-148.476013,7.597001,23.228001,-125.219009
gyroscope_uncalibrated,287051253779023,287051256034815,3,-0.003665,-0.036652,0.000611,0.004887,0.003665,0.000000
magnetic_field_uncalibrated,287051261787187,287051264413486,3,15.382001,-17.770000,-148.151001,7.597001,23.228001,-125.219009
gyroscope_uncalibrated,287051261787187,287051264544229,3,0.001222,-0.031154,-0.001833,0.004887,0.003665,0.000000
accelerometer_uncalibrated,287051261787187,287051265937705,3,1.094150,4.156334,8.784326,0.000000,0.000000,0.000000
magnetic_field_uncalibrated,287051269796718,287051272158174,3,15.748001,-17.462000,-148.371002,7.597001,23.228001,-125.220009
gyroscope_uncalibrated,287051269796718,287051272255361,3,-0.002443,-0.023213,-0.007941,0.004887,0.003665,0.000000
accelerometer_uncalibrated,287051269796718,287051272306807,3,1.084573,4.129998,8.757990,0.000000,0.000000,0.000000
magnetic_field_uncalibrated,287051277804726,287051280737744,3,15.299001,-17.233002,-148.477005,7.597001,23.228001,-125.220009
gyroscope_uncalibrated,287051277804726,287051280899150,3,-0.008552,-0.014661,-0.010996,0.004887,0.003665,0.000000
accelerometer_uncalibrated,287051277804726,287051280937119,3,1.070208,4.129998,8.750807,0.000000,0.000000,0.000000
magnetic_field_uncalibrated,287051285812421,287051288432744,3,15.284000,-17.420000,-148.908005,7.597001,23.228001,-125.220009
gyroscope_uncalibrated,287051285812421,287051288531572,3,-0.017715,-0.007941,-0.011606,0.004887,0.003665,0.000000
accelerometer_uncalibrated,287051285812421,287051288561572,3,1.072602,4.120421,8.729259,0.000000,0.000000,0.000000
magnetic_field_uncalibrated,287051293817773,287051296380635,3,15.513000,-17.487001,-148.585007,7.597001,23.228001,-125.220009
gyroscope_uncalibrated,287051293817773,287051296825166,3,-0.023213,-0.003665,-0.010996,0.004887,0.003665,0.000000
accelerometer_uncalibrated,287051293817773,287051297911846,3,1.079785,4.118027,8.777143,0.000000,0.000000,0.000000
magnetic_field_uncalibrated,287051301825039,287051304108018,3,15.312000,-17.048000,-148.370010,7.597001,23.228001,-125.220009
gyroscope_uncalibrated,287051301825039,287051304191025,3,-0.028711,0.002443,-0.012828,0.004887,0.003665,0.000000
accelerometer_uncalibrated,287051301825039,287051304215283,3,1.079785,4.134786,8.796297,0.000000,0.000000,0.000000
magnetic_field_uncalibrated,287051309832968,287051312235674,3,14.831000,-17.365002,-147.825012,7.596000,23.228001,-125.219009
gyroscope_uncalibrated,287051309832968,287051312344658,3,-0.031765,0.009163,-0.015272,0.004887,0.003665,0.000000
accelerometer_uncalibrated,287051309832968,287051312692627,3,1.043872,4.139575,8.834604,0.000000,0.000000,0.000000
magnetic_field_uncalibrated,287051317840273,287051320254736,3,14.284000,-18.606001,-148.032013,7.597001,23.228001,-125.219009
gyroscope_uncalibrated,287051317840273,287051320406338,3,-0.032376,0.007941,-0.014050,0.004887,0.003665,0.000000
accelerometer_uncalibrated,287051317840273,287051320435400,3,1.029507,4.146757,8.846576,0.000000,0.000000,0.000000
magnetic_field_uncalibrated,287051325845742,287051327888369,3,15.219001,-18.342001,-149.335007,7.597001,23.228001,-125.219009
gyroscope_uncalibrated,287051325845742,287051328075244,3,-0.032376,0.006720,-0.011606,0.004887,0.003665,0.000000
accelerometer_uncalibrated,287051325845742,287051328113721,3,0.998382,4.137180,8.877700,0.000000,0.000000,0.000000
magnetic_field_uncalibrated,287051333850351,287051336339307,3,15.137001,-17.718000,-150.417007,7.597001,23.228001,-125.220009
gyroscope_uncalibrated,287051333850351,287051336434229,3,-0.030543,0.006109,-0.007330,0.004887,0.003665,0.000000
accelerometer_uncalibrated,287051333850351,287051336462940,3,0.986411,4.151546,8.887277,0.000000,0.000000,0.000000
magnetic_field_uncalibrated,287051341855429,287051344371455,3,15.575001,-16.395000,-150.101013,7.597001,23.228001,-125.219009
gyroscope_uncalibrated,287051341855429,287051344470713,3,-0.027489,0.001222,0.000000,0.004887,0.003665,0.000000
accelerometer_uncalibrated,287051341855429,287051344502002,3,0.967257,4.158728,8.896853,0.000000,0.000000,0.000000
magnetic_field_uncalibrated,287051349858359,287051352774815,3,17.005001,-15.801001,-150.221008,7.597001,23.228001,-125.219009
gyroscope_uncalibrated,287051349858359,287051352873174,3,-0.023824,-0.006109,0.004887,0.004887,0.003665,0.000000
accelerometer_uncalibrated,287051349858359,287051352904502,3,0.950498,4.153940,8.894460,0.000000,0.000000,0.000000
magnetic_field_uncalibrated,287051357865117,287051360562275,3,16.139000,-16.530001,-151.076004,7.597001,23.228001,-125.219009
gyroscope_uncalibrated,287051357865117,287051360670166,3,-0.018326,-0.007330,0.009163,0.004887,0.003665,0.000000
accelerometer_uncalibrated,287051357865117,287051360705010,3,0.969652,4.149151,8.892065,0.000000,0.000000,0.000000
magnetic_field_uncalibrated,287051365873593,287051368817783,3,14.688001,-17.488001,-150.523010,7.597001,23.228001,-125.220009
gyroscope_uncalibrated,287051365873593,287051368916885,3,-0.014661,-0.012217,0.015882,0.004887,0.003665,0.000000
accelerometer_uncalibrated,287051365873593,287051369134072,3,0.972046,4.137180,8.896853,0.000000,0.000000,0.000000
magnetic_field_uncalibrated,287051373880585,287051376394033,3,16.039001,-18.088001,-150.529007,7.597001,23.228001,-125.219009
gyroscope_uncalibrated,287051373880585,287051376523213,3,-0.012828,-0.013439,0.020769,0.004887,0.003665,0.000000
accelerometer_uncalibrated,287051373880585,287051376684854,3,1.017536,4.144363,8.913613,0.000000,0.000000,0.000000
magnetic_field_uncalibrated,287051381890976,287051386022861,3,15.820001,-17.925001,-150.313004,7.597001,23.228001,-125.220009
gyroscope_uncalibrated,287051381890976,287051386218721,3,-0.007330,-0.011606,0.022602,0.004887,0.003665,0.000000
accelerometer_uncalibrated,287051381890976,287051386471221,3,1.034295,4.151546,8.925584,0.000000,0.000000,0.000000
magnetic_field_uncalibrated,287051389896406,287051392240166,3,14.907001,-17.737001,-149.983002,7.597001,23.228001,-125.219009
gyroscope_uncalibrated,287051389896406,287051392310088,3,0.000611,-0.012828,0.019548,0.004887,0.003665,0.000000
accelerometer_uncalibrated,287051389896406,287051392429932,3,1.079785,4.151546,8.939949,0.000000,0.000000,0.000000
magnetic_field_uncalibrated,287051397898710,287051401673096,3,15.519001,-17.223001,-150.206009,7.597001,23.228001,-125.220009
gyroscope_uncalibrated,287051397898710,287051401778330,3,0.006109,-0.010996,0.017715,0.004887,0.003665,0.000000
accelerometer_uncalibrated,287051397898710,287051401806963,3,1.106121,4.151546,8.920795,0.000000,0.000000,0.000000
magnetic_field_uncalibrated,287051405900781,287051408176494,3,13.925000,-16.828001,-149.981003,7.597001,23.228001,-125.220009
gyroscope_uncalibrated,287051405900781,287051408249150,3,0.009774,-0.010385,0.008552,0.004887,0.003665,0.000000
accelerometer_uncalibrated,287051405900781,287051408391338,3,1.156399,4.161122,8.894460,0.000000,0.000000,0.000000
magnetic_field_uncalibrated,287051413905507,287051417702236,3,14.873001,-16.552000,-149.664001,7.597001,23.228001,-125.219009
gyroscope_uncalibrated,287051413905507,287051417950752,3,0.009774,-0.009163,0.003054,0.004887,0.003665,0.000000
accelerometer_uncalibrated,287051413905507,287051418120283,3,1.156399,4.165911,8.884883,0.000000,0.000000,0.000000
magnetic_field_uncalibrated,287051421911210,287051424858135,3,16.958000,-16.534000,-149.894012,7.597001,23.228001,-125.219009
gyroscope_uncalibrated,287051421911210,287051425575283,3,0.009774,-0.007330,-0.009163,0.004887,0.003665,0.000000
accelerometer_uncalibrated,287051421911210,287051425634424,3,1.125275,4.185065,8.863335,0.000000,0.000000,0.000000
magnetic_field_uncalibrated,287051429915351,287051436840088,3,16.362001,-16.860001,-149.133011,7.597001,23.228001,-125.219009
gyroscope_uncalibrated,287051429915351,287051436942979,3,0.006720,-0.001833,-0.017715,0.004887,0.003665,0.000000
accelerometer_uncalibrated,287051429915351,287051436973369,3,1.089362,4.177882,8.858546,0.000000,0.000000,0.000000
magnetic_field_uncalibrated,287051437918867,287051442292158,3,16.541000,-17.492001,-150.643005,7.597001,23.228001,-125.219009
gyroscope_uncalibrated,287051437918867,287051442378057,3,0.000000,0.005498,-0.018937,0.004887,0.003665,0.000000
accelerometer_uncalibrated,287051437918867,287051442421650,3,1.029507,4.146757,8.860941,0.000000,0.000000,0.000000
magnetic_field_uncalibrated,287051445922656,287051448350752,3,16.653000,-17.399000,-152.048004,7.596000,23.229002,-125.220009
gyroscope_uncalibrated,287051445922656,287051448512666,3,-0.001833,0.008552,-0.015882,0.004887,0.003665,0.000000
accelerometer_uncalibrated,287051445922656,287051450417158,3,0.984017,4.134786,8.875306,0.000000,0.000000,0.000000
magnetic_field_uncalibrated,287051453926562,287051455989971,3,15.999001,-16.907001,-150.858002,7.597001,23.228001,-125.220009
gyroscope_uncalibrated,287051453926562,287051456109229,3,-0.007330,0.009774,-0.010996,0.004887,0.003665,0.000000
accelerometer_uncalibrated,287051453926562,287051456150049,3,0.945710,4.132392,8.899248,0.000000,0.000000,0.000000
magnetic_field_uncalibrated,287051461931796,287051464780557,3,15.549001,-16.764000,-150.316010,7.597001,23.229002,-125.220009
gyroscope_uncalibrated,287051461931796,287051464986065,3,-0.004887,0.020159,-0.001833,0.004887,0.003665,0.000000
accelerometer_uncalibrated,287051461931796,287051465488486,3,0.943315,4.118027,8.908825,0.000000,0.000000,0.000000
magnetic_field_uncalibrated,287051469936015,287051472244697,3,16.145000,-16.610001,-149.457001,7.597001,23.228001,-125.220009
gyroscope_uncalibrated,287051469936015,287051472335557,3,0.000611,0.020159,0.005498,0.004887,0.003665,0.000000
accelerometer_uncalibrated,287051469936015,287051472365947,3,0.950498,4.089296,8.901642,0.000000,0.000000,0.000000
magnetic_field_uncalibrated,287051477942812,287051480831807,3,16.388000,-16.492001,-149.027008,7.597001,23.228001,-125.220009
gyroscope_uncalibrated,287051477942812,287051481374580,3,0.004887,0.018326,0.013439,0.004887,0.003665,0.000000
accelerometer_uncalibrated,287051477942812,287051482056963,3,0.962469,4.089296,8.908825,0.000000,0.000000,0.000000
magnetic_field_uncalibrated,287051485947890,287051488349111,3,15.907001,-16.722000,-149.239014,7.597001,23.229002,-125.220009
gyroscope_uncalibrated,287051485947890,287051488477666,3,0.010996,0.002443,0.020159,0.004887,0.003665,0.000000
accelerometer_uncalibrated,287051485947890,287051488516768,3,1.010353,4.089296,8.925584,0.000000,0.000000,0.000000
magnetic_field_uncalibrated,287051493950507,287051497642315,3,15.247001,-16.150002,-149.668015,7.597001,23.228001,-125.219009
gyroscope_uncalibrated,287051493950507,287051498213291,3,0.020159,-0.010385,0.021380,0.004887,0.003665,0.000000
accelerometer_uncalibrated,287051493950507,287051499186729,3,1.060631,4.091691,8.908825,0.000000,0.000000,0.000000
magnetic_field_uncalibrated,287051501957382,287051504245205,3,14.754001,-16.737001,-148.367004,7.597001,23.228001,-125.219009
gyroscope_uncalibrated,287051501957382,287051504332041,3,0.023824,-0.017104,0.023213,0.004887,0.003665,0.000000
accelerometer_uncalibrated,287051501957382,287051504372471,3,1.096544,4.091691,8.904037,0.000000,0.000000,0.000000
magnetic_field_uncalibrated,287051509965625,287051512232002,3,15.703001,-18.194000,-147.936005,7.597001,23.228001,-125.220009
gyroscope_uncalibrated,287051509965625,287051512379502,3,0.031154,-0.029932,0.019548,0.004887,0.003665,0.000000
accelerometer_uncalibrated,287051509965625,287051512530518,3,1.115698,4.113238,8.887277,0.000000,0.000000,0.000000
magnetic_field_uncalibrated,287051517972148,287051520546807,3,15.220000,-18.427000,-148.471008,7.597001,23.228001,-125.219009
gyroscope_uncalibrated,287051517972148,287051520710322,3,0.032987,-0.033598,0.010385,0.004887,0.003665,0.000000
accelerometer_uncalibrated,287051517972148,287051520742002,3,1.120486,4.129998,8.870518,0.000000,0.000000,0.000000
magnetic_field_uncalibrated,287051525981796,287051528302471,3,15.020000,-17.816000,-149.660004,7.597001,23.228001,-125.220009
gyroscope_uncalibrated,287051525981796,287051528383877,3,0.033598,-0.027489,0.006720,0.004887,0.003665,0.000000
accelerometer_uncalibrated,287051525981796,287051528462940,3,1.120486,4.137180,8.827422,0.000000,0.000000,0.000000
magnetic_field_uncalibrated,287051533987304,287051536113252,3,16.908001,-17.270000,-150.107010,7.597001,23.229002,-125.220009
gyroscope_uncalibrated,287051533987304,287051536300752,3,0.029322,-0.022602,0.001222,0.004887,0.003665,0.000000
accelerometer_uncalibrated,287051533987304,287051536332080,3,1.089362,4.153940,8.810662,0.000000,0.000000,0.000000
magnetic_field_uncalibrated,287051541990937,287051547087080,3,16.787001,-17.629002,-147.405014,7.597001,23.228001,-125.219009
gyroscope_uncalibrated,287051541990937,287051547828291,3,0.023824,-0.015272,0.002443,0.004887,0.003665,0.000000
accelerometer_uncalibrated,287051541990937,287051549147197,3,1.058237,4.153940,8.805874,0.000000,0.000000,0.000000
magnetic_field_uncalibrated,287051549993906,287051554114697,3,15.649001,-17.370001,-146.859009,7.597001,23.229002,-125.220009
gyroscope_uncalibrated,287051549993906,287051554212627,3,0.017104,-0.002443,0.001833,0.004887,0.003665,0.000000
accelerometer_uncalibrated,287051549993906,287051554243760,3,1.034295,4.156334,8.786720,0.000000,0.000000,0.000000
magnetic_field_uncalibrated,287051557996093,287051560925908,3,16.835001,-16.895000,-147.517014,7.597001,23.228001,-125.220009
gyroscope_uncalibrated,287051557996093,287051561199971,3,0.010996,0.010996,0.004887,0.004887,0.003665,0.000000
accelerometer_uncalibrated,287051557996093,287051561698565,3,1.027112,4.156334,8.772355,0.000000,0.000000,0.000000
magnetic_field_uncalibrated,287051565999414,287051569048994,3,16.823000,-17.079000,-147.516006,7.597001,23.228001,-125.220009
gyroscope_uncalibrated,287051565999414,287051569145361,3,0.005498,0.017104,0.014661,0.004887,0.003665,0.000000
accelerometer_uncalibrated,287051565999414,287051569177744,3,1.027112,4.170700,8.769960,0.000000,0.000000,0.000000
magnetic_field_uncalibrated,287051574004023,287051576094190,3,14.622001,-17.106001,-147.069000,7.597001,23.228001,-125.219009
gyroscope_uncalibrated,287051574004023,287051576172666,3,-0.004887,0.018326,0.021380,0.004887,0.003665,0.000000
accelerometer_uncalibrated,287051574004023,287051576200674,3,1.048660,4.168305,8.786720,0.000000,0.000000,0.000000
magnetic_field_uncalibrated,287051582011796,287051585689775,3,14.408001,-16.939001,-146.205002,7.597001,23.228001,-125.220009
gyroscope_uncalibrated,287051582011796,287051586100400,3,-0.004887,0.013439,0.025656,0.004887,0.003665,0.000000
accelerometer_uncalibrated,287051582011796,287051586296260,3,1.074997,4.194642,8.844181,0.000000,0.000000,0.000000
magnetic_field_uncalibrated,287051590016054,287051592430557,3,15.822001,-16.445002,-147.512009,7.597001,23.228001,-125.220009
gyroscope_uncalibrated,287051590016054,287051592501104,3,-0.003054,0.016493,0.025045,0.004887,0.003665,0.000000
accelerometer_uncalibrated,287051590016054,287051592519307,3,1.098939,4.197036,8.853758,0.000000,0.000000,0.000000
magnetic_field_uncalibrated,287051598021445,287051600921963,3,16.105001,-17.250000,-149.022003,7.596000,23.228001,-125.220009
gyroscope_uncalibrated,287051598021445,287051601033447,3,0.002443,0.018937,0.023213,0.004887,0.003665,0.000000
accelerometer_uncalibrated,287051598021445,287051601067783,3,1.120486,4.180276,8.851364,0.000000,0.000000,0.000000
magnetic_field_uncalibrated,287051606027265,287051608593604,3,14.805000,-17.735001,-148.147003,7.597001,23.228001,-125.219009
gyroscope_uncalibrated,287051606027265,287051608685908,3,0.007330,0.011606,0.020159,0.004887,0.003665,0.000000
accelerometer_uncalibrated,287051606027265,287051608716729,3,1.132457,4.180276,8.844181,0.000000,0.000000,0.000000
magnetic_field_uncalibrated,287051614032656,287051616313643,3,14.748001,-16.914001,-147.503006,7.597001,23.228001,-125.220009
gyroscope_uncalibrated,287051614032656,287051616757236,3,0.007941,0.000611,0.019548,0.004887,0.003665,0.000000
accelerometer_uncalibrated,287051614032656,287051617186690,3,1.168370,4.170700,8.841787,0.000000,0.000000,0.000000
magnetic_field_uncalibrated,287051622036953,287051624450166,3,15.590001,-16.294001,-148.914001,7.597001,23.229002,-125.219009
gyroscope_uncalibrated,287051622036953,287051624592861,3,0.009163,-0.007941,0.016493,0.004887,0.003665,0.000000
accelerometer_uncalibrated,287051622036953,287051624633135,3,1.177947,4.153940,8.856153,0.000000,0.000000,0.000000
magnetic_field_uncalibrated,287051630041875,287051632695283,3,14.956000,-17.002001,-149.987000,7.597001,23.228001,-125.220009
gyroscope_uncalibrated,287051630041875,287051633242861,3,0.017715,-0.017715,0.009163,0.004887,0.003665,0.000000
accelerometer_uncalibrated,287051630041875,287051633718369,3,1.189918,4.144363,8.841787,0.000000,0.000000,0.000000
magnetic_field_uncalibrated,287051638047343,287051640445713,3,13.835001,-18.205000,-149.758011,7.597001,23.228001,-125.219009
gyroscope_uncalibrated,287051638047343,287051640535986,3,0.021380,-0.007330,-0.000611,0.004887,0.003665,0.000000
accelerometer_uncalibrated,287051638047343,287051640563018,3,1.201889,4.153940,8.796297,0.000000,0.000000,0.000000
magnetic_field_uncalibrated,287051646053085,287051648991377,3,14.694000,-17.483002,-149.767014,7.597001,23.228001,-125.219009
gyroscope_uncalibrated,287051646053085,287051649737822,3,0.015882,-0.006109,-0.006720,0.004887,0.003665,0.000000
accelerometer_uncalibrated,287051646053085,287051650051611,3,1.194707,4.144363,8.774749,0.000000,0.000000,0.000000
magnetic_field_uncalibrated,287051654058554,287051656351455,3,16.691000,-17.019001,-150.322006,7.597001,23.228001,-125.219009
gyroscope_uncalibrated,287051654058554,287051656446807,3,0.011606,-0.004887,-0.008552,0.004887,0.003665,0.000000
accelerometer_uncalibrated,287051654058554,287051656481377,3,1.173159,4.156334,8.753201,0.000000,0.000000,0.000000
magnetic_field_uncalibrated,287051662063710,287051666160205,3,16.930000,-17.077002,-148.812012,7.597001,23.228001,-125.219009
gyroscope_uncalibrated,287051662063710,287051666739658,3,0.001833,0.006109,-0.012217,0.004887,0.003665,0.000000
accelerometer_uncalibrated,287051662063710,287051667976104,3,1.149217,4.173094,8.717288,0.000000,0.000000,0.000000
magnetic_field_uncalibrated,287051670067539,287051672276455,3,16.948000,-16.716002,-149.677002,7.597001,23.228001,-125.219009
gyroscope_uncalibrated,287051670067539,287051672359932,3,-0.010385,0.016493,-0.010996,0.004887,0.003665,0.000000
accelerometer_uncalibrated,287051670067539,287051672388330,3,1.110910,4.173094,8.722076,0.000000,0.000000,0.000000
magnetic_field_uncalibrated,287051678071484,287051682278760,3,16.709002,-16.743000,-150.323013,7.597001,23.228001,-125.219009
gyroscope_uncalibrated,287051678071484,287051682815088,3,-0.015882,0.014050,-0.012828,0.004887,0.003665,0.000000
accelerometer_uncalibrated,287051678071484,287051684273135,3,1.091756,4.168305,8.789114,0.000000,0.000000,0.000000
magnetic_field_uncalibrated,287051686076132,287051688541729,3,14.709001,-17.382000,-148.580002,7.597001,23.228001,-125.219009
gyroscope_uncalibrated,287051686076132,287051688615596,3,-0.020769,0.010385,-0.006720,0.004887,0.003665,0.000000
accelerometer_uncalibrated,287051686076132,287051688641924,3,1.077391,4.165911,8.832211,0.000000,0.000000,0.000000
magnetic_field_uncalibrated,287051694079218,287051698088525,3,14.713000,-17.121000,-150.525009,7.597001,23.228001,-125.220009
gyroscope_uncalibrated,287051694079218,287051698697275,3,-0.018326,0.010996,-0.006720,0.004887,0.003665,0.000000
accelerometer_uncalibrated,287051694079218,287051700626455,3,1.077391,4.144363,8.853758,0.000000,0.000000,0.000000
magnetic_field_uncalibrated,287051702082890,287051704678252,3,15.292001,-17.068001,-151.068008,7.597001,23.228001,-125.219009
gyroscope_uncalibrated,287051702082890,287051704776650,3,-0.012828,0.006720,-0.007941,0.004887,0.003665,0.000000
accelerometer_uncalibrated,287051702082890,287051704806299,3,1.096544,4.132392,8.894460,0.000000,0.000000,0.000000
magnetic_field_uncalibrated,287051710085625,287051712695674,3,15.526001,-17.302000,-148.478012,7.597001,23.228001,-125.220009
gyroscope_uncalibrated,287051710085625,287051713130869,3,-0.007941,0.003665,-0.006109,0.004887,0.003665,0.000000
accelerometer_uncalibrated,287051710085625,287051713257197,3,1.074997,4.134786,8.870518,0.000000,0.000000,0.000000
magnetic_field_uncalibrated,287051718091640,287051720292236,3,15.852001,-17.549002,-149.235001,7.597001,23.229002,-125.220009
gyroscope_uncalibrated,287051718091640,287051720363291,3,-0.002443,-0.001833,0.000611,0.004887,0.003665,0.000000
accelerometer_uncalibrated,287051718091640,287051720382979,3,1.082179,4.132392,8.868123,0.000000,0.000000,0.000000
magnetic_field_uncalibrated,287051726096953,287051728365244,3,15.608001,-17.754002,-149.016006,7.597001,23.228001,-125.219009
gyroscope_uncalibrated,287051726096953,287051728437588,3,-0.001222,-0.007330,0.001222,0.004887,0.003665,0.000000
accelerometer_uncalibrated,287051726096953,287051728469150,3,1.113304,4.139575,8.863335,0.000000,0.000000,0.000000
magnetic_field_uncalibrated,287051734102695,287051736283565,3,15.525001,-17.217001,-149.450012,7.597001,23.229002,-125.220009
gyroscope_uncalibrated,287051734102695,287051736361690,3,0.001222,-0.017104,-0.000611,0.004887,0.003665,0.000000
accelerometer_uncalibrated,287051734102695,287051736383525,3,1.122881,4.156334,8.875306,0.000000,0.000000,0.000000
magnetic_field_uncalibrated,287051742109687,287051744411143,3,15.849001,-17.466002,-150.423004,7.597001,23.229002,-125.220009
gyroscope_uncalibrated,287051742109687,287051744480557,3,0.003054,-0.018326,-0.006720,0.004887,0.003665,0.000000
accelerometer_uncalibrated,287051742109687,287051744497627,3,1.122881,4.161122,8.813056,0.000000,0.000000,0.000000
magnetic_field_uncalibrated,287051750116835,287051752591182,3,15.824000,-18.006001,-148.909012,7.597001,23.229002,-125.220009
gyroscope_uncalibrated,287051750116835,287051752659697,3,0.000611,-0.009163,-0.012217,0.004887,0.003665,0.000000
accelerometer_uncalibrated,287051750116835,287051752727197,3,1.115698,4.165911,8.762778,0.000000,0.000000,0.000000
magnetic_field_uncalibrated,287051758124960,287051760930908,3,15.031001,-17.719002,-149.013000,7.597001,23.228001,-125.220009
gyroscope_uncalibrated,287051758124960,287051760988916,3,-0.012217,-0.005498,-0.015272,0.004887,0.003665,0.000000
accelerometer_uncalibrated,287051758124960,287051761004424,3,1.103727,4.161122,8.724471,0.000000,0.000000,0.000000
magnetic_field_uncalibrated,287051766132070,287051768406924,3,15.580001,-18.040001,-150.311005,7.597001,23.228001,-125.220009
gyroscope_uncalibrated,287051766132070,287051768490557,3,-0.026878,0.002443,-0.017715,0.004887,0.003665,0.000000
accelerometer_uncalibrated,287051766132070,287051768506416,3,1.079785,4.165911,8.700529,0.000000,0.000000,0.000000
magnetic_field_uncalibrated,287051774137851,287051776150830,3,15.847001,-17.469002,-150.747009,7.597001,23.228001,-125.220009
gyroscope_uncalibrated,287051774137851,287051776225713,3,-0.040928,0.017104,-0.013439,0.004887,0.003665,0.000000
accelerometer_uncalibrated,287051774137851,287051776244307,3,1.067814,4.149151,8.755595,0.000000,0.000000,0.000000
magnetic_field_uncalibrated,287051782144648,287051785623096,3,15.277000,-17.426001,-149.771011,7.597001,23.228001,-125.219009
gyroscope_uncalibrated,287051782144648,287051785697315,3,-0.047647,0.023824,-0.015882,0.004887,0.003665,0.000000
accelerometer_uncalibrated,287051782144648,287051785913799,3,1.072602,4.127604,8.829816,0.000000,0.000000,0.000000
magnetic_field_uncalibrated,287051790151718,287051792453408,3,15.577001,-18.301001,-148.366013,7.597001,23.228001,-125.219009
gyroscope_uncalibrated,287051790151718,287051792528096,3,-0.047037,0.026878,-0.016493,0.004887,0.003665,0.000000
accelerometer_uncalibrated,287051790151718,287051792619111,3,1.077391,4.132392,8.904037,0.000000,0.000000,0.000000
magnetic_field_uncalibrated,287051798157148,287051800492979,3,15.198001,-18.878000,-147.282013,7.597001,23.228001,-125.220009
gyroscope_uncalibrated,287051798157148,287051800607861,3,-0.039706,0.026878,-0.016493,0.004887,0.003665,0.000000
accelerometer_uncalibrated,287051798157148,287051801045791,3,1.096544,4.103662,8.961497,0.000000,0.000000,0.000000
magnetic_field_uncalibrated,287051806160351,287051808478604,3,15.406001,-19.138000,-148.254013,7.597001,23.228001,-125.220009
gyroscope_uncalibrated,287051806160351,287051808531650,3,-0.025656,0.026267,-0.018326,0.004887,0.003665,0.000000
accelerometer_uncalibrated,287051806160351,287051808549697,3,1.094150,4.091691,9.004593,0.000000,0.000000,0.000000
magnetic_field_uncalibrated,287051814163046,287051817299150,3,16.947001,-18.538000,-149.022003,7.597001,23.228001,-125.220009
gyroscope_uncalibrated,287051814163046,287051817381533,3,-0.009774,0.020159,-0.020769,0.004887,0.003665,0.000000
accelerometer_uncalibrated,287051814163046,287051817492471,3,1.065420,4.094085,9.002198,0.000000,0.000000,0.000000
magnetic_field_uncalibrated,287051822166835,287051824906299,3,16.235001,-18.789001,-149.016006,7.597001,23.228001,-125.219009
gyroscope_uncalibrated,287051822166835,287051824997041,3,0.004276,0.014661,-0.021991,0.004887,0.003665,0.000000
accelerometer_uncalibrated,287051822166835,287051825024385,3,1.041478,4.101267,8.949526,0.000000,0.000000,0.000000
magnetic_field_uncalibrated,287051830169609,287051837100791,3,15.765000,-18.751001,-150.201004,7.597001,23.228001,-125.220009
gyroscope_uncalibrated,287051830169609,287051837177549,3,0.009774,0.007330,-0.020769,0.004887,0.003665,0.000000
accelerometer_uncalibrated,287051830169609,287051837203057,3,1.027112,4.101267,8.901642,0.000000,0.000000,0.000000
magnetic_field_uncalibrated,287051838175664,287051841545244,3,16.095001,-17.260000,-150.425003,7.597001,23.228001,-125.219009
gyroscope_uncalibrated,287051838175664,287051841604424,3,0.011606,0.004276,-0.019548,0.004887,0.003665,0.000000
accelerometer_uncalibrated,287051838175664,287051841690635,3,0.995988,4.108450,8.827422,0.000000,0.000000,0.000000
magnetic_field_uncalibrated,287051846177968,287051849267471,3,15.877001,-17.009001,-150.749008,7.596000,23.229002,-125.220009
gyroscope_uncalibrated,287051846177968,287051849368877,3,0.006720,0.006109,-0.017715,0.004887,0.003665,0.000000
accelerometer_uncalibrated,287051846177968,287051849715791,3,0.979228,4.106056,8.774749,0.000000,0.000000,0.000000
magnetic_field_uncalibrated,287051854181054,287051856114229,3,15.324000,-18.343000,-150.955002,7.597001,23.228001,-125.219009
gyroscope_uncalibrated,287051854181054,287051856211338,3,-0.006720,0.005498,-0.012828,0.004887,0.003665,0.000000
accelerometer_uncalibrated,287051854181054,287051856240479,3,0.938527,4.113238,8.748413,0.000000,0.000000,0.000000
magnetic_field_uncalibrated,287051862187929,287051865204541,3,14.872001,-18.202002,-150.629013,7.597001,23.228001,-125.219009
gyroscope_uncalibrated,287051862187929,287051865490361,3,-0.020769,0.009774,-0.003665,0.004887,0.003665,0.000000
accelerometer_uncalibrated,287051862187929,287051865629033,3,0.952892,4.110844,8.757990,0.000000,0.000000,0.000000
magnetic_field_uncalibrated,287051870192734,287051872348838,3,16.487001,-16.498001,-151.295013,7.597001,23.228001,-125.220009
gyroscope_uncalibrated,287051870192734,287051872435674,3,-0.030543,0.021380,0.004276,0.004887,0.003665,0.000000
accelerometer_uncalibrated,287051870192734,287051872462783,3,0.979228,4.096479,8.774749,0.000000,0.000000,0.000000
magnetic_field_uncalibrated,287051878199609,287051883528330,3,16.305000,-15.869000,-150.216003,7.597001,23.228001,-125.219009
gyroscope_uncalibrated,287051878199609,287051884552471,3,-0.038485,0.025045,0.006109,0.004887,0.003665,0.000000
accelerometer_uncalibrated,287051878199609,287051884907549,3,1.010353,4.084508,8.870518,0.000000,0.000000,0.000000
magnetic_field_uncalibrated,287051886206718,287051888437275,3,15.087001,-16.806002,-149.773010,7.597001,23.228001,-125.220009
gyroscope_uncalibrated,287051886206718,287051888498877,3,-0.038485,0.018937,0.009163,0.004887,0.003665,0.000000
accelerometer_uncalibrated,287051886206718,287051888520244,3,1.053449,4.094085,8.925584,0.000000,0.000000,0.000000
magnetic_field_uncalibrated,287051894214453,287051896578486,3,15.194001,-16.976002,-149.449005,7.597001,23.228001,-125.220009
gyroscope_uncalibrated,287051894214453,287051896656416,3,-0.027489,0.020769,0.006720,0.004887,0.003665,0.000000
accelerometer_uncalibrated,287051894214453,287051896855947,3,1.074997,4.098873,8.944737,0.000000,0.000000,0.000000
magnetic_field_uncalibrated,287051902221328,287051904517510,3,14.999001,-18.094002,-150.091003,7.597001,23.229002,-125.220009
gyroscope_uncalibrated,287051902221328,287051904724736,3,-0.016493,0.022602,0.001833,0.004887,0.003665,0.000000
accelerometer_uncalibrated,287051902221328,287051904775557,3,1.072602,4.096479,8.959103,0.000000,0.000000,0.000000
magnetic_field_uncalibrated,287051910226406,287051913841729,3,15.715001,-17.753000,-150.313004,7.597001,23.228001,-125.220009
gyroscope_uncalibrated,287051910226406,287051914004971,3,-0.005498,0.015272,0.000000,0.004887,0.003665,0.000000
accelerometer_uncalibrated,287051910226406,287051914678643,3,1.082179,4.070143,8.968679,0.000000,0.000000,0.000000
magnetic_field_uncalibrated,287051918230781,287051921358565,3,15.786001,-16.824001,-149.021011,7.597001,23.228001,-125.219009
gyroscope_uncalibrated,287051918230781,287051921484971,3,0.001222,0.006720,-0.000611,0.004887,0.003665,0.000000
accelerometer_uncalibrated,287051918230781,287051921512588,3,1.086968,4.072537,8.930372,0.000000,0.000000,0.000000
magnetic_field_uncalibrated,287051926234609,287051928714619,3,14.557001,-16.294001,-147.504013,7.597001,23.228001,-125.220009
gyroscope_uncalibrated,287051926234609,287051928805244,3,0.007941,0.000000,-0.001833,0.004887,0.003665,0.000000
accelerometer_uncalibrated,287051926234609,287051928834736,3,1.060631,4.065354,8.899248,0.000000,0.000000,0.000000
magnetic_field_uncalibrated,287051934240078,287051936261729,3,14.107000,-16.066000,-147.826004,7.597001,23.228001,-125.220009
gyroscope_uncalibrated,287051934240078,287051936353291,3,0.007941,-0.008552,-0.000611,0.004887,0.003665,0.000000
accelerometer_uncalibrated,287051934240078,287051936379658,3,1.051055,4.079720,8.877700,0.000000,0.000000,0.000000
magnetic_field_uncalibrated,287051942244726,287051944546299,3,14.559001,-17.856001,-149.009003,7.597001,23.228001,-125.220009
gyroscope_uncalibrated,287051942244726,287051944632822,3,0.009774,-0.012217,-0.000611,0.004887,0.003665,0.000000
accelerometer_uncalibrated,287051942244726,287051944659463,3,1.051055,4.086902,8.872911,0.000000,0.000000,0.000000
magnetic_field_uncalibrated,287051950247578,287051952649424,3,13.723001,-18.298000,-148.354004,7.597001,23.228001,-125.220009
gyroscope_uncalibrated,287051950247578,287051952738096,3,0.012217,-0.012828,0.000000,0.004887,0.003665,0.000000
accelerometer_uncalibrated,287051950247578,287051952765518,3,1.063026,4.096479,8.894460,0.000000,0.000000,0.000000
magnetic_field_uncalibrated,287051958251328,287051962423291,3,14.292001,-16.691000,-148.472000,7.597001,23.228001,-125.219009
gyroscope_uncalibrated,287051958251328,287051963031533,3,0.009163,-0.004887,0.001222,0.004887,0.003665,0.000000
accelerometer_uncalibrated,287051958251328,287051965548955,3,1.065420,4.113238,8.911219,0.000000,0.000000,0.000000
magnetic_field_uncalibrated,287051966252109,287051969612236,3,15.219001,-16.521000,-150.099014,7.597001,23.228001,-125.220009
gyroscope_uncalibrated,287051966252109,287051969807627,3,0.009163,0.007330,0.003665,0.004887,0.003665,0.000000
accelerometer_uncalibrated,287051966252109,287051969860088,3,1.079785,4.103662,8.872911,0.000000,0.000000,0.000000
magnetic_field_uncalibrated,287051974255429,287051976778291,3,15.312000,-16.791000,-150.854004,7.597001,23.228001,-125.220009
gyroscope_uncalibrated,287051974255429,287051976874346,3,0.007330,0.015272,0.001833,0.004887,0.003665,0.000000
accelerometer_uncalibrated,287051974255429,287051976910283,3,1.067814,4.096479,8.877700,0.000000,0.000000,0.000000
magnetic_field_uncalibrated,287051982259609,287051986374932,3,15.031001,-17.547001,-150.633011,7.597001,23.228001,-125.220009
gyroscope_uncalibrated,287051982259609,287051986463135,3,0.006720,0.015882,0.001833,0.004887,0.003665,0.000000
accelerometer_uncalibrated,287051982259609,287051986559932,3,1.065420,4.122815,8.863335,0.000000,0.000000,0.000000
magnetic_field_uncalibrated,287051990263085,287051994160596,3,13.969001,-18.004002,-149.004013,7.597001,23.228001,-125.219009
gyroscope_uncalibrated,287051990263085,287051994227588,3,0.001833,0.021380,0.000000,0.004887,0.003665,0.000000
accelerometer_uncalibrated,287051990263085,287051994255244,3,1.074997,4.127604,8.853758,0.000000,0.000000,0.000000
magnetic_field_uncalibrated,287051998267812,287052000586182,3,14.825001,-17.543001,-147.069000,7.597001,23.228001,-125.220009
gyroscope_uncalibrated,287051998267812,287052000999815,3,0.000611,0.020769,0.001222,0.004887,0.003665,0.000000
accelerometer_uncalibrated,287051998267812,287052001043994,3,1.060631,4.132392,8.858546,0.000000,0.000000,0.000000
magnetic_field_uncalibrated,287052006273125,287052008443096,3,16.326000,-17.412001,-149.131012,7.597001,23.228001,-125.220009
gyroscope_uncalibrated,287052006273125,287052008562080,3,0.001833,0.023213,0.001833,0.004887,0.003665,0.000000
accelerometer_uncalibrated,287052006273125,287052008593955,3,1.058237,4.137180,8.846576,0.000000,0.000000,0.000000
magnetic_field_uncalibrated,287052014278164,287052016747275,3,16.937000,-16.726002,-151.081009,7.597001,23.229002,-125.220009
gyroscope_uncalibrated,287052014278164,287052016850440,3,0.001833,0.023213,0.001222,0.004887,0.003665,0.000000
accelerometer_uncalibrated,287052014278164,287052016904385,3,1.065420,4.122815,8.832211,0.000000,0.000000,0.000000
magnetic_field_uncalibrated,287052022282539,287052024616494,3,16.229000,-16.888000,-151.399002,7.597001,23.229002,-125.219009
gyroscope_uncalibrated,287052022282539,287052024720205,3,0.001222,0.020769,0.004887,0.004887,0.003665,0.000000
accelerometer_uncalibrated,287052022282539,287052024750127,3,1.070208,4.113238,8.815451,0.000000,0.000000,0.000000
magnetic_field_uncalibrated,287052030286289,287052033081533,3,15.606001,-17.585001,-150.960007,7.597001,23.228001,-125.219009
gyroscope_uncalibrated,287052030286289,287052033819346,3,0.000611,0.015272,0.004276,0.004887,0.003665,0.000000
accelerometer_uncalibrated,287052030286289,287052033886885,3,1.065420,4.108450,8.820239,0.000000,0.000000,0.000000
magnetic_field_uncalibrated,287052038292851,287052040366416,3,16.652000,-17.659000,-149.887009,7.597001,23.228001,-125.219009
gyroscope_uncalibrated,287052038292851,287052040449268,3,0.001833,0.007941,0.005498,0.004887,0.003665,0.000000
accelerometer_uncalibrated,287052038292851,287052040476143,3,1.084573,4.118027,8.858546,0.000000,0.000000,0.000000
magnetic_field_uncalibrated,287052046297265,287052050228174,3,16.049002,-16.343000,-149.133011,7.597001,23.228001,-125.219009
gyroscope_uncalibrated,287052046297265,287052051189932,3,0.004276,0.006109,0.004276,0.004887,0.003665,0.000000
accelerometer_uncalibrated,287052046297265,287052054043721,3,1.098939,4.122815,8.848969,0.000000,0.000000,0.000000
magnetic_field_uncalibrated,287052054303164,287052056126260,3,15.483001,-16.124001,-149.238007,7.596000,23.229002,-125.219009
gyroscope_uncalibrated,287052054303164,287052056314150,3,0.009163,0.007330,0.003054,0.004887,0.003665,0.000000
accelerometer_uncalibrated,287052054303164,287052056436182,3,1.103727,4.110844,8.851364,0.000000,0.000000,0.000000
magnetic_field_uncalibrated,287052062307539,287052065812080,3,16.361000,-16.776001,-150.105011,7.597001,23.228001,-125.219009
gyroscope_uncalibrated,287052062307539,287052065958760,3,0.008552,0.006720,0.001222,0.004887,0.003665,0.000000
accelerometer_uncalibrated,287052062307539,287052065980752,3,1.122881,4.103662,8.827422,0.000000,0.000000,0.000000
magnetic_field_uncalibrated,287052070312968,287052072555049,3,15.647000,-17.029001,-150.315002,7.596000,23.228001,-125.219009
gyroscope_uncalibrated,287052070312968,287052072624736,3,0.010996,-0.001222,-0.002443,0.004887,0.003665,0.000000
accelerometer_uncalibrated,287052070312968,287052072642979,3,1.127669,4.108450,8.846576,0.000000,0.000000,0.000000
magnetic_field_uncalibrated,287052078316367,287052081472393,3,15.749001,-17.376001,-149.127014,7.597001,23.228001,-125.220009
gyroscope_uncalibrated,287052078316367,287052081551729,3,0.009774,-0.000611,-0.004276,0.004887,0.003665,0.000000
accelerometer_uncalibrated,287052078316367,287052081769971,3,1.113304,4.110844,8.822633,0.000000,0.000000,0.000000
magnetic_field_uncalibrated,287052086320937,287052088753760,3,15.610001,-17.753000,-148.801010,7.597001,23.228001,-125.220009
gyroscope_uncalibrated,287052086320937,287052088848447,3,0.004887,-0.006109,-0.008552,0.004887,0.003665,0.000000
accelerometer_uncalibrated,287052086320937,287052088877588,3,1.098939,4.134786,8.813056,0.000000,0.000000,0.000000
magnetic_field_uncalibrated,287052094327148,287052098602940,3,14.685000,-17.749001,-148.578003,7.597001,23.229002,-125.219009
gyroscope_uncalibrated,287052094327148,287052098724541,3,0.001833,-0.006109,-0.013439,0.004887,0.003665,0.000000
accelerometer_uncalibrated,287052094327148,287052098924736,3,1.113304,4.141969,8.822633,0.000000,0.000000,0.000000
magnetic_field_uncalibrated,287052102334531,287052104535635,3,15.863001,-17.367001,-149.452011,7.597001,23.228001,-125.220009
gyroscope_uncalibrated,287052102334531,287052104622744,3,-0.001222,-0.001222,-0.017715,0.004887,0.003665,0.000000
accelerometer_uncalibrated,287052102334531,287052104709346,3,1.115698,4.146757,8.820239,0.000000,0.000000,0.000000
magnetic_field_uncalibrated,287052110341562,287052114504385,3,16.539001,-17.580000,-150.103012,7.597001,23.228001,-125.220009
gyroscope_uncalibrated,287052110341562,287052114626963,3,-0.008552,0.009163,-0.024435,0.004887,0.003665,0.000000
accelerometer_uncalibrated,287052110341562,287052114654111,3,1.098939,4.146757,8.817844,0.000000,0.000000,0.000000
magnetic_field_uncalibrated,287052118349765,287052120690127,3,15.935000,-18.001001,-149.665009,7.597001,23.228001,-125.219009
gyroscope_uncalibrated,287052118349765,287052120777041,3,-0.017104,0.019548,-0.026878,0.004887,0.003665,0.000000
accelerometer_uncalibrated,287052118349765,287052120804893,3,1.082179,4.134786,8.825027,0.000000,0.000000,0.000000
magnetic_field_uncalibrated,287052126357187,287052128956377,3,15.975000,-17.446001,-149.236008,7.597001,23.228001,-125.220009
gyroscope_uncalibrated,287052126357187,287052129262549,3,-0.023824,0.029322,-0.029932,0.004887,0.003665,0.000000
accelerometer_uncalibrated,287052126357187,287052129443447,3,1.079785,4.113238,8.853758,0.000000,0.000000,0.000000
magnetic_field_uncalibrated,287052134362539,287052136721572,3,16.708000,-16.830000,-149.675003,7.597001,23.228001,-125.219009
gyroscope_uncalibrated,287052134362539,287052136810049,3,-0.026878,0.037263,-0.028711,0.004887,0.003665,0.000000
accelerometer_uncalibrated,287052134362539,287052136838604,3,1.039083,4.094085,8.868123,0.000000,0.000000,0.000000
magnetic_field_uncalibrated,287052142370625,287052144500440,3,16.570002,-17.034000,-150.861008,7.597001,23.228001,-125.219009
gyroscope_uncalibrated,287052142370625,287052144602119,3,-0.028100,0.042150,-0.026878,0.004887,0.003665,0.000000
accelerometer_uncalibrated,287052142370625,287052144633877,3,1.010353,4.082114,8.877700,0.000000,0.000000,0.000000
magnetic_field_uncalibrated,287052150380234,287052152688447,3,15.764001,-17.189001,-148.696014,7.597001,23.228001,-125.220009
gyroscope_uncalibrated,287052150380234,287052152785322,3,-0.029932,0.040928,-0.020769,0.004887,0.003665,0.000000
accelerometer_uncalibrated,287052150380234,287052152812119,3,0.979228,4.074931,8.930372,0.000000,0.000000,0.000000
magnetic_field_uncalibrated,287052158386601,287052161486611,3,15.678000,-16.656000,-149.561005,7.597001,23.228001,-125.219009
gyroscope_uncalibrated,287052158386601,287052161634307,3,-0.028100,0.032376,-0.014661,0.004887,0.003665,0.000000
accelerometer_uncalibrated,287052158386601,287052161984502,3,0.988805,4.072537,9.028535,0.000000,0.000000,0.000000
magnetic_field_uncalibrated,287052166392382,287052169646299,3,16.004002,-16.988001,-149.454010,7.597001,23.229002,-125.219009
gyroscope_uncalibrated,287052166392382,287052169686650,3,-0.012828,0.025656,-0.009163,0.004887,0.003665,0.000000
accelerometer_uncalibrated,287052166392382,287052169812588,3,0.993594,4.077325,9.026140,0.000000,0.000000,0.000000
magnetic_field_uncalibrated,287052174398984,287052176213565,3,15.941001,-18.081001,-148.046005,7.597001,23.228001,-125.220009
gyroscope_uncalibrated,287052174398984,287052176300752,3,0.002443,0.024435,-0.004887,0.004887,0.003665,0.000000
accelerometer_uncalibrated,287052174398984,287052176327822,3,1.012747,4.060566,9.035717,0.000000,0.000000,0.000000
magnetic_field_uncalibrated,287052182404609,287052185330400,3,15.444001,-18.414001,-149.660004,7.597001,23.228001,-125.219009
gyroscope_uncalibrated,287052182404609,287052185463330,3,0.011606,0.018937,-0.003054,0.004887,0.003665,0.000000
accelerometer_uncalibrated,287052182404609,287052185496963,3,1.027112,4.065354,9.009381,0.000000,0.000000,0.000000
magnetic_field_uncalibrated,287052190409335,287052193050205,3,15.037001,-17.628000,-149.121002,7.597001,23.228001,-125.219009
gyroscope_uncalibrated,287052190409335,287052193166143,3,0.015882,0.010385,-0.000611,0.004887,0.003665,0.000000
accelerometer_uncalibrated,287052190409335,287052193276143,3,1.036689,4.074931,8.954314,0.000000,0.000000,0.000000
magnetic_field_uncalibrated,287052198415937,287052201633135,3,15.032001,-15.983001,-148.912003,7.597001,23.228001,-125.220009
gyroscope_uncalibrated,287052198415937,287052201893174,3,0.023213,0.005498,0.001222,0.004887,0.003665,0.000000
accelerometer_uncalibrated,287052198415937,287052202107354,3,1.039083,4.074931,8.920795,0.000000,0.000000,0.000000
magnetic_field_uncalibrated,287052206422226,287052208640283,3,15.639001,-15.646001,-148.162003,7.597001,23.228001,-125.220009
gyroscope_uncalibrated,287052206422226,287052208741221,3,0.023213,0.003054,0.000000,0.004887,0.003665,0.000000
accelerometer_uncalibrated,287052206422226,287052208773721,3,1.029507,4.070143,8.875306,0.000000,0.000000,0.000000
magnetic_field_uncalibrated,287052214429335,287052217011416,3,15.984001,-15.702001,-147.948013,7.597001,23.228001,-125.220009
gyroscope_uncalibrated,287052214429335,287052217119150,3,0.020769,-0.001222,0.001222,0.004887,0.003665,0.000000
accelerometer_uncalibrated,287052214429335,287052217147158,3,1.024718,4.082114,8.853758,0.000000,0.000000,0.000000
magnetic_field_uncalibrated,287052222433984,287052225003760,3,14.691001,-15.836000,-149.234009,7.596000,23.228001,-125.219009
gyroscope_uncalibrated,287052222433984,287052225223135,3,0.018326,-0.004276,0.004276,0.004887,0.003665,0.000000
accelerometer_uncalibrated,287052222433984,287052225575166,3,1.007959,4.103662,8.856153,0.000000,0.000000,0.000000
magnetic_field_uncalibrated,287052230438789,287052233248330,3,13.954000,-16.456001,-149.335007,7.597001,23.228001,-125.220009
gyroscope_uncalibrated,287052230438789,287052233343643,3,0.017104,-0.003665,0.003054,0.004887,0.003665,0.000000
accelerometer_uncalibrated,287052230438789,287052233370322,3,1.031901,4.086902,8.848969,0.000000,0.000000,0.000000
magnetic_field_uncalibrated,287052238444609,287052240712354,3,15.204000,-16.708000,-150.530014,7.597001,23.228001,-125.220009
gyroscope_uncalibrated,287052238444609,287052240797900,3,0.012828,0.003665,0.002443,0.004887,0.003665,0.000000
accelerometer_uncalibrated,287052238444609,287052240822275,3,1.053449,4.096479,8.856153,0.000000,0.000000,0.000000
magnetic_field_uncalibrated,287052246450742,287052249509385,3,15.623001,-17.483002,-149.557007,7.597001,23.228001,-125.219009
gyroscope_uncalibrated,287052246450742,287052249610869,3,0.012217,0.007330,-0.003054,0.004887,0.003665,0.000000
accelerometer_uncalibrated,287052246450742,287052249660049,3,1.084573,4.108450,8.868123,0.000000,0.000000,0.000000
magnetic_field_uncalibrated,287052254454648,287052256262471,3,15.058001,-17.435001,-147.934006,7.597001,23.228001,-125.219009
gyroscope_uncalibrated,287052254454648,287052256354033,3,0.015272,0.016493,-0.010996,0.004887,0.003665,0.000000
accelerometer_uncalibrated,287052254454648,287052256382393,3,1.101333,4.103662,8.882488,0.000000,0.000000,0.000000
magnetic_field_uncalibrated,287052262457734,287052265745557,3,14.668000,-16.460001,-146.639999,7.597001,23.228001,-125.219009
gyroscope_uncalibrated,287052262457734,287052266121377,3,0.015272,0.026267,-0.024435,0.004887,0.003665,0.000000
accelerometer_uncalibrated,287052262457734,287052266245400,3,1.113304,4.094085,8.877700,0.000000,0.000000,0.000000
magnetic_field_uncalibrated,287052270461875,287052273172744,3,15.803000,-16.808001,-146.862000,7.597001,23.228001,-125.219009
gyroscope_uncalibrated,287052270461875,287052273289229,3,0.017104,0.032376,-0.029322,0.004887,0.003665,0.000000
accelerometer_uncalibrated,287052270461875,287052273335635,3,1.089362,4.094085,8.882488,0.000000,0.000000,0.000000
magnetic_field_uncalibrated,287052278467656,287052280976065,3,16.159000,-16.510000,-148.377014,7.597001,23.228001,-125.219009
gyroscope_uncalibrated,287052278467656,287052281060166,3,0.013439,0.040317,-0.032987,0.004887,0.003665,0.000000
accelerometer_uncalibrated,287052278467656,287052281089033,3,1.043872,4.101267,8.827422,0.000000,0.000000,0.000000
magnetic_field_uncalibrated,287052286472148,287052288782354,3,15.762001,-15.628001,-147.299011,7.597001,23.228001,-125.220009
gyroscope_uncalibrated,287052286472148,287052288874385,3,0.010385,0.051924,-0.032987,0.004887,0.003665,0.000000
accelerometer_uncalibrated,287052286472148,287052288900869,3,1.000776,4.091691,8.822633,0.000000,0.000000,0.000000
magnetic_field_uncalibrated,287052294477460,287052296689619,3,15.610001,-16.103001,-147.944000,7.597001,23.229002,-125.220009
gyroscope_uncalibrated,287052294477460,287052296778760,3,0.005498,0.052534,-0.032376,0.004887,0.003665,0.000000
accelerometer_uncalibrated,287052294477460,287052296805440,3,0.940921,4.091691,8.836999,0.000000,0.000000,0.000000
magnetic_field_uncalibrated,287052302485976,287052304577783,3,15.859001,-15.808001,-148.270004,7.597001,23.228001,-125.219009
gyroscope_uncalibrated,287052302485976,287052304657432,3,0.003665,0.045204,-0.025045,0.004887,0.003665,0.000000
accelerometer_uncalibrated,287052302485976,287052304685283,3,0.854730,4.115633,8.832211,0.000000,0.000000,0.000000
magnetic_field_uncalibrated,287052310493242,287052313671768,3,15.703001,-16.373001,-148.591003,7.597001,23.228001,-125.220009
gyroscope_uncalibrated,287052310493242,287052313782783,3,0.004276,0.029932,-0.012828,0.004887,0.003665,0.000000
accelerometer_uncalibrated,287052310493242,287052313910205,3,0.809240,4.110844,8.841787,0.000000,0.000000,0.000000
magnetic_field_uncalibrated,287052318501132,287052320812744,3,15.429001,-17.123001,-147.614014,7.597001,23.228001,-125.219009
gyroscope_uncalibrated,287052318501132,287052320896494,3,0.003665,0.015272,0.001833,0.004887,0.003665,0.000000
accelerometer_uncalibrated,287052318501132,287052320923643,3,0.799663,4.101267,8.858546,0.000000,0.000000,0.000000
magnetic_field_uncalibrated,287052326508906,287052328941338,3,16.171001,-16.584002,-146.002014,7.597001,23.228001,-125.219009
gyroscope_uncalibrated,287052326508906,287052329248760,3,0.004887,0.001833,0.020769,0.004887,0.003665,0.000000
accelerometer_uncalibrated,287052326508906,287052330927744,3,0.804452,4.074931,8.858546,0.000000,0.000000,0.000000
magnetic_field_uncalibrated,287052334514531,287052336388252,3,16.164001,-16.505001,-147.730011,7.597001,23.228001,-125.220009
gyroscope_uncalibrated,287052334514531,287052336457002,3,0.006720,-0.004276,0.029322,0.004887,0.003665,0.000000
accelerometer_uncalibrated,287052334514531,287052336486924,3,0.840365,4.053383,8.856153,0.000000,0.000000,0.000000
magnetic_field_uncalibrated,287052342520703,287052344779502,3,15.477001,-16.131001,-150.102005,7.597001,23.228001,-125.220009
gyroscope_uncalibrated,287052342520703,287052344862744,3,0.008552,-0.012217,0.040928,0.004887,0.003665,0.000000
accelerometer_uncalibrated,287052342520703,287052344973057,3,0.864307,4.050989,8.880095,0.000000,0.000000,0.000000
magnetic_field_uncalibrated,287052350529921,287052352907275,3,17.106001,-16.148001,-149.033005,7.597001,23.229002,-125.220009
gyroscope_uncalibrated,287052350529921,287052352979346,3,0.014661,-0.025045,0.051313,0.004887,0.003665,0.000000
accelerometer_uncalibrated,287052350529921,287052353008877,3,0.938527,4.065354,8.908825,0.000000,0.000000,0.000000
magnetic_field_uncalibrated,287052358538281,287052360931182,3,17.734001,-15.532001,-147.960007,7.597001,23.229002,-125.219009
gyroscope_uncalibrated,287052358538281,287052361001338,3,0.018326,-0.030543,0.048258,0.004887,0.003665,0.000000
accelerometer_uncalibrated,287052358538281,287052361030674,3,1.067814,4.060566,8.889671,0.000000,0.000000,0.000000
magnetic_field_uncalibrated,287052366547265,287052368989385,3,15.136001,-16.242001,-148.156006,7.597001,23.228001,-125.220009
gyroscope_uncalibrated,287052366547265,287052369088955,3,0.023824,-0.019548,0.036652,0.004887,0.003665,0.000000
accelerometer_uncalibrated,287052366547265,287052369380127,3,1.170765,4.067749,8.827422,0.000000,0.000000,0.000000
magnetic_field_uncalibrated,287052374554296,287052376922471,3,14.485001,-17.224001,-149.011002,7.597001,23.228001,-125.219009
gyroscope_uncalibrated,287052374554296,287052377016572,3,0.019548,-0.001222,0.019548,0.004887,0.003665,0.000000
accelerometer_uncalibrated,287052374554296,287052377055322,3,1.182736,4.074931,8.772355,0.000000,0.000000,0.000000
magnetic_field_uncalibrated,287052382563125,287052384914502,3,14.770000,-16.378000,-149.448013,7.597001,23.228001,-125.219009
gyroscope_uncalibrated,287052382563125,287052385002822,3,0.008552,0.017715,0.007330,0.004887,0.003665,0.000000
accelerometer_uncalibrated,287052382563125,287052385032119,3,1.173159,4.079720,8.757990,0.000000,0.000000,0.000000
magnetic_field_uncalibrated,287052390569414,287052393019072,3,15.436001,-16.858002,-149.019012,7.597001,23.228001,-125.220009
gyroscope_uncalibrated,287052390569414,287052393112510,3,-0.003054,0.026878,-0.002443,0.004887,0.003665,0.000000
accelerometer_uncalibrated,287052390569414,287052393144190,3,1.144428,4.096479,8.743625,0.000000,0.000000,0.000000
magnetic_field_uncalibrated,287052398574843,287052401230986,3,15.947001,-17.903002,-148.910004,7.597001,23.228001,-125.219009
gyroscope_uncalibrated,287052398574843,287052401380635,3,-0.017715,0.032376,-0.010385,0.004887,0.003665,0.000000
accelerometer_uncalibrated,287052398574843,287052401419736,3,1.106121,4.101267,8.772355,0.000000,0.000000,0.000000
magnetic_field_uncalibrated,287052406579921,287052408720791,3,16.311001,-17.683001,-148.590012,7.596000,23.228001,-125.220009
gyroscope_uncalibrated,287052406579921,287052408802549,3,-0.025656,0.037263,-0.014050,0.004887,0.003665,0.000000
accelerometer_uncalibrated,287052406579921,287052408851690,3,1.060631,4.098873,8.791509,0.000000,0.000000,0.000000
magnetic_field_uncalibrated,287052414585234,287052416698565,3,16.722000,-16.731001,-148.704010,7.597001,23.228001,-125.219009
gyroscope_uncalibrated,287052414585234,287052416795283,3,-0.032376,0.036041,-0.014050,0.004887,0.003665,0.000000
accelerometer_uncalibrated,287052414585234,287052416823096,3,1.012747,4.103662,8.820239,0.000000,0.000000,0.000000
magnetic_field_uncalibrated,287052422589843,287052425202315,3,17.244001,-15.944001,-147.847000,7.597001,23.229002,-125.219009
gyroscope_uncalibrated,287052422589843,287052425302900,3,-0.036041,0.029932,-0.012217,0.004887,0.003665,0.000000
accelerometer_uncalibrated,287052422589843,287052425361650,3,0.957681,4.110844,8.892065,0.000000,0.000000,0.000000
magnetic_field_uncalibrated,287052430595078,287052435189307,3,16.712000,-16.913000,-148.379013,7.597001,23.228001,-125.219009
gyroscope_uncalibrated,287052430595078,287052435329697,3,-0.031765,0.021991,-0.003054,0.004887,0.003665,0.000000
accelerometer_uncalibrated,287052430595078,287052435362549,3,0.916979,4.129998,8.956709,0.000000,0.000000,0.000000
magnetic_field_uncalibrated,287052438598789,287052440746025,3,15.751000,-17.460001,-148.047012,7.597001,23.228001,-125.220009
gyroscope_uncalibrated,287052438598789,287052440817197,3,-0.019548,0.015882,0.008552,0.004887,0.003665,0.000000
accelerometer_uncalibrated,287052438598789,287052440918213,3,0.895431,4.120421,8.997410,0.000000,0.000000,0.000000
magnetic_field_uncalibrated,287052446603203,287052451127744,3,16.546001,-16.010000,-147.518005,7.597001,23.228001,-125.219009
gyroscope_uncalibrated,287052446603203,287052451287861,3,-0.011606,0.010996,0.016493,0.004887,0.003665,0.000000
accelerometer_uncalibrated,287052446603203,287052451325869,3,0.912191,4.106056,8.990228,0.000000,0.000000,0.000000
magnetic_field_uncalibrated,287052454608085,287052457146104,3,16.908001,-15.792001,-147.522003,7.596000,23.228001,-125.220009
gyroscope_uncalibrated,287052454608085,287052457221416,3,0.004276,0.004276,0.025656,0.004887,0.003665,0.000000
accelerometer_uncalibrated,287052454608085,287052457321182,3,0.905008,4.113238,8.999804,0.000000,0.000000,0.000000
magnetic_field_uncalibrated,287052462614687,287052465755244,3,16.407001,-16.129002,-149.676010,7.597001,23.228001,-125.219009
gyroscope_uncalibrated,287052462614687,287052465860400,3,0.015272,-0.006720,0.032376,0.004887,0.003665,0.000000
accelerometer_uncalibrated,287052462614687,287052466142783,3,0.919373,4.118027,8.987833,0.000000,0.000000,0.000000
magnetic_field_uncalibrated,287052470621640,287052473077002,3,15.684001,-16.306002,-151.938004,7.597001,23.228001,-125.220009
gyroscope_uncalibrated,287052470621640,287052473162315,3,0.025045,-0.014050,0.042150,0.004887,0.003665,0.000000
accelerometer_uncalibrated,287052470621640,287052473192158,3,0.988805,4.129998,8.939949,0.000000,0.000000,0.000000
magnetic_field_uncalibrated,287052478627304,287052481665518,3,14.874001,-16.550001,-149.448013,7.597001,23.228001,-125.219009
gyroscope_uncalibrated,287052478627304,287052481990283,3,0.030543,-0.013439,0.041539,0.004887,0.003665,0.000000
accelerometer_uncalibrated,287052478627304,287052482438408,3,1.060631,4.120421,8.884883,0.000000,0.000000,0.000000
magnetic_field_uncalibrated,287052486631171,287052488847861,3,14.689001,-15.924001,-148.694000,7.596000,23.228001,-125.220009
gyroscope_uncalibrated,287052486631171,287052488936885,3,0.031765,-0.013439,0.032987,0.004887,0.003665,0.000000
accelerometer_uncalibrated,287052486631171,287052488982471,3,1.142034,4.132392,8.820239,0.000000,0.000000,0.000000
magnetic_field_uncalibrated,287052494635976,287052497468447,3,15.275001,-15.865001,-148.374008,7.597001,23.228001,-125.219009
gyroscope_uncalibrated,287052494635976,287052497635361,3,0.024435,-0.008552,0.023213,0.004887,0.003665,0.000000
accelerometer_uncalibrated,287052494635976,287052498299033,3,1.177947,4.137180,8.767567,0.000000,0.000000,0.000000
magnetic_field_uncalibrated,287052502640234,287052504938018,3,15.471001,-16.566000,-146.861008,7.597001,23.228001,-125.219009
gyroscope_uncalibrated,287052502640234,287052505008408,3,0.013439,-0.001833,0.010996,0.004887,0.003665,0.000000
accelerometer_uncalibrated,287052502640234,287052505038799,3,1.204283,4.132392,8.714894,0.000000,0.000000,0.000000
magnetic_field_uncalibrated,287052510644804,287052513115557,3,16.088001,-17.696001,-147.292007,7.597001,23.228001,-125.219009
gyroscope_uncalibrated,287052510644804,287052513445440,3,0.003665,0.005498,-0.001222,0.004887,0.003665,0.000000
accelerometer_uncalibrated,287052510644804,287052513624893,3,1.185130,4.125209,8.688558,0.000000,0.000000,0.000000
magnetic_field_uncalibrated,287052518651601,287052520975088,3,16.633001,-18.106001,-148.266006,7.597001,23.228001,-125.220009
gyroscope_uncalibrated,287052518651601,287052521071025,3,-0.014050,0.015272,-0.013439,0.004887,0.003665,0.000000
accelerometer_uncalibrated,287052518651601,287052521123096,3,1.146823,4.134786,8.693346,0.000000,0.000000,0.000000
magnetic_field_uncalibrated,287052526657460,287052528939150,3,16.602001,-16.831001,-148.271011,7.597001,23.228001,-125.219009
gyroscope_uncalibrated,287052526657460,287052529013252,3,-0.031765,0.019548,-0.018937,0.004887,0.003665,0.000000
accelerometer_uncalibrated,287052526657460,287052529038096,3,1.134852,4.113238,8.717288,0.000000,0.000000,0.000000
magnetic_field_uncalibrated,287052534663281,287052536955166,3,16.237001,-17.052000,-148.700012,7.597001,23.228001,-125.220009
gyroscope_uncalibrated,287052534663281,287052537062197,3,-0.042761,0.029322,-0.027489,0.004887,0.003665,0.000000
accelerometer_uncalibrated,287052534663281,287052537092236,3,1.110910,4.108450,8.757990,0.000000,0.000000,0.000000
magnetic_field_uncalibrated,287052542669843,287052545595713,3,15.434001,-16.946001,-148.479004,7.597001,23.228001,-125.220009
gyroscope_uncalibrated,287052542669843,287052545728135,3,-0.048869,0.036041,-0.027489,0.004887,0.003665,0.000000
accelerometer_uncalibrated,287052542669843,287052545767979,3,1.072602,4.072537,8.841787,0.000000,0.000000,0.000000
magnetic_field_uncalibrated,287052550672109,287052554490557,3,16.030001,-16.619001,-149.240005,7.597001,23.228001,-125.220009
gyroscope_uncalibrated,287052550672109,287052554589229,3,-0.048869,0.037874,-0.026878,0.004887,0.003665,0.000000
accelerometer_uncalibrated,287052550672109,287052554617041,3,1.031901,4.067749,8.937555,0.000000,0.000000,0.000000
magnetic_field_uncalibrated,287052558676953,287052560889463,3,16.075001,-17.623001,-149.776001,7.597001,23.228001,-125.220009
gyroscope_uncalibrated,287052558676953,287052560963057,3,-0.037874,0.040317,-0.026878,0.004887,0.003665,0.000000
accelerometer_uncalibrated,287052558676953,287052560991494,3,0.957681,4.067749,8.999804,0.000000,0.000000,0.000000
magnetic_field_uncalibrated,287052566680546,287052569253721,3,15.957001,-17.636002,-149.991013,7.597001,23.228001,-125.220009
gyroscope_uncalibrated,287052566680546,287052569362588,3,-0.030543,0.046426,-0.022602,0.004887,0.003665,0.000000
accelerometer_uncalibrated,287052566680546,287052569396611,3,0.916979,4.058172,9.040505,0.000000,0.000000,0.000000
magnetic_field_uncalibrated,287052574684960,287052576559190,3,16.682001,-17.114000,-150.754013,7.597001,23.228001,-125.220009
gyroscope_uncalibrated,287052574684960,287052576643916,3,-0.013439,0.051924,-0.012217,0.004887,0.003665,0.000000
accelerometer_uncalibrated,287052574684960,287052576669268,3,0.871489,4.060566,9.040505,0.000000,0.000000,0.000000
magnetic_field_uncalibrated,287052582690117,287052585650244,3,16.088001,-17.439001,-149.777008,7.597001,23.228001,-125.220009
gyroscope_uncalibrated,287052582690117,287052585751611,3,-0.003054,0.063530,-0.003054,0.004887,0.003665,0.000000
accelerometer_uncalibrated,287052582690117,287052585990518,3,0.866701,4.053383,8.987833,0.000000,0.000000,0.000000
magnetic_field_uncalibrated,287052590699414,287052592938369,3,16.020000,-16.801001,-148.915009,7.597001,23.228001,-125.219009
gyroscope_uncalibrated,287052590699414,287052593022705,3,0.000000,0.073915,0.010996,0.004887,0.003665,0.000000
accelerometer_uncalibrated,287052590699414,287052593134893,3,0.916979,4.046201,8.978256,0.000000,0.000000,0.000000
magnetic_field_uncalibrated,287052598709375,287052601848955,3,16.055000,-16.251001,-149.134003,7.597001,23.228001,-125.220009
gyroscope_uncalibrated,287052598709375,287052601951299,3,0.000611,0.075747,0.012217,0.004887,0.003665,0.000000
accelerometer_uncalibrated,287052598709375,287052601981963,3,0.948104,4.053383,9.004593,0.000000,0.000000,0.000000
magnetic_field_uncalibrated,287052606713867,287052609098330,3,14.633000,-16.752001,-148.906006,7.597001,23.228001,-125.219009
gyroscope_uncalibrated,287052606713867,287052609190205,3,0.005498,0.077580,0.017715,0.004887,0.003665,0.000000
accelerometer_uncalibrated,287052606713867,287052609226299,3,0.993594,4.065354,9.009381,0.000000,0.000000,0.000000
gyroscope_uncalibrated,287052614717656,287052617855244,3,0.008552,0.075136,0.012828,0.004887,0.003665,0.000000
accelerometer_uncalibrated,287052614717656,287052618473916,3,1.031901,4.079720,8.995016,0.000000,0.000000,0.000000
magnetic_field_uncalibrated,287052614717656,287052618956885,3,14.973001,-16.985001,-147.720001,7.597001,23.228001,-125.220009
magnetic_field_uncalibrated,287052622720585,287052625373994,3,15.831000,-18.000000,-148.045013,7.597001,23.228001,-125.219009
gyroscope_uncalibrated,287052622720585,287052625474658,3,0.010996,0.064752,0.004276,0.004887,0.003665,0.000000
accelerometer_uncalibrated,287052622720585,287052625634541,3,1.005565,4.120421,9.033323,0.000000,0.000000,0.000000
magnetic_field_uncalibrated,287052630724843,287052634122354,3,16.783001,-17.547001,-148.701004,7.597001,23.228001,-125.219009
gyroscope_uncalibrated,287052630724843,287052634548135,3,0.014050,0.048869,0.001222,0.004887,0.003665,0.000000
accelerometer_uncalibrated,287052630724843,287052635311885,3,0.972046,4.139575,9.071630,0.000000,0.000000,0.000000
magnetic_field_uncalibrated,287052638732304,287052641133057,3,16.707001,-16.831001,-149.783005,7.597001,23.228001,-125.219009
gyroscope_uncalibrated,287052638732304,287052641199502,3,0.021991,0.029322,-0.003665,0.004887,0.003665,0.000000
accelerometer_uncalibrated,287052638732304,287052641233799,3,0.976834,4.132392,9.085996,0.000000,0.000000,0.000000
magnetic_field_uncalibrated,287052646737890,287052650377119,3,15.614000,-17.663000,-149.125000,7.597001,23.228001,-125.220009
gyroscope_uncalibrated,287052646737890,287052650779658,3,0.030543,0.024435,-0.003665,0.004887,0.003665,0.000000
accelerometer_uncalibrated,287052646737890,287052653384736,3,0.995988,4.089296,9.014170,0.000000,0.000000,0.000000
magnetic_field_uncalibrated,287052654745000,287052657563447,3,15.869000,-17.447001,-147.832001,7.597001,23.228001,-125.220009
gyroscope_uncalibrated,287052654745000,287052657672549,3,0.029322,0.034208,-0.008552,0.004887,0.003665,0.000000
accelerometer_uncalibrated,287052654745000,287052657702275,3,1.007959,4.074931,8.944737,0.000000,0.000000,0.000000
magnetic_field_uncalibrated,287052662751328,287052666143174,3,16.155001,-16.600000,-148.161011,7.597001,23.228001,-125.219009
gyroscope_uncalibrated,287052662751328,287052666428721,3,0.025656,0.051313,-0.009163,0.004887,0.003665,0.000000
accelerometer_uncalibrated,287052662751328,287052666997783,3,0.979228,4.058172,8.880095,0.000000,0.000000,0.000000
magnetic_field_uncalibrated,287052670756523,287052673023486,3,16.316000,-15.857000,-148.705002,7.597001,23.229002,-125.219009
gyroscope_uncalibrated,287052670756523,287052673094111,3,0.017104,0.062308,-0.008552,0.004887,0.003665,0.000000
accelerometer_uncalibrated,287052670756523,287052673122822,3,0.940921,4.055778,8.851364,0.000000,0.000000,0.000000
magnetic_field_uncalibrated,287052678761875,287052682020869,3,15.706000,-16.284000,-149.023010,7.597001,23.228001,-125.219009
gyroscope_uncalibrated,287052678761875,287052682156768,3,0.012828,0.069639,-0.009163,0.004887,0.003665,0.000000
accelerometer_uncalibrated,287052678761875,287052682203565,3,0.897826,4.067749,8.858546,0.000000,0.000000,0.000000
magnetic_field_uncalibrated,287052686764179,287052689021533,3,15.852001,-17.464001,-150.099014,7.597001,23.228001,-125.220009
gyroscope_uncalibrated,287052686764179,287052689097666,3,0.011606,0.071471,-0.007330,0.004887,0.003665,0.000000
accelerometer_uncalibrated,287052686764179,287052689128408,3,0.881066,4.050989,8.846576,0.000000,0.000000,0.000000
magnetic_field_uncalibrated,287052694767773,287052697186143,3,16.697001,-17.013000,-149.567001,7.597001,23.228001,-125.220009
gyroscope_uncalibrated,287052694767773,287052697288799,3,0.012828,0.070860,-0.001833,0.004887,0.003665,0.000000
accelerometer_uncalibrated,287052694767773,287052697322822,3,0.883460,4.034230,8.834604,0.000000,0.000000,0.000000
magnetic_field_uncalibrated,287052702773515,287052705179190,3,16.409000,-16.213001,-148.596008,7.597001,23.228001,-125.219009
gyroscope_uncalibrated,287052702773515,287052705265049,3,0.016493,0.064752,0.000611,0.004887,0.003665,0.000000
accelerometer_uncalibrated,287052702773515,287052705293330,3,0.871489,4.005499,8.827422,0.000000,0.000000,0.000000
magnetic_field_uncalibrated,287052710780000,287052713773096,3,16.187000,-16.053001,-148.811005,7.597001,23.228001,-125.219009
gyroscope_uncalibrated,287052710780000,287052713892197,3,0.018937,0.057421,0.004887,0.004887,0.003665,0.000000
accelerometer_uncalibrated,287052710780000,287052713925010,3,0.854730,4.031836,8.774749,0.000000,0.000000,0.000000
magnetic_field_uncalibrated,287052718783750,287052721148916,3,15.815001,-16.452002,-148.483002,7.597001,23.229002,-125.219009
gyroscope_uncalibrated,287052718783750,287052721221807,3,0.018937,0.045815,0.009163,0.004887,0.003665,0.000000
accelerometer_uncalibrated,287052718783750,287052721252471,3,0.852336,4.022259,8.755595,0.000000,0.000000,0.000000
magnetic_field_uncalibrated,287052726788320,287052730341768,3,16.132000,-16.966002,-147.944000,7.597001,23.228001,-125.220009
gyroscope_uncalibrated,287052726788320,287052730476807,3,0.017715,0.032376,0.010385,0.004887,0.003665,0.000000
accelerometer_uncalibrated,287052726788320,287052730553565,3,0.857124,4.036624,8.777143,0.000000,0.000000,0.000000
magnetic_field_uncalibrated,287052734792734,287052736779268,3,16.860001,-16.527000,-147.518005,7.597001,23.228001,-125.219009
gyroscope_uncalibrated,287052734792734,287052736853838,3,0.015882,0.016493,0.013439,0.004887,0.003665,0.000000
accelerometer_uncalibrated,287052734792734,287052736886729,3,0.854730,4.050989,8.784326,0.000000,0.000000,0.000000
magnetic_field_uncalibrated,287052742796484,287052745439424,3,15.953001,-16.076000,-148.810013,7.597001,23.228001,-125.220009
gyroscope_uncalibrated,287052742796484,287052745533408,3,0.014661,0.014050,0.013439,0.004887,0.003665,0.000000
accelerometer_uncalibrated,287052742796484,287052745562315,3,0.857124,4.055778,8.774749,0.000000,0.000000,0.000000
magnetic_field_uncalibrated,287052750798671,287052753215166,3,15.396001,-15.763000,-148.591003,7.597001,23.228001,-125.219009
gyroscope_uncalibrated,287052750798671,287052753317197,3,0.014050,0.014661,0.020769,0.004887,0.003665,0.000000
accelerometer_uncalibrated,287052750798671,287052753346611,3,0.864307,4.058172,8.772355,0.000000,0.000000,0.000000
magnetic_field_uncalibrated,287052758802929,287052761266885,3,15.740001,-15.907001,-147.837006,7.597001,23.229002,-125.219009
gyroscope_uncalibrated,287052758802929,287052761359385,3,0.006109,0.018326,0.021991,0.004887,0.003665,0.000000
accelerometer_uncalibrated,287052758802929,287052761416143,3,0.881066,4.060566,8.765172,0.000000,0.000000,0.000000
magnetic_field_uncalibrated,287052766806367,287052769235713,3,15.515000,-15.750001,-148.268005,7.597001,23.228001,-125.219009
gyroscope_uncalibrated,287052766806367,287052769726299,3,-0.002443,0.019548,0.027489,0.004887,0.003665,0.000000
accelerometer_uncalibrated,287052766806367,287052769837627,3,0.909797,4.077325,8.784326,0.000000,0.000000,0.000000
magnetic_field_uncalibrated,287052774808007,287052777111494,3,15.743001,-15.904000,-147.406006,7.597001,23.228001,-125.220009
gyroscope_uncalibrated,287052774808007,287052777199190,3,-0.007941,0.018326,0.027489,0.004887,0.003665,0.000000
accelerometer_uncalibrated,287052774808007,287052777493447,3,0.916979,4.089296,8.796297,0.000000,0.000000,0.000000
magnetic_field_uncalibrated,287052782809687,287052785213916,3,15.555000,-16.844000,-148.696014,7.597001,23.228001,-125.220009
gyroscope_uncalibrated,287052782809687,287052785320986,3,-0.012828,0.012828,0.028100,0.004887,0.003665,0.000000
accelerometer_uncalibrated,287052782809687,287052785358486,3,0.957681,4.118027,8.841787,0.000000,0.000000,0.000000
magnetic_field_uncalibrated,287052790811093,287052793342432,3,15.573001,-16.483002,-149.561005,7.597001,23.228001,-125.219009
gyroscope_uncalibrated,287052790811093,287052793435713,3,-0.014661,0.017715,0.019548,0.004887,0.003665,0.000000
accelerometer_uncalibrated,287052790811093,287052793465400,3,0.969652,4.127604,8.877700,0.000000,0.000000,0.000000
magnetic_field_uncalibrated,287052798811406,287052801390010,3,16.055000,-16.251001,-149.134003,7.597001,23.228001,-125.220009
gyroscope_uncalibrated,287052798811406,287052801505400,3,-0.018937,0.028100,0.013439,0.004887,0.003665,0.000000
accelerometer_uncalibrated,287052798811406,287052801539541,3,0.969652,4.110844,8.899248,0.000000,0.000000,0.000000
magnetic_field_uncalibrated,287052806810898,287052809002940,3,16.424002,-15.941001,-149.029007,7.597001,23.228001,-125.219009
gyroscope_uncalibrated,287052806810898,287052809096572,3,-0.021380,0.035430,0.009774,0.004887,0.003665,0.000000
accelerometer_uncalibrated,287052806810898,287052809122549,3,0.974440,4.096479,8.937555,0.000000,0.000000,0.000000
magnetic_field_uncalibrated,287052814812148,287052816993643,3,16.444000,-15.663001,-148.815002,7.597001,23.228001,-125.220009
gyroscope_uncalibrated,287052814812148,287052817083916,3,-0.019548,0.040928,0.005498,0.004887,0.003665,0.000000
accelerometer_uncalibrated,287052814812148,287052817118643,3,0.938527,4.103662,8.966286,0.000000,0.000000,0.000000
magnetic_field_uncalibrated,287052822812929,287052825268799,3,15.890000,-15.262001,-149.029007,7.597001,23.228001,-125.220009
gyroscope_uncalibrated,287052822812929,287052825349619,3,-0.023213,0.048869,0.007941,0.004887,0.003665,0.000000
accelerometer_uncalibrated,287052822812929,287052825486885,3,0.943315,4.101267,8.961497,0.000000,0.000000,0.000000
magnetic_field_uncalibrated,287052830814179,287052834902549,3,15.815001,-16.452002,-148.375000,7.596000,23.228001,-125.219009
gyroscope_uncalibrated,287052830814179,287052834989893,3,-0.021380,0.056810,0.006720,0.004887,0.003665,0.000000
accelerometer_uncalibrated,287052830814179,287052835150283,3,0.943315,4.084508,9.009381,0.000000,0.000000,0.000000
magnetic_field_uncalibrated,287052838811367,287052840878994,3,15.519001,-17.395000,-148.693008,7.597001,23.229002,-125.219009
gyroscope_uncalibrated,287052838811367,287052840950869,3,-0.018937,0.066584,0.005498,0.004887,0.003665,0.000000
accelerometer_uncalibrated,287052838811367,287052841042588,3,0.933739,4.094085,9.074024,0.000000,0.000000,0.000000
magnetic_field_uncalibrated,287052846808906,287052849181533,3,16.260000,-16.686001,-148.917007,7.597001,23.228001,-125.219009
gyroscope_uncalibrated,287052846808906,287052849281338,3,-0.007941,0.072082,0.006109,0.004887,0.003665,0.000000
accelerometer_uncalibrated,287052846808906,287052849556533,3,0.909797,4.094085,9.100361,0.000000,0.000000,0.000000
magnetic_field_uncalibrated,287052854807812,287052856860986,3,16.886002,-16.157001,-147.196014,7.596000,23.228001,-125.219009
gyroscope_uncalibrated,287052854807812,287052856932588,3,0.004887,0.076969,0.003665,0.004887,0.003665,0.000000
accelerometer_uncalibrated,287052854807812,287052856959268,3,0.883460,4.101267,9.121908,0.000000,0.000000,0.000000
magnetic_field_uncalibrated,287052862805742,287052865503955,3,16.549002,-15.921000,-147.951004,7.597001,23.228001,-125.220009
gyroscope_uncalibrated,287052862805742,287052865595596,3,0.010996,0.081856,0.002443,0.004887,0.003665,0.000000
accelerometer_uncalibrated,287052862805742,287052865628447,3,0.888249,4.096479,9.126697,0.000000,0.000000,0.000000
magnetic_field_uncalibrated,287052870807812,287052872940127,3,15.912001,-16.632000,-149.455002,7.597001,23.228001,-125.220009
gyroscope_uncalibrated,287052870807812,287052873013252,3,0.023213,0.094684,0.004276,0.004887,0.003665,0.000000
accelerometer_uncalibrated,287052870807812,287052873040947,3,0.869095,4.074931,9.131485,0.000000,0.000000,0.000000
magnetic_field_uncalibrated,287052878807890,287052881967900,3,15.870001,-17.275002,-149.344009,7.597001,23.228001,-125.220009
gyroscope_uncalibrated,287052878807890,287052882078799,3,0.030543,0.099571,0.005498,0.004887,0.003665,0.000000
accelerometer_uncalibrated,287052878807890,287052882111768,3,0.828394,4.070143,9.169792,0.000000,0.000000,0.000000
magnetic_field_uncalibrated,287052886808867,287052889789893,3,16.850000,-18.100000,-150.427002,7.597001,23.228001,-125.220009
gyroscope_uncalibrated,287052886808867,287052889880635,3,0.042150,0.100182,0.012828,0.004887,0.003665,0.000000
accelerometer_uncalibrated,287052886808867,287052889908525,3,0.816423,4.077325,9.186552,0.000000,0.000000,0.000000
magnetic_field_uncalibrated,287052894811718,287052901520127,3,16.806002,-18.659000,-151.396011,7.597001,23.228001,-125.220009
gyroscope_uncalibrated,287052894811718,287052901600518,3,0.050091,0.102625,0.017715,0.004887,0.003665,0.000000
accelerometer_uncalibrated,287052894811718,287052901632783,3,0.828394,4.084508,9.181764,0.000000,0.000000,0.000000
magnetic_field_uncalibrated,287052902813789,287052905670635,3,15.516001,-17.141001,-151.501007,7.597001,23.228001,-125.219009
gyroscope_uncalibrated,287052902813789,287052905740010,3,0.060476,0.113010,0.018326,0.004887,0.003665,0.000000
accelerometer_uncalibrated,287052902813789,287052905766611,3,0.900220,4.094085,9.162610,0.000000,0.000000,0.000000
magnetic_field_uncalibrated,287052910815546,287052913593565,3,15.685000,-16.477001,-150.210007,7.597001,23.228001,-125.220009
gyroscope_uncalibrated,287052910815546,287052913692158,3,0.070860,0.125227,0.014050,0.004887,0.003665,0.000000
accelerometer_uncalibrated,287052910815546,287052913721846,3,0.928950,4.103662,9.153033,0.000000,0.000000,0.000000
magnetic_field_uncalibrated,287052918818203,287052921825361,3,16.833000,-16.897001,-147.841003,7.597001,23.228001,-125.220009
gyroscope_uncalibrated,287052918818203,287052921889932,3,0.078191,0.139277,0.009163,0.004887,0.003665,0.000000
accelerometer_uncalibrated,287052918818203,287052921916650,3,0.928950,4.129998,9.114726,0.000000,0.000000,0.000000
magnetic_field_uncalibrated,287052926815859,287052929948486,3,16.848001,-16.796001,-146.653000,7.597001,23.229002,-125.219009
gyroscope_uncalibrated,287052926815859,287052930065205,3,0.086132,0.150273,0.001222,0.004887,0.003665,0.000000
accelerometer_uncalibrated,287052926815859,287052930097510,3,0.912191,4.134786,9.078813,0.000000,0.000000,0.000000
magnetic_field_uncalibrated,287052934815585,287052937722705,3,15.491001,-17.938002,-147.503006,7.597001,23.228001,-125.219009
gyroscope_uncalibrated,287052934815585,287052938066690,3,0.089186,0.156382,-0.004887,0.004887,0.003665,0.000000
accelerometer_uncalibrated,287052934815585,287052938195205,3,0.895431,4.139575,9.064447,0.000000,0.000000,0.000000
magnetic_field_uncalibrated,287052942815156,287052945689072,3,15.788001,-16.822001,-148.806000,7.597001,23.229002,-125.220009
gyroscope_uncalibrated,287052942815156,287052945752900,3,0.094684,0.163101,-0.008552,0.004887,0.003665,0.000000
accelerometer_uncalibrated,287052942815156,287052945781221,3,0.837971,4.127604,9.045294,0.000000,0.000000,0.000000
magnetic_field_uncalibrated,287052950818242,287052953748525,3,16.291000,-16.226000,-148.811005,7.597001,23.228001,-125.219009
gyroscope_uncalibrated,287052950818242,287052953816768,3,0.100182,0.165544,-0.009163,0.004887,0.003665,0.000000
accelerometer_uncalibrated,287052950818242,287052953845869,3,0.797269,4.103662,9.038112,0.000000,0.000000,0.000000
magnetic_field_uncalibrated,287052958820039,287052962038018,3,16.369001,-16.854000,-148.269012,7.597001,23.228001,-125.219009
gyroscope_uncalibrated,287052958820039,287052962118447,3,0.105680,0.169821,-0.008552,0.004887,0.003665,0.000000
accelerometer_uncalibrated,287052958820039,287052962155479,3,0.770933,4.089296,9.009381,0.000000,0.000000,0.000000
magnetic_field_uncalibrated,287052966820703,287052970783057,3,17.013000,-15.793001,-149.142014,7.597001,23.228001,-125.220009
gyroscope_uncalibrated,287052966820703,287052971281260,3,0.108734,0.174097,-0.003054,0.004887,0.003665,0.000000
accelerometer_uncalibrated,287052966820703,287052972047393,3,0.727837,4.091691,8.961497,0.000000,0.000000,0.000000
magnetic_field_uncalibrated,287052974826406,287052977409541,3,16.917002,-15.526001,-148.818008,7.597001,23.228001,-125.219009
gyroscope_uncalibrated,287052974826406,287052977571807,3,0.114843,0.165544,0.002443,0.004887,0.003665,0.000000
accelerometer_uncalibrated,287052974826406,287052977695010,3,0.675165,4.120421,8.951921,0.000000,0.000000,0.000000
magnetic_field_uncalibrated,287052982831054,287052985902666,3,17.343000,-16.036001,-149.359009,7.597001,23.228001,-125.220009
gyroscope_uncalibrated,287052982831054,287052986297041,3,0.119730,0.147829,0.004276,0.004887,0.003665,0.000000
accelerometer_uncalibrated,287052982831054,287052987105791,3,0.632069,4.106056,8.978256,0.000000,0.000000,0.000000
magnetic_field_uncalibrated,287052990833125,287052993500674,3,16.937000,-16.898001,-149.461014,7.597001,23.228001,-125.220009
gyroscope_uncalibrated,287052990833125,287052993568525,3,0.131336,0.128893,0.005498,0.004887,0.003665,0.000000
accelerometer_uncalibrated,287052990833125,287052993593525,3,0.627281,4.098873,8.944737,0.000000,0.000000,0.000000
magnetic_field_uncalibrated,287052998834609,287053006091611,3,16.228001,-17.146000,-149.023010,7.597001,23.228001,-125.220009
gyroscope_uncalibrated,287052998834609,287053006188369,3,0.141110,0.122173,0.013439,0.004887,0.003665,0.000000
accelerometer_uncalibrated,287052998834609,287053006225518,3,0.615310,4.103662,8.899248,0.000000,0.000000,0.000000
magnetic_field_uncalibrated,287053006837773,287053010390830,3,16.328001,-17.237001,-150.427002,7.597001,23.229002,-125.220009
gyroscope_uncalibrated,287053006837773,287053010469893,3,0.144164,0.122784,0.017104,0.004887,0.003665,0.000000
accelerometer_uncalibrated,287053006837773,287053010494932,3,0.600945,4.091691,8.793902,0.000000,0.000000,0.000000
magnetic_field_uncalibrated,287053014842148,287053017548838,3,16.339001,-17.227001,-149.023010,7.597001,23.228001,-125.219009
gyroscope_uncalibrated,287053014842148,287053017607393,3,0.137445,0.120951,0.026267,0.004887,0.003665,0.000000
accelerometer_uncalibrated,287053014842148,287053017634229,3,0.584185,4.089296,8.700529,0.000000,0.000000,0.000000
magnetic_field_uncalibrated,287053022845312,287053025514815,3,16.466002,-17.033001,-149.241013,7.597001,23.229002,-125.220009
gyroscope_uncalibrated,287053022845312,287053025594541,3,0.127060,0.123395,0.037874,0.004887,0.003665,0.000000
accelerometer_uncalibrated,287053022845312,287053025628057,3,0.608127,4.101267,8.645462,0.000000,0.000000,0.000000
magnetic_field_uncalibrated,287053030848593,287053034017744,3,16.509001,-16.390001,-149.244003,7.597001,23.228001,-125.220009
gyroscope_uncalibrated,287053030848593,287053034098760,3,0.116064,0.125838,0.048258,0.004887,0.003665,0.000000
accelerometer_uncalibrated,287053030848593,287053034128955,3,0.653617,4.115633,8.616732,0.000000,0.000000,0.000000
magnetic_field_uncalibrated,287053038851718,287053041622666,3,17.043001,-15.506001,-147.632004,7.597001,23.228001,-125.220009
gyroscope_uncalibrated,287053038851718,287053041690400,3,0.105069,0.122173,0.049480,0.004887,0.003665,0.000000
accelerometer_uncalibrated,287053038851718,287053041717822,3,0.672771,4.129998,8.585608,0.000000,0.000000,0.000000
magnetic_field_uncalibrated,287053046854414,287053049840752,3,16.462000,-17.038000,-149.781006,7.597001,23.228001,-125.220009
gyroscope_uncalibrated,287053046854414,287053049908330,3,0.093462,0.118508,0.048258,0.004887,0.003665,0.000000
accelerometer_uncalibrated,287053046854414,287053049937861,3,0.670376,4.158728,8.559271,0.000000,0.000000,0.000000
magnetic_field_uncalibrated,287053054856953,287053057263604,3,16.104000,-17.251001,-149.238007,7.597001,23.228001,-125.220009
gyroscope_uncalibrated,287053054856953,287053057347432,3,0.081245,0.108734,0.047037,0.004887,0.003665,0.000000
accelerometer_uncalibrated,287053054856953,287053057384658,3,0.663194,4.177882,8.552089,0.000000,0.000000,0.000000
magnetic_field_uncalibrated,287053062858476,287053065696338,3,17.462000,-16.280001,-146.660004,7.597001,23.229002,-125.220009
gyroscope_uncalibrated,287053062858476,287053065767861,3,0.070860,0.086743,0.042150,0.004887,0.003665,0.000000
accelerometer_uncalibrated,287053062858476,287053065791650,3,0.620098,4.199430,8.573636,0.000000,0.000000,0.000000
magnetic_field_uncalibrated,287053070862656,287053073303096,3,17.197001,-16.592001,-148.384003,7.597001,23.228001,-125.220009
gyroscope_uncalibrated,287053070862656,287053073671572,3,0.061697,0.068417,0.043371,0.004887,0.003665,0.000000
accelerometer_uncalibrated,287053070862656,287053074094190,3,0.577003,4.192247,8.566454,0.000000,0.000000,0.000000
magnetic_field_uncalibrated,287053078866132,287053081624580,3,17.067001,-16.616001,-150.110001,7.597001,23.228001,-125.219009
gyroscope_uncalibrated,287053078866132,287053081697588,3,0.053145,0.047647,0.046426,0.004887,0.003665,0.000000
accelerometer_uncalibrated,287053078866132,287053081718955,3,0.541090,4.194642,8.544906,0.000000,0.000000,0.000000
magnetic_field_uncalibrated,287053086867148,287053089153799,3,16.771000,-17.645000,-149.564011,7.597001,23.228001,-125.219009
gyroscope_uncalibrated,287053086867148,287053089243018,3,0.042761,0.031154,0.056810,0.004887,0.003665,0.000000
accelerometer_uncalibrated,287053086867148,287053089270713,3,0.567426,4.165911,8.597578,0.000000,0.000000,0.000000
magnetic_field_uncalibrated,287053094867890,287053096993252,3,15.623001,-17.653002,-147.829010,7.596000,23.229002,-125.219009
gyroscope_uncalibrated,287053094867890,287053097077588,3,0.037874,0.022602,0.065363,0.004887,0.003665,0.000000
accelerometer_uncalibrated,287053094867890,287053097106299,3,0.629675,4.165911,8.640674,0.000000,0.000000,0.000000
magnetic_field_uncalibrated,287053102868203,287053104978525,3,16.510000,-16.475000,-148.272003,7.597001,23.228001,-125.220009
gyroscope_uncalibrated,287053102868203,287053105062744,3,0.036041,0.029932,0.064752,0.004887,0.003665,0.000000
accelerometer_uncalibrated,287053102868203,287053105095518,3,0.675165,4.192247,8.657434,0.000000,0.000000,0.000000
magnetic_field_uncalibrated,287053110870078,287053113039424,3,16.455000,-17.130001,-149.888000,7.597001,23.228001,-125.219009
gyroscope_uncalibrated,287053110870078,287053113119932,3,0.031154,0.039706,0.063530,0.004887,0.003665,0.000000
accelerometer_uncalibrated,287053110870078,287053113146768,3,0.711078,4.218584,8.678981,0.000000,0.000000,0.000000
magnetic_field_uncalibrated,287053118873476,287053121582940,3,16.313002,-17.595001,-149.130005,7.596000,23.228001,-125.220009
gyroscope_uncalibrated,287053118873476,287053121661338,3,0.028100,0.049480,0.059254,0.004887,0.003665,0.000000
accelerometer_uncalibrated,287053118873476,287053121689072,3,0.727837,4.256891,8.710106,0.000000,0.000000,0.000000
magnetic_field_uncalibrated,287053126875390,287053129040244,3,18.311001,-17.303001,-147.957001,7.596000,23.228001,-125.220009
gyroscope_uncalibrated,287053126875390,287053129107783,3,0.023213,0.048258,0.058032,0.004887,0.003665,0.000000
accelerometer_uncalibrated,287053126875390,287053129126494,3,0.739808,4.256891,8.695741,0.000000,0.000000,0.000000
magnetic_field_uncalibrated,287053134878554,287053136970674,3,19.276001,-16.838001,-147.101013,7.597001,23.228001,-125.219009
gyroscope_uncalibrated,287053134878554,287053137047119,3,0.013439,0.047647,0.054978,0.004887,0.003665,0.000000
accelerometer_uncalibrated,287053134878554,287053137079346,3,0.756568,4.283227,8.693346,0.000000,0.000000,0.000000
magnetic_field_uncalibrated,287053142880156,287053145164775,3,18.158001,-16.130001,-147.853012,7.596000,23.228001,-125.220009
gyroscope_uncalibrated,287053142880156,287053145253486,3,0.005498,0.048258,0.053145,0.004887,0.003665,0.000000
accelerometer_uncalibrated,287053142880156,287053145286885,3,0.761356,4.307169,8.702923,0.000000,0.000000,0.000000
magnetic_field_uncalibrated,287053150881601,287053153330752,3,17.078001,-16.605001,-148.707001,7.597001,23.229002,-125.219009
gyroscope_uncalibrated,287053150881601,287053153435986,3,-0.000611,0.048869,0.047647,0.004887,0.003665,0.000000
accelerometer_uncalibrated,287053150881601,287053153525049,3,0.718261,4.302381,8.734048,0.000000,0.000000,0.000000
magnetic_field_uncalibrated,287053158885429,287053161181494,3,17.158001,-17.145000,-148.597000,7.596000,23.228001,-125.219009
gyroscope_uncalibrated,287053158885429,287053161258096,3,-0.003665,0.039706,0.047037,0.004887,0.003665,0.000000
accelerometer_uncalibrated,287053158885429,287053161307705,3,0.701501,4.309563,8.762778,0.000000,0.000000,0.000000
magnetic_field_uncalibrated,287053166887890,287053169474502,3,17.265001,-17.143002,-149.894012,7.597001,23.228001,-125.220009
gyroscope_uncalibrated,287053166887890,287053169618877,3,-0.007941,0.020159,0.047037,0.004887,0.003665,0.000000
accelerometer_uncalibrated,287053166887890,287053169678330,3,0.684742,4.290410,8.827422,0.000000,0.000000,0.000000
magnetic_field_uncalibrated,287053174888359,287053177674736,3,17.514000,-16.933001,-149.464005,7.597001,23.229002,-125.219009
gyroscope_uncalibrated,287053174888359,287053177856416,3,-0.008552,0.008552,0.050091,0.004887,0.003665,0.000000
accelerometer_uncalibrated,287053174888359,287053177948760,3,0.718261,4.280833,8.884883,0.000000,0.000000,0.000000
magnetic_field_uncalibrated,287053182890000,287053185528994,3,17.085001,-16.512001,-148.492004,7.596000,23.228001,-125.220009
gyroscope_uncalibrated,287053182890000,287053185940322,3,0.000000,-0.002443,0.048258,0.004887,0.003665,0.000000
accelerometer_uncalibrated,287053182890000,287053186018096,3,0.763750,4.259285,8.942344,0.000000,0.000000,0.000000
magnetic_field_uncalibrated,287053190895898,287053193534619,3,17.114000,-16.227001,-147.197006,7.597001,23.228001,-125.219009
gyroscope_uncalibrated,287053190895898,287053193709502,3,0.006720,0.000611,0.045204,0.004887,0.003665,0.000000
accelerometer_uncalibrated,287053190895898,287053193797315,3,0.818817,4.240131,8.997410,0.000000,0.000000,0.000000
magnetic_field_uncalibrated,287053198900898,287053201839424,3,16.117001,-17.324001,-146.646011,7.597001,23.228001,-125.219009
gyroscope_uncalibrated,287053198900898,287053202029775,3,0.017104,0.004276,0.038485,0.004887,0.003665,0.000000
accelerometer_uncalibrated,287053198900898,287053202114541,3,0.833182,4.261679,9.030929,0.000000,0.000000,0.000000
magnetic_field_uncalibrated,287053206905468,287053209695479,3,15.728001,-17.826000,-147.829010,7.597001,23.228001,-125.219009
gyroscope_uncalibrated,287053206905468,287053209874697,3,0.022602,0.010996,0.029322,0.004887,0.003665,0.000000
accelerometer_uncalibrated,287053206905468,287053209956143,3,0.847547,4.288015,9.033323,0.000000,0.000000,0.000000
magnetic_field_uncalibrated,287053214909570,287053217775947,3,16.673000,-17.552000,-147.837006,7.597001,23.228001,-125.220009
gyroscope_uncalibrated,287053214909570,287053217945635,3,0.026267,0.024435,0.020769,0.004887,0.003665,0.000000
accelerometer_uncalibrated,287053214909570,287053218020947,3,0.852336,4.292804,9.023746,0.000000,0.000000,0.000000
magnetic_field_uncalibrated,287053222911210,287053225180596,3,16.222000,-17.410002,-147.402008,7.597001,23.228001,-125.219009
gyroscope_uncalibrated,287053222911210,287053225327705,3,0.033598,0.051313,0.012828,0.004887,0.003665,0.000000
accelerometer_uncalibrated,287053222911210,287053225382354,3,0.849942,4.271256,9.014170,0.000000,0.000000,0.000000
magnetic_field_uncalibrated,287053230916992,287053234080088,3,15.690001,-16.730001,-147.186005,7.597001,23.228001,-125.220009
gyroscope_uncalibrated,287053230916992,287053234251690,3,0.040928,0.075136,0.005498,0.004887,0.003665,0.000000
accelerometer_uncalibrated,287053230916992,287053234347627,3,0.828394,4.259285,8.963891,0.000000,0.000000,0.000000
magnetic_field_uncalibrated,287053238922929,287053241901494,3,15.397000,-17.583000,-147.720001,7.597001,23.228001,-125.219009
gyroscope_uncalibrated,287053238922929,287053242065479,3,0.041539,0.087965,0.001833,0.004887,0.003665,0.000000
accelerometer_uncalibrated,287053238922929,287053242220088,3,0.778116,4.259285,8.949526,0.000000,0.000000,0.000000
magnetic_field_uncalibrated,287053246928789,287053251587432,3,16.086000,-17.784000,-146.752014,7.597001,23.228001,-125.219009
gyroscope_uncalibrated,287053246928789,287053252106572,3,0.040928,0.087965,0.000000,0.004887,0.003665,0.000000
accelerometer_uncalibrated,287053246928789,287053252229424,3,0.725443,4.280833,8.911219,0.000000,0.000000,0.000000
magnetic_field_uncalibrated,287053254932656,287053257423057,3,17.237001,-17.772001,-147.948013,7.597001,23.228001,-125.220009
gyroscope_uncalibrated,287053254932656,287053257590010,3,0.043982,0.075747,0.004887,0.004887,0.003665,0.000000
accelerometer_uncalibrated,287053254932656,287053257672549,3,0.713472,4.280833,8.913613,0.000000,0.000000,0.000000
magnetic_field_uncalibrated,287053262936367,287053267941611,3,16.837000,-18.542002,-148.158005,7.597001,23.228001,-125.220009
gyroscope_uncalibrated,287053262936367,287053268149150,3,0.050702,0.054978,0.005498,0.004887,0.003665,0.000000
accelerometer_uncalibrated,287053262936367,287053268243252,3,0.723049,4.259285,8.923190,0.000000,0.000000,0.000000
magnetic_field_uncalibrated,287053270941484,287053273499229,3,16.249001,-16.954000,-147.944000,7.597001,23.229002,-125.219009
gyroscope_uncalibrated,287053270941484,287053273637549,3,0.062919,0.026878,0.006720,0.004887,0.003665,0.000000
accelerometer_uncalibrated,287053270941484,287053273707822,3,0.708684,4.268862,9.009381,0.000000,0.000000,0.000000
magnetic_field_uncalibrated,287053278948906,287053282681104,3,17.298000,-15.032001,-148.715012,7.597001,23.228001,-125.219009
gyroscope_uncalibrated,287053278948906,287053282891572,3,0.077580,0.011606,0.003665,0.004887,0.003665,0.000000
accelerometer_uncalibrated,287053278948906,287053283040283,3,0.742203,4.276044,9.004593,0.000000,0.000000,0.000000
magnetic_field_uncalibrated,287053286957031,287053289836494,3,17.463001,-16.021000,-148.820007,7.596000,23.228001,-125.220009
gyroscope_uncalibrated,287053286957031,287053290030557,3,0.093462,0.001222,-0.001222,0.004887,0.003665,0.000000
accelerometer_uncalibrated,287053286957031,287053290126260,3,0.761356,4.273650,8.966286,0.000000,0.000000,0.000000
magnetic_field_uncalibrated,287053294964687,287053299580244,3,16.639000,-17.843000,-149.887009,7.597001,23.228001,-125.220009
gyroscope_uncalibrated,287053294964687,287053300497900,3,0.107512,0.003054,-0.012828,0.004887,0.003665,0.000000
accelerometer_uncalibrated,287053294964687,287053300688408,3,0.763750,4.256891,8.892065,0.000000,0.000000,0.000000
magnetic_field_uncalibrated,287053302969804,287053306007666,3,16.296001,-17.956001,-148.156006,7.597001,23.228001,-125.219009
gyroscope_uncalibrated,287053302969804,287053306143955,3,0.109956,0.011606,-0.017104,0.004887,0.003665,0.000000
accelerometer_uncalibrated,287053302969804,287053306209658,3,0.725443,4.288015,8.786720,0.000000,0.000000,0.000000
magnetic_field_uncalibrated,287053310971992,287053318581221,3,16.474001,-17.112001,-147.405014,7.597001,23.228001,-125.219009
gyroscope_uncalibrated,287053310971992,287053318675400,3,0.121562,0.047647,-0.021380,0.004887,0.003665,0.000000
accelerometer_uncalibrated,287053310971992,287053318806690,3,0.682347,4.232949,8.564059,0.000000,0.000000,0.000000
magnetic_field_uncalibrated,287053318972382,287053321836650,3,17.195002,-16.765001,-146.980011,7.597001,23.228001,-125.220009
gyroscope_uncalibrated,287053318972382,287053321907822,3,0.103236,0.039095,-0.026267,0.004887,0.003665,0.000000
accelerometer_uncalibrated,287053318972382,287053321935049,3,0.560243,4.304775,8.406042,0.000000,0.000000,0.000000
magnetic_field_uncalibrated,287053326974062,287053329273135,3,16.356001,-17.296001,-146.000000,7.597001,23.228001,-125.219009
gyroscope_uncalibrated,287053326974062,287053329345479,3,0.056200,-0.002443,-0.009163,0.004887,0.003665,0.000000
accelerometer_uncalibrated,287053326974062,287053329374932,3,0.459687,4.352659,8.269572,0.000000,0.000000,0.000000
magnetic_field_uncalibrated,287053334979101,287053337125557,3,15.444001,-17.022001,-146.427002,7.597001,23.228001,-125.219009
gyroscope_uncalibrated,287053334979101,287053337505361,3,0.021380,-0.015882,0.003054,0.004887,0.003665,0.000000
accelerometer_uncalibrated,287053334979101,287053337662510,3,0.519542,4.340688,8.250419,0.000000,0.000000,0.000000
magnetic_field_uncalibrated,287053342982460,287053345182627,3,15.604001,-16.367001,-146.323013,7.597001,23.228001,-125.219009
gyroscope_uncalibrated,287053342982460,287053345264307,3,-0.011606,-0.021991,0.010996,0.004887,0.003665,0.000000
accelerometer_uncalibrated,287053342982460,287053345293408,3,0.639252,4.304775,8.360553,0.000000,0.000000,0.000000
magnetic_field_uncalibrated,287053350987890,287053353116260,3,16.110001,-17.416000,-146.754013,7.596000,23.228001,-125.220009
gyroscope_uncalibrated,287053350987890,287053353194268,3,-0.037874,-0.029932,0.004887,0.004887,0.003665,0.000000
accelerometer_uncalibrated,287053350987890,287053353221221,3,0.696713,4.283227,8.458714,0.000000,0.000000,0.000000
magnetic_field_uncalibrated,287053358992382,287053361218408,3,15.740001,-17.642000,-147.830002,7.597001,23.228001,-125.219009
gyroscope_uncalibrated,287053358992382,287053361310400,3,-0.055589,-0.020769,-0.005498,0.004887,0.003665,0.000000
accelerometer_uncalibrated,287053358992382,287053361340635,3,0.718261,4.292804,8.561666,0.000000,0.000000,0.000000
magnetic_field_uncalibrated,287053366996093,287053369363369,3,16.034000,-16.787001,-147.080002,7.597001,23.228001,-125.220009
gyroscope_uncalibrated,287053366996093,287053369453604,3,-0.061087,-0.004887,-0.012217,0.004887,0.003665,0.000000
accelerometer_uncalibrated,287053366996093,287053369479932,3,0.713472,4.319140,8.705317,0.000000,0.000000,0.000000
magnetic_field_uncalibrated,287053375000117,287053376589815,3,15.681001,-16.910002,-146.753006,7.597001,23.228001,-125.219009
gyroscope_uncalibrated,287053375000117,287053376650166,3,-0.064752,0.021991,-0.020769,0.004887,0.003665,0.000000
accelerometer_uncalibrated,287053375000117,287053377275752,3,0.723049,4.299986,8.870518,0.000000,0.000000,0.000000
magnetic_field_uncalibrated,287053383002851,287053385323760,3,15.245001,-16.238001,-149.128006,7.597001,23.228001,-125.219009
gyroscope_uncalibrated,287053383002851,287053385413721,3,-0.051924,0.066584,-0.028100,0.004887,0.003665,0.000000
accelerometer_uncalibrated,287053383002851,287053385448486,3,0.703895,4.244920,8.997410,0.000000,0.000000,0.000000
magnetic_field_uncalibrated,287053391007226,287053394089580,3,16.171001,-16.240002,-149.242004,7.597001,23.229002,-125.219009
gyroscope_uncalibrated,287053391007226,287053394183760,3,-0.034819,0.102625,-0.038485,0.004887,0.003665,0.000000
accelerometer_uncalibrated,287053391007226,287053394217197,3,0.644040,4.194642,9.105149,0.000000,0.000000,0.000000
magnetic_field_uncalibrated,287053399010703,287053403382080,3,15.974001,-16.056002,-146.111008,7.597001,23.228001,-125.220009
gyroscope_uncalibrated,287053399010703,287053403821299,3,-0.009163,0.145997,-0.039095,0.004887,0.003665,0.000000
accelerometer_uncalibrated,287053399010703,287053403917002,3,0.574608,4.206613,9.109938,0.000000,0.000000,0.000000
magnetic_field_uncalibrated,287053407017382,287053409978018,3,16.770000,-16.340000,-145.575012,7.597001,23.228001,-125.219009
gyroscope_uncalibrated,287053407017382,287053410074346,3,0.000611,0.167988,-0.020159,0.004887,0.003665,0.000000
accelerometer_uncalibrated,287053407017382,287053410108682,3,0.505177,4.261679,9.047688,0.000000,0.000000,0.000000
magnetic_field_uncalibrated,287053415018437,287053419047471,3,17.600000,-17.639000,-147.087006,7.597001,23.229002,-125.220009
gyroscope_uncalibrated,287053415018437,287053419377315,3,-0.003054,0.152105,-0.003054,0.004887,0.003665,0.000000
accelerometer_uncalibrated,287053415018437,287053419512080,3,0.471658,4.280833,9.002198,0.000000,0.000000,0.000000
magnetic_field_uncalibrated,287053423021679,287053426279463,3,17.252001,-17.414001,-149.245010,7.597001,23.228001,-125.220009
gyroscope_uncalibrated,287053423021679,287053426366846,3,-0.003054,0.117286,0.007330,0.004887,0.003665,0.000000
accelerometer_uncalibrated,287053423021679,287053426428877,3,0.469264,4.297592,9.054871,0.000000,0.000000,0.000000
magnetic_field_uncalibrated,287053431027539,287053433452549,3,17.723001,-17.364000,-148.600006,7.597001,23.228001,-125.219009
gyroscope_uncalibrated,287053431027539,287053433535869,3,0.001833,0.053756,0.018326,0.004887,0.003665,0.000000
accelerometer_uncalibrated,287053431027539,287053433562900,3,0.464475,4.347870,9.114726,0.000000,0.000000,0.000000
magnetic_field_uncalibrated,287053439031796,287053443102315,3,17.198000,-16.763000,-146.656006,7.597001,23.228001,-125.220009
gyroscope_uncalibrated,287053439031796,287053443198525,3,0.018326,-0.008552,0.020769,0.004887,0.003665,0.000000
accelerometer_uncalibrated,287053439031796,287053443233721,3,0.474052,4.364630,9.095572,0.000000,0.000000,0.000000
magnetic_field_uncalibrated,287053447033867,287053449677197,3,16.126001,-16.971001,-148.699005,7.597001,23.229002,-125.219009
gyroscope_uncalibrated,287053447033867,287053449760869,3,0.028711,-0.036652,0.025045,0.004887,0.003665,0.000000
accelerometer_uncalibrated,287053447033867,287053449788096,3,0.493206,4.347870,9.011775,0.000000,0.000000,0.000000
magnetic_field_uncalibrated,287053455035312,287053457125244,3,16.402000,-17.955000,-149.561005,7.597001,23.228001,-125.220009
gyroscope_uncalibrated,287053455035312,287053457198174,3,0.031765,-0.042150,0.025045,0.004887,0.003665,0.000000
accelerometer_uncalibrated,287053455035312,287053457219971,3,0.557849,4.304775,8.935161,0.000000,0.000000,0.000000
magnetic_field_uncalibrated,287053463038984,287053465391494,3,16.261002,-18.420000,-148.802002,7.597001,23.228001,-125.220009
gyroscope_uncalibrated,287053463038984,287053465467080,3,0.031765,-0.028100,0.027489,0.004887,0.003665,0.000000
accelerometer_uncalibrated,287053463038984,287053465487471,3,0.596156,4.268862,8.848969,0.000000,0.000000,0.000000
magnetic_field_uncalibrated,287053471044140,287053475016182,3,17.017000,-17.524000,-148.703003,7.597001,23.228001,-125.220009
gyroscope_uncalibrated,287053471044140,287053475077588,3,0.026267,-0.003665,0.028711,0.004887,0.003665,0.000000
accelerometer_uncalibrated,287053471044140,287053475315713,3,0.639252,4.232949,8.791509,0.000000,0.000000,0.000000
magnetic_field_uncalibrated,287053479052265,287053481376924,3,17.517000,-16.931002,-149.140015,7.597001,23.228001,-125.219009
gyroscope_uncalibrated,287053479052265,287053481444775,3,0.021991,0.022602,0.028711,0.004887,0.003665,0.000000
accelerometer_uncalibrated,287053479052265,287053481461221,3,0.648829,4.223372,8.769960,0.000000,0.000000,0.000000
magnetic_field_uncalibrated,287053487056289,287053489804033,3,16.475000,-18.674002,-148.910004,7.597001,23.228001,-125.219009
gyroscope_uncalibrated,287053487056289,287053489880557,3,0.021380,0.037874,0.025045,0.004887,0.003665,0.000000
accelerometer_uncalibrated,287053487056289,287053489991455,3,0.670376,4.204218,8.743625,0.000000,0.000000,0.000000
magnetic_field_uncalibrated,287053495057187,287053497390986,3,15.839001,-19.555000,-148.579010,7.597001,23.228001,-125.220009
gyroscope_uncalibrated,287053495057187,287053497467549,3,0.025656,0.052534,0.020159,0.004887,0.003665,0.000000
accelerometer_uncalibrated,287053495057187,287053497487940,3,0.658405,4.204218,8.700529,0.000000,0.000000,0.000000
magnetic_field_uncalibrated,287053503059296,287053505502627,3,16.088001,-19.259001,-148.905014,7.596000,23.228001,-125.219009
gyroscope_uncalibrated,287053503059296,287053505572119,3,0.028711,0.055589,0.016493,0.004887,0.003665,0.000000
accelerometer_uncalibrated,287053503059296,287053505594229,3,0.651223,4.209007,8.628703,0.000000,0.000000,0.000000
magnetic_field_uncalibrated,287053511061367,287053514089268,3,15.889001,-18.647001,-150.094009,7.597001,23.228001,-125.219009
gyroscope_uncalibrated,287053511061367,287053514165713,3,0.029322,0.048869,0.015882,0.004887,0.003665,0.000000
accelerometer_uncalibrated,287053511061367,287053514395361,3,0.634463,4.228160,8.580819,0.000000,0.000000,0.000000
magnetic_field_uncalibrated,287053519067070,287053521422822,3,16.234001,-18.618000,-150.744003,7.597001,23.228001,-125.219009
gyroscope_uncalibrated,287053519067070,287053521480869,3,0.029322,0.030543,0.014661,0.004887,0.003665,0.000000
accelerometer_uncalibrated,287053519067070,287053521499815,3,0.651223,4.242526,8.568848,0.000000,0.000000,0.000000
magnetic_field_uncalibrated,287053527072968,287053533526299,3,17.034000,-18.899000,-149.669006,7.597001,23.228001,-125.220009
gyroscope_uncalibrated,287053527072968,287053534168643,3,0.027489,0.004276,0.009774,0.004887,0.003665,0.000000
accelerometer_uncalibrated,287053527072968,287053535178643,3,0.648829,4.268862,8.554482,0.000000,0.000000,0.000000
magnetic_field_uncalibrated,287053535078007,287053537294463,3,15.520000,-19.043001,-149.334000,7.597001,23.228001,-125.219009
gyroscope_uncalibrated,287053535078007,287053537325908,3,0.023213,-0.022602,0.004276,0.004887,0.003665,0.000000
accelerometer_uncalibrated,287053535078007,287053537340791,3,0.639252,4.297592,8.518570,0.000000,0.000000,0.000000
magnetic_field_uncalibrated,287053543084726,287053548474736,3,14.332001,-19.521002,-149.001007,7.597001,23.228001,-125.220009
gyroscope_uncalibrated,287053543084726,287053548875322,3,0.017104,-0.035430,0.001222,0.004887,0.003665,0.000000
accelerometer_uncalibrated,287053543084726,287053549945166,3,0.622492,4.316746,8.456321,0.000000,0.000000,0.000000
magnetic_field_uncalibrated,287053551088437,287053555272080,3,15.513000,-19.308001,-147.930008,7.597001,23.228001,-125.220009
gyroscope_uncalibrated,287053551088437,287053555570440,3,-0.003665,-0.048258,-0.001222,0.004887,0.003665,0.000000
accelerometer_uncalibrated,287053551088437,287053556016494,3,0.632069,4.345476,8.398860,0.000000,0.000000,0.000000
magnetic_field_uncalibrated,287053559091953,287053561459190,3,16.192001,-19.604000,-147.393005,7.597001,23.228001,-125.219009
gyroscope_uncalibrated,287053559091953,287053561535713,3,-0.031765,-0.043371,0.002443,0.004887,0.003665,0.000000
accelerometer_uncalibrated,287053559091953,287053561554619,3,0.627281,4.338294,8.418014,0.000000,0.000000,0.000000
magnetic_field_uncalibrated,287053567096796,287053571047744,3,16.650002,-19.653002,-147.720001,7.597001,23.228001,-125.220009
gyroscope_uncalibrated,287053567096796,287053571138135,3,-0.058643,-0.037263,-0.001222,0.004887,0.003665,0.000000
accelerometer_uncalibrated,287053567096796,287053571157354,3,0.658405,4.321534,8.542512,0.000000,0.000000,0.000000
magnetic_field_uncalibrated,287053575099960,287053581771377,3,17.475000,-19.223001,-149.886002,7.597001,23.228001,-125.219009
gyroscope_uncalibrated,287053575099960,287053581846104,3,-0.069639,-0.031154,-0.004276,0.004887,0.003665,0.000000
accelerometer_uncalibrated,287053575099960,287053582048096,3,0.632069,4.338294,8.659827,0.000000,0.000000,0.000000
magnetic_field_uncalibrated,287053583102890,287053588280752,3,17.866001,-18.547001,-150.108002,7.597001,23.228001,-125.220009
gyroscope_uncalibrated,287053583102890,287053588325479,3,-0.077580,-0.024435,-0.009163,0.004887,0.003665,0.000000
accelerometer_uncalibrated,287053583102890,287053588340557,3,0.612916,4.335899,8.748413,0.000000,0.000000,0.000000
magnetic_field_uncalibrated,287053591106015,287053593377393,3,17.267000,-18.877001,-149.778000,7.597001,23.228001,-125.219009
gyroscope_uncalibrated,287053591106015,287053593466650,3,-0.078802,-0.017104,-0.007941,0.004887,0.003665,0.000000
accelerometer_uncalibrated,287053591106015,287053593490479,3,0.639252,4.314352,8.779537,0.000000,0.000000,0.000000
magnetic_field_uncalibrated,287053599113671,287053603230947,3,16.994001,-19.453001,-150.098007,7.597001,23.228001,-125.219009
gyroscope_uncalibrated,287053599113671,287053603303838,3,-0.083689,-0.009163,-0.004276,0.004887,0.003665,0.000000
accelerometer_uncalibrated,287053599113671,287053603398838,3,0.699107,4.266468,8.805874,0.000000,0.000000,0.000000
magnetic_field_uncalibrated,287053607119726,287053616141533,3,16.244001,-18.609001,-149.449005,7.597001,23.228001,-125.220009
gyroscope_uncalibrated,287053607119726,287053616232471,3,-0.092241,0.007330,-0.003665,0.004887,0.003665,0.000000
accelerometer_uncalibrated,287053607119726,287053616252393,3,0.768539,4.261679,8.832211,0.000000,0.000000,0.000000
magnetic_field_uncalibrated,287053615124375,287053618496221,3,16.102001,-17.339001,-148.698013,7.597001,23.228001,-125.220009
gyroscope_uncalibrated,287053615124375,287053618529346,3,-0.094684,0.023213,-0.012828,0.004887,0.003665,0.000000
accelerometer_uncalibrated,287053615124375,287053618544385,3,0.806846,4.283227,8.925584,0.000000,0.000000,0.000000
magnetic_field_uncalibrated,287053623130820,287053625956494,3,16.323000,-17.414001,-149.454010,7.597001,23.228001,-125.219009
gyroscope_uncalibrated,287053623130820,287053626026065,3,-0.087965,0.026267,-0.023213,0.004887,0.003665,0.000000
accelerometer_uncalibrated,287053623130820,287053626046963,3,0.804452,4.299986,9.054871,0.000000,0.000000,0.000000
magnetic_field_uncalibrated,287053631135156,287053635035322,3,15.917001,-18.190001,-150.420013,7.597001,23.228001,-125.219009
gyroscope_uncalibrated,287053631135156,287053635121416,3,-0.074526,0.020159,-0.037874,0.004887,0.003665,0.000000
accelerometer_uncalibrated,287053631135156,287053635140088,3,0.770933,4.311957,9.174581,0.000000,0.000000,0.000000
magnetic_field_uncalibrated,287053639138515,287053641499541,3,15.424001,-18.605001,-150.631012,7.597001,23.228001,-125.219009
gyroscope_uncalibrated,287053639138515,287053641760127,3,-0.047647,0.007941,-0.056810,0.004887,0.003665,0.000000
accelerometer_uncalibrated,287053639138515,287053641788721,3,0.706290,4.288015,9.200917,0.000000,0.000000,0.000000
magnetic_field_uncalibrated,287053647144843,287053651769033,3,15.422001,-18.692001,-150.091003,7.597001,23.229002,-125.220009
gyroscope_uncalibrated,287053647144843,287053651861690,3,-0.025656,0.005498,-0.064752,0.004887,0.003665,0.000000
accelerometer_uncalibrated,287053647144843,287053651877666,3,0.656011,4.276044,9.157822,0.000000,0.000000,0.000000
magnetic_field_uncalibrated,287053655148125,287053657272627,3,16.056002,-17.985001,-149.126007,7.597001,23.229002,-125.219009
gyroscope_uncalibrated,287053655148125,287053657346260,3,-0.015272,0.018326,-0.058032,0.004887,0.003665,0.000000
accelerometer_uncalibrated,287053655148125,287053657366650,3,0.596156,4.249708,9.018958,0.000000,0.000000,0.000000
magnetic_field_uncalibrated,287053663153906,287053665944190,3,16.442001,-19.050001,-150.096008,7.597001,23.228001,-125.219009
gyroscope_uncalibrated,287053663153906,287053666023486,3,-0.017715,0.036652,-0.048869,0.004887,0.003665,0.000000
accelerometer_uncalibrated,287053663153906,287053666150088,3,0.553061,4.235343,8.947132,0.000000,0.000000,0.000000
magnetic_field_uncalibrated,287053671161093,287053673352119,3,16.538000,-19.316000,-150.312012,7.597001,23.228001,-125.220009
gyroscope_uncalibrated,287053671161093,287053673421768,3,-0.024435,0.050702,-0.037874,0.004887,0.003665,0.000000
accelerometer_uncalibrated,287053671161093,287053673438057,3,0.524330,4.213795,8.939949,0.000000,0.000000,0.000000
magnetic_field_uncalibrated,287053679167148,287053681674033,3,16.453001,-18.953001,-149.341003,7.597001,23.228001,-125.220009
gyroscope_uncalibrated,287053679167148,287053681772041,3,-0.023824,0.048869,-0.028100,0.004887,0.003665,0.000000
accelerometer_uncalibrated,287053679167148,287053682035947,3,0.486023,4.218584,8.971074,0.000000,0.000000,0.000000
magnetic_field_uncalibrated,287053687175000,287053689591260,3,16.600000,-18.568001,-148.588013,7.597001,23.228001,-125.220009
gyroscope_uncalibrated,287053687175000,287053689673174,3,-0.018937,0.040317,-0.021991,0.004887,0.003665,0.000000
accelerometer_uncalibrated,287053687175000,287053689690674,3,0.488417,4.232949,8.973468,0.000000,0.000000,0.000000
magnetic_field_uncalibrated,287053695180585,287053698027432,3,16.666000,-17.559000,-148.808014,7.597001,23.228001,-125.219009
gyroscope_uncalibrated,287053695180585,287053698115440,3,-0.010385,0.026267,-0.014050,0.004887,0.003665,0.000000
accelerometer_uncalibrated,287053695180585,287053698137627,3,0.495600,4.240131,8.959103,0.000000,0.000000,0.000000
magnetic_field_uncalibrated,287053703185664,287053705319580,3,16.645000,-17.837002,-149.131012,7.597001,23.228001,-125.220009
gyroscope_uncalibrated,287053703185664,287053705416494,3,-0.000611,0.014050,-0.011606,0.004887,0.003665,0.000000
accelerometer_uncalibrated,287053703185664,287053705448486,3,0.541090,4.230555,8.942344,0.000000,0.000000,0.000000
magnetic_field_uncalibrated,287053711189843,287053713393916,3,16.305000,-17.690001,-149.453003,7.597001,23.228001,-125.219009
gyroscope_uncalibrated,287053711189843,287053713548721,3,0.007941,0.000611,-0.009774,0.004887,0.003665,0.000000
accelerometer_uncalibrated,287053711189843,287053713591807,3,0.596156,4.206613,8.968679,0.000000,0.000000,0.000000
magnetic_field_uncalibrated,287053719194023,287053721506729,3,16.828001,-16.730001,-150.108002,7.597001,23.229002,-125.219009
gyroscope_uncalibrated,287053719194023,287053721598213,3,0.015272,-0.005498,-0.011606,0.004887,0.003665,0.000000
accelerometer_uncalibrated,287053719194023,287053721618916,3,0.648829,4.199430,8.971074,0.000000,0.000000,0.000000
magnetic_field_uncalibrated,287053727198437,287053730307588,3,16.289001,-16.228001,-149.135010,7.597001,23.228001,-125.219009
gyroscope_uncalibrated,287053727198437,287053730898604,3,0.028711,0.000000,-0.023824,0.004887,0.003665,0.000000
accelerometer_uncalibrated,287053727198437,287053730956807,3,0.651223,4.189853,8.913613,0.000000,0.000000,0.000000
magnetic_field_uncalibrated,287053735205625,287053737250635,3,16.123001,-17.146000,-147.511002,7.597001,23.228001,-125.220009
gyroscope_uncalibrated,287053735205625,287053737312510,3,0.036652,0.010385,-0.029322,0.004887,0.003665,0.000000
accelerometer_uncalibrated,287053735205625,287053737330635,3,0.598550,4.201824,8.851364,0.000000,0.000000,0.000000
magnetic_field_uncalibrated,287053743213242,287053745254307,3,16.411001,-17.946001,-148.373001,7.597001,23.228001,-125.219009
gyroscope_uncalibrated,287053743213242,287053745309268,3,0.032376,0.020769,-0.031154,0.004887,0.003665,0.000000
accelerometer_uncalibrated,287053743213242,287053745339150,3,0.553061,4.206613,8.753201,0.000000,0.000000,0.000000
magnetic_field_uncalibrated,287053751219882,287053753338799,3,16.105001,-17.250000,-149.130005,7.597001,23.228001,-125.220009
gyroscope_uncalibrated,287053751219882,287053753410088,3,0.024435,0.024435,-0.029322,0.004887,0.003665,0.000000
accelerometer_uncalibrated,287053751219882,287053753435674,3,0.519542,4.206613,8.700529,0.000000,0.000000,0.000000
magnetic_field_uncalibrated,287053759225703,287053761294150,3,16.113001,-17.156000,-148.806000,7.597001,23.228001,-125.219009
gyroscope_uncalibrated,287053759225703,287053761339033,3,0.012217,0.020159,-0.026267,0.004887,0.003665,0.000000
accelerometer_uncalibrated,287053759225703,287053761397822,3,0.493206,4.192247,8.674192,0.000000,0.000000,0.000000
magnetic_field_uncalibrated,287053767233554,287053769675830,3,14.713000,-17.121000,-150.525009,7.597001,23.228001,-125.220009
gyroscope_uncalibrated,287053767233554,287053769753525,3,0.000000,0.010385,-0.021380,0.004887,0.003665,0.000000
accelerometer_uncalibrated,287053767233554,287053769778486,3,0.454898,4.209007,8.698134,0.000000,0.000000,0.000000
magnetic_field_uncalibrated,287053775241875,287053776870830,3,15.073001,-17.076000,-149.124008,7.597001,23.228001,-125.220009
gyroscope_uncalibrated,287053775241875,287053776945400,3,-0.007941,-0.006109,-0.017104,0.004887,0.003665,0.000000
accelerometer_uncalibrated,287053775241875,287053776971885,3,0.435745,4.209007,8.743625,0.000000,0.000000,0.000000
magnetic_field_uncalibrated,287053783248515,287053785502315,3,16.185001,-18.219002,-145.024002,7.597001,23.228001,-125.220009
gyroscope_uncalibrated,287053783248515,287053785577393,3,-0.011606,-0.017715,-0.009774,0.004887,0.003665,0.000000
accelerometer_uncalibrated,287053783248515,287053785592979,3,0.447716,4.209007,8.769960,0.000000,0.000000,0.000000
magnetic_field_uncalibrated,287053791253085,287053793354424,3,15.778001,-18.911001,-146.961014,7.597001,23.228001,-125.219009
gyroscope_uncalibrated,287053791253085,287053793422822,3,-0.014050,-0.021380,-0.002443,0.004887,0.003665,0.000000
accelerometer_uncalibrated,287053791253085,287053793592158,3,0.459687,4.194642,8.779537,0.000000,0.000000,0.000000
magnetic_field_uncalibrated,287053799258476,287053802036104,3,16.968000,-18.259001,-148.699005,7.597001,23.229002,-125.219009
gyroscope_uncalibrated,287053799258476,287053802111182,3,-0.017715,-0.024435,-0.001833,0.004887,0.003665,0.000000
accelerometer_uncalibrated,287053799258476,287053802132041,3,0.500388,4.204218,8.769960,0.000000,0.000000,0.000000
magnetic_field_uncalibrated,287053807266835,287053809447354,3,17.561001,-18.107000,-148.164001,7.597001,23.228001,-125.219009
gyroscope_uncalibrated,287053807266835,287053809507158,3,-0.019548,-0.031154,0.000611,0.004887,0.003665,0.000000
accelerometer_uncalibrated,287053807266835,287053809524424,3,0.529119,4.201824,8.772355,0.000000,0.000000,0.000000
magnetic_field_uncalibrated,287053815273476,287053817583369,3,17.271000,-17.223001,-148.274002,7.596000,23.228001,-125.220009
gyroscope_uncalibrated,287053815273476,287053817693955,3,-0.027489,-0.040317,-0.000611,0.004887,0.003665,0.000000
accelerometer_uncalibrated,287053815273476,287053817809229,3,0.555455,4.211401,8.710106,0.000000,0.000000,0.000000
magnetic_field_uncalibrated,287053823279765,287053825626377,3,17.120001,-16.048000,-147.954010,7.597001,23.229002,-125.220009
gyroscope_uncalibrated,287053823279765,287053825700791,3,-0.040928,-0.050091,-0.006720,0.004887,0.003665,0.000000
accelerometer_uncalibrated,287053823279765,287053825721533,3,0.548272,4.235343,8.623915,0.000000,0.000000,0.000000
accelerometer_uncalibrated,287053831285898,287053833486729,3,0.512359,4.273650,8.592790,0.000000,0.000000,0.000000
magnetic_field_uncalibrated,287053831285898,287053833585596,3,16.110001,-17.159000,-149.238007,7.597001,23.228001,-125.219009
gyroscope_uncalibrated,287053831285898,287053833605166,3,-0.064752,-0.052534,-0.010996,0.004887,0.003665,0.000000
magnetic_field_uncalibrated,287053839292031,287053842046533,3,15.720001,-17.748001,-149.665009,7.597001,23.228001,-125.220009
gyroscope_uncalibrated,287053839292031,287053842136104,3,-0.083078,-0.049480,-0.011606,0.004887,0.003665,0.000000
accelerometer_uncalibrated,287053839292031,287053842157627,3,0.507571,4.268862,8.595184,0.000000,0.000000,0.000000
magnetic_field_uncalibrated,287053847297382,287053850059971,3,16.531000,-17.846001,-148.806000,7.597001,23.228001,-125.219009
gyroscope_uncalibrated,287053847297382,287053850143135,3,-0.106901,-0.046426,-0.015272,0.004887,0.003665,0.000000
accelerometer_uncalibrated,287053847297382,287053850163721,3,0.543484,4.228160,8.626308,0.000000,0.000000,0.000000
magnetic_field_uncalibrated,287053855301171,287053858336455,3,16.143002,-18.347000,-149.773010,7.597001,23.228001,-125.219009
gyroscope_uncalibrated,287053855301171,287053858450244,3,-0.124617,-0.038485,-0.018937,0.004887,0.003665,0.000000
accelerometer_uncalibrated,287053855301171,287053858487354,3,0.565032,4.187459,8.650250,0.000000,0.000000,0.000000
magnetic_field_uncalibrated,287053863307265,287053866175361,3,15.485001,-17.858002,-149.123001,7.597001,23.228001,-125.219009
gyroscope_uncalibrated,287053863307265,287053866277119,3,-0.135612,-0.024435,-0.021991,0.004887,0.003665,0.000000
accelerometer_uncalibrated,287053863307265,287053866308838,3,0.598550,4.146757,8.743625,0.000000,0.000000,0.000000
magnetic_field_uncalibrated,287053871313710,287053874028799,3,16.827002,-16.903000,-148.596008,7.597001,23.228001,-125.219009
gyroscope_uncalibrated,287053871313710,287053874109307,3,-0.139277,-0.021991,-0.027489,0.004887,0.003665,0.000000
accelerometer_uncalibrated,287053871313710,287053874138604,3,0.612916,4.165911,8.836999,0.000000,0.000000,0.000000
magnetic_field_uncalibrated,287053879319648,287053882293565,3,17.855001,-16.908001,-150.654007,7.597001,23.229002,-125.219009
gyroscope_uncalibrated,287053879319648,287053882394463,3,-0.136834,-0.017715,-0.029932,0.004887,0.003665,0.000000
accelerometer_uncalibrated,287053879319648,287053882427705,3,0.598550,4.149151,8.973468,0.000000,0.000000,0.000000
magnetic_field_uncalibrated,287053887324570,287053890463291,3,18.424002,-17.210001,-149.361008,7.597001,23.228001,-125.219009
gyroscope_uncalibrated,287053887324570,287053890559932,3,-0.126449,-0.006720,-0.030543,0.004887,0.003665,0.000000
accelerometer_uncalibrated,287053887324570,287053890594150,3,0.612916,4.098873,9.045294,0.000000,0.000000,0.000000
magnetic_field_uncalibrated,287053895326718,287053898228174,3,16.966002,-18.347000,-148.159012,7.597001,23.228001,-125.219009
gyroscope_uncalibrated,287053895326718,287053898320244,3,-0.114843,0.004276,-0.034819,0.004887,0.003665,0.000000
accelerometer_uncalibrated,287053895326718,287053898638916,3,0.620098,4.077325,9.117120,0.000000,0.000000,0.000000
magnetic_field_uncalibrated,287053903330390,287053906460557,3,15.563001,-18.400002,-149.337006,7.597001,23.228001,-125.219009
gyroscope_uncalibrated,287053903330390,287053906554346,3,-0.092241,0.026267,-0.032987,0.004887,0.003665,0.000000
accelerometer_uncalibrated,287053903330390,287053906589307,3,0.567426,4.041412,9.155427,0.000000,0.000000,0.000000
magnetic_field_uncalibrated,287053911335039,287053915439854,3,17.375000,-17.310001,-149.138000,7.596000,23.228001,-125.220009
gyroscope_uncalibrated,287053911335039,287053915766611,3,-0.069639,0.043371,-0.023213,0.004887,0.003665,0.000000
accelerometer_uncalibrated,287053911335039,287053915846455,3,0.495600,4.024653,9.198523,0.000000,0.000000,0.000000
magnetic_field_uncalibrated,287053919342812,287053921727041,3,18.409000,-17.568001,-148.064011,7.597001,23.228001,-125.219009
gyroscope_uncalibrated,287053919342812,287053921819268,3,-0.048258,0.056200,-0.006109,0.004887,0.003665,0.000000
accelerometer_uncalibrated,287053919342812,287053921845127,3,0.426168,4.031836,9.191340,0.000000,0.000000,0.000000
magnetic_field_uncalibrated,287053927348007,287053929792979,3,17.244001,-17.679001,-147.840012,7.597001,23.228001,-125.220009
gyroscope_uncalibrated,287053927348007,287053929995361,3,-0.030543,0.059865,0.008552,0.004887,0.003665,0.000000
accelerometer_uncalibrated,287053927348007,287053930046533,3,0.399832,4.065354,9.157822,0.000000,0.000000,0.000000
magnetic_field_uncalibrated,287053935352539,287053937251299,3,15.759001,-17.280001,-148.588013,7.597001,23.228001,-125.220009
gyroscope_uncalibrated,287053935352539,287053937344580,3,-0.014661,0.058643,0.028100,0.004887,0.003665,0.000000
accelerometer_uncalibrated,287053935352539,287053937370635,3,0.409408,4.084508,9.131485,0.000000,0.000000,0.000000
magnetic_field_uncalibrated,287053943359414,287053945502158,3,16.736000,-16.546001,-148.489014,7.597001,23.228001,-125.219009
gyroscope_uncalibrated,287053943359414,287053945693486,3,-0.003054,0.051924,0.040317,0.004887,0.003665,0.000000
accelerometer_uncalibrated,287053943359414,287053945777549,3,0.430956,4.113238,9.097966,0.000000,0.000000,0.000000
magnetic_field_uncalibrated,287053951362421,287053953790518,3,18.182001,-15.677001,-148.718002,7.596000,23.228001,-125.219009
gyroscope_uncalibrated,287053951362421,287053953898057,3,0.007941,0.032987,0.051924,0.004887,0.003665,0.000000
accelerometer_uncalibrated,287053951362421,287053953964893,3,0.483629,4.108450,9.097966,0.000000,0.000000,0.000000
magnetic_field_uncalibrated,287053959362578,287053961838447,3,17.618000,-15.457001,-148.607010,7.596000,23.228001,-125.219009
gyroscope_uncalibrated,287053959362578,287053961920830,3,0.017104,0.014050,0.055589,0.004887,0.003665,0.000000
accelerometer_uncalibrated,287053959362578,287053961952393,3,0.541090,4.132392,9.133880,0.000000,0.000000,0.000000
magnetic_field_uncalibrated,287053967364062,287053970398135,3,17.224001,-16.049002,-149.574005,7.596000,23.228001,-125.220009
gyroscope_uncalibrated,287053967364062,287053970610830,3,0.031765,-0.007330,0.058643,0.004887,0.003665,0.000000
accelerometer_uncalibrated,287053967364062,287053970708330,3,0.591368,4.146757,9.112331,0.000000,0.000000,0.000000
magnetic_field_uncalibrated,287053975364687,287053977981143,3,16.356001,-16.780001,-150.753006,7.597001,23.229002,-125.220009
gyroscope_uncalibrated,287053975364687,287053978292393,3,0.045815,-0.015882,0.056810,0.004887,0.003665,0.000000
accelerometer_uncalibrated,287053975364687,287053978361221,3,0.634463,4.158728,9.074024,0.000000,0.000000,0.000000
magnetic_field_uncalibrated,287053983368593,287053986493096,3,15.801001,-16.638000,-148.698013,7.597001,23.228001,-125.219009
gyroscope_uncalibrated,287053983368593,287053986723760,3,0.053756,-0.015272,0.051924,0.004887,0.003665,0.000000
accelerometer_uncalibrated,287053983368593,287053986904971,3,0.644040,4.168305,9.038112,0.000000,0.000000,0.000000
magnetic_field_uncalibrated,287053991373085,287053993925205,3,16.739000,-16.543001,-148.057007,7.597001,23.228001,-125.219009
gyroscope_uncalibrated,287053991373085,287053994063096,3,0.062919,-0.015882,0.047647,0.004887,0.003665,0.000000
accelerometer_uncalibrated,287053991373085,287053994146846,3,0.660800,4.149151,8.987833,0.000000,0.000000,0.000000
magnetic_field_uncalibrated,287053999378671,287054002494815,3,18.022001,-16.418001,-148.066010,7.597001,23.228001,-125.219009
gyroscope_uncalibrated,287053999378671,287054002707900,3,0.063530,-0.007941,0.042150,0.004887,0.003665,0.000000
accelerometer_uncalibrated,287053999378671,287054002785518,3,0.653617,4.156334,8.918402,0.000000,0.000000,0.000000
magnetic_field_uncalibrated,287054007383671,287054010724580,3,17.802000,-16.256001,-147.850006,7.596000,23.228001,-125.220009
gyroscope_uncalibrated,287054007383671,287054011019385,3,0.060476,0.001833,0.039095,0.004887,0.003665,0.000000
accelerometer_uncalibrated,287054007383671,287054012556260,3,0.689530,4.163517,8.889671,0.000000,0.000000,0.000000
magnetic_field_uncalibrated,287054015384648,287054017567783,3,16.364000,-16.859001,-148.917007,7.597001,23.228001,-125.219009
gyroscope_uncalibrated,287054015384648,287054017704346,3,0.056200,0.009163,0.032376,0.004887,0.003665,0.000000
accelerometer_uncalibrated,287054015384648,287054017775088,3,0.708684,4.153940,8.908825,0.000000,0.000000,0.000000
magnetic_field_uncalibrated,287054023387109,287054025826025,3,16.587000,-17.018002,-148.702011,7.597001,23.228001,-125.219009
gyroscope_uncalibrated,287054023387109,287054025952236,3,0.058032,0.009774,0.024435,0.004887,0.003665,0.000000
accelerometer_uncalibrated,287054023387109,287054026029033,3,0.713472,4.173094,8.932767,0.000000,0.000000,0.000000
magnetic_field_uncalibrated,287054031390156,287054034245518,3,16.489000,-16.839001,-147.838013,7.597001,23.228001,-125.219009
gyroscope_uncalibrated,287054031390156,287054034449385,3,0.061087,0.015272,0.016493,0.004887,0.003665,0.000000
accelerometer_uncalibrated,287054031390156,287054034534971,3,0.718261,4.192247,8.951921,0.000000,0.000000,0.000000
magnetic_field_uncalibrated,287054039392421,287054042312979,3,16.041000,-16.694000,-146.972000,7.597001,23.228001,-125.219009
gyroscope_uncalibrated,287054039392421,287054042487900,3,0.062919,0.024435,0.009163,0.004887,0.003665,0.000000
accelerometer_uncalibrated,287054039392421,287054042570869,3,0.718261,4.177882,8.930372,0.000000,0.000000,0.000000
magnetic_field_uncalibrated,287054047394726,287054049941494,3,15.562000,-16.838001,-147.832001,7.597001,23.228001,-125.219009
gyroscope_uncalibrated,287054047394726,287054050117705,3,0.067806,0.032376,0.009774,0.004887,0.003665,0.000000
accelerometer_uncalibrated,287054047394726,287054050201846,3,0.723049,4.170700,8.918402,0.000000,0.000000,0.000000
magnetic_field_uncalibrated,287054055401210,287054058021338,3,16.342001,-17.138000,-149.456009,7.597001,23.228001,-125.220009
gyroscope_uncalibrated,287054055401210,287054058194932,3,0.069639,0.035430,0.004276,0.004887,0.003665,0.000000
accelerometer_uncalibrated,287054055401210,287054058311299,3,0.711078,4.180276,8.899248,0.000000,0.000000,0.000000
magnetic_field_uncalibrated,287054063407226,287054066220283,3,17.691000,-17.825001,-148.814011,7.597001,23.228001,-125.220009
gyroscope_uncalibrated,287054063407226,287054066413721,3,0.072082,0.034208,0.003054,0.004887,0.003665,0.000000
accelerometer_uncalibrated,287054063407226,287054066512549,3,0.677559,4.180276,8.853758,0.000000,0.000000,0.000000
magnetic_field_uncalibrated,287054071416718,287054073948447,3,17.037001,-17.246000,-148.380005,7.597001,23.228001,-125.219009
gyroscope_uncalibrated,287054071416718,287054074116299,3,0.069639,0.020769,0.003054,0.004887,0.003665,0.000000
accelerometer_uncalibrated,287054071416718,287054074199815,3,0.622492,4.201824,8.868123,0.000000,0.000000,0.000000
magnetic_field_uncalibrated,287054079425585,287054082233643,3,17.003000,-16.061001,-148.061005,7.597001,23.228001,-125.219009
gyroscope_uncalibrated,287054079425585,287054082430791,3,0.073915,-0.004887,-0.001833,0.004887,0.003665,0.000000
accelerometer_uncalibrated,287054079425585,287054082511611,3,0.586579,4.237737,8.887277,0.000000,0.000000,0.000000
magnetic_field_uncalibrated,287054087431367,287054091019854,3,17.918001,-16.331001,-147.202011,7.597001,23.228001,-125.219009
gyroscope_uncalibrated,287054087431367,287054091202900,3,0.079412,-0.014050,-0.000611,0.004887,0.003665,0.000000
accelerometer_uncalibrated,287054087431367,287054091281768,3,0.598550,4.225766,8.856153,0.000000,0.000000,0.000000
magnetic_field_uncalibrated,287054095436132,287054098193486,3,18.579000,-16.816000,-147.421005,7.597001,23.229002,-125.220009
gyroscope_uncalibrated,287054095436132,287054098369268,3,0.075136,0.005498,0.004887,0.004887,0.003665,0.000000
accelerometer_uncalibrated,287054095436132,287054098454346,3,0.610521,4.197036,8.777143,0.000000,0.000000,0.000000
magnetic_field_uncalibrated,287054103443632,287054108226885,3,17.404001,-17.024000,-147.736008,7.596000,23.228001,-125.220009
gyroscope_uncalibrated,287054103443632,287054108413760,3,0.074526,0.018326,0.008552,0.004887,0.003665,0.000000
accelerometer_uncalibrated,287054103443632,287054110299658,3,0.612916,4.187459,8.746018,0.000000,0.000000,0.000000
magnetic_field_uncalibrated,287054111452539,287054114394580,3,14.994000,-16.622002,-148.261002,7.597001,23.228001,-125.219009
gyroscope_uncalibrated,287054111452539,287054114624033,3,0.064141,0.026267,0.014050,0.004887,0.003665,0.000000
accelerometer_uncalibrated,287054111452539,287054114752236,3,0.605733,4.199430,8.753201,0.000000,0.000000,0.000000
magnetic_field_uncalibrated,287054119459062,287054122403057,3,15.349001,-16.411001,-149.128006,7.597001,23.228001,-125.219009
gyroscope_uncalibrated,287054119459062,287054122547041,3,0.056810,0.019548,0.016493,0.004887,0.003665,0.000000
accelerometer_uncalibrated,287054119459062,287054122612979,3,0.603339,4.220978,8.741230,0.000000,0.000000,0.000000
magnetic_field_uncalibrated,287054127467500,287054131098525,3,17.577002,-16.098001,-148.389008,7.597001,23.228001,-125.220009
gyroscope_uncalibrated,287054127467500,287054131242119,3,0.049480,0.004887,0.015882,0.004887,0.003665,0.000000
accelerometer_uncalibrated,287054127467500,287054131300244,3,0.593762,4.261679,8.712500,0.000000,0.000000,0.000000
magnetic_field_uncalibrated,287054135475429,287054138206729,3,17.601002,-15.903001,-146.878006,7.597001,23.228001,-125.219009
gyroscope_uncalibrated,287054135475429,287054138349307,3,0.047647,-0.009163,0.015882,0.004887,0.003665,0.000000
accelerometer_uncalibrated,287054135475429,287054138550166,3,0.586579,4.247314,8.717288,0.000000,0.000000,0.000000
magnetic_field_uncalibrated,287054143483046,287054145914072,3,16.821001,-17.166000,-146.976013,7.597001,23.229002,-125.220009
gyroscope_uncalibrated,287054143483046,287054146066143,3,0.041539,-0.028711,0.014661,0.004887,0.003665,0.000000
accelerometer_uncalibrated,287054143483046,287054146148799,3,0.615310,4.232949,8.702923,0.000000,0.000000,0.000000
magnetic_field_uncalibrated,287054151490625,287054154291182,3,17.288000,-17.035002,-147.735001,7.597001,23.228001,-125.220009
gyroscope_uncalibrated,287054151490625,287054154467861,3,0.037263,-0.045204,0.009774,0.004887,0.003665,0.000000
accelerometer_uncalibrated,287054151490625,287054154545400,3,0.615310,4.235343,8.671799,0.000000,0.000000,0.000000
magnetic_field_uncalibrated,287054159500078,287054162394424,3,17.821001,-15.894001,-148.607010,7.597001,23.228001,-125.220009
gyroscope_uncalibrated,287054159500078,287054162581221,3,0.028711,-0.054367,0.006109,0.004887,0.003665,0.000000
accelerometer_uncalibrated,287054159500078,287054162677549,3,0.622492,4.228160,8.652645,0.000000,0.000000,0.000000
magnetic_field_uncalibrated,287054167505078,287054170495440,3,17.457001,-16.113001,-148.820007,7.597001,23.228001,-125.220009
gyroscope_uncalibrated,287054167505078,287054170696065,3,0.020159,-0.052534,0.001222,0.004887,0.003665,0.000000
accelerometer_uncalibrated,287054167505078,287054170886182,3,0.634463,4.240131,8.671799,0.000000,0.000000,0.000000
magnetic_field_uncalibrated,287054175508632,287054177582158,3,16.559000,-17.475000,-148.376007,7.597001,23.228001,-125.219009
gyroscope_uncalibrated,287054175508632,287054177753213,3,0.010996,-0.043371,-0.003054,0.004887,0.003665,0.000000
accelerometer_uncalibrated,287054175508632,287054177835986,3,0.639252,4.223372,8.700529,0.000000,0.000000,0.000000
magnetic_field_uncalibrated,287054183512031,287054186207940,3,15.966001,-17.712000,-147.939011,7.596000,23.228001,-125.219009
gyroscope_uncalibrated,287054183512031,287054186341885,3,0.001833,-0.027489,-0.007941,0.004887,0.003665,0.000000
accelerometer_uncalibrated,287054183512031,287054186409268,3,0.658405,4.211401,8.714894,0.000000,0.000000,0.000000
magnetic_field_uncalibrated,287054191514414,287054194460752,3,15.833001,-17.911001,-148.477005,7.596000,23.228001,-125.219009
gyroscope_uncalibrated,287054191514414,287054194769619,3,-0.004887,-0.012828,-0.014050,0.004887,0.003665,0.000000
accelerometer_uncalibrated,287054191514414,287054194959541,3,0.667982,4.189853,8.738836,0.000000,0.000000,0.000000
magnetic_field_uncalibrated,287054199518906,287054202138525,3,17.530001,-16.746000,-149.033005,7.597001,23.229002,-125.219009
gyroscope_uncalibrated,287054199518906,287054202340791,3,-0.010996,0.007330,-0.018937,0.004887,0.003665,0.000000
accelerometer_uncalibrated,287054199518906,287054202429033,3,0.677559,4.199430,8.760384,0.000000,0.000000,0.000000
magnetic_field_uncalibrated,287054207523554,287054209867432,3,18.510000,-16.008001,-148.395004,7.597001,23.228001,-125.219009
gyroscope_uncalibrated,287054207523554,287054209986143,3,-0.020159,0.024435,-0.025045,0.004887,0.003665,0.000000
accelerometer_uncalibrated,287054207523554,287054210046807,3,0.689530,4.209007,8.813056,0.000000,0.000000,0.000000
magnetic_field_uncalibrated,287054215527187,287054217894893,3,17.736000,-17.351002,-146.873001,7.596000,23.228001,-125.220009
gyroscope_uncalibrated,287054215527187,287054218020869,3,-0.023824,0.032987,-0.031765,0.004887,0.003665,0.000000
accelerometer_uncalibrated,287054215527187,287054218083877,3,0.684742,4.223372,8.882488,0.000000,0.000000,0.000000
magnetic_field_uncalibrated,287054223531953,287054226276182,3,17.446001,-16.554001,-146.335007,7.597001,23.228001,-125.220009
gyroscope_uncalibrated,287054223531953,287054226583525,3,-0.020769,0.032987,-0.037263,0.004887,0.003665,0.000000
accelerometer_uncalibrated,287054223531953,287054226688447,3,0.667982,4.232949,8.939949,0.000000,0.000000,0.000000
magnetic_field_uncalibrated,287054231536992,287054234311260,3,17.601002,-15.818001,-147.742004,7.597001,23.228001,-125.219009
gyroscope_uncalibrated,287054231536992,287054234486025,3,-0.017104,0.036652,-0.042150,0.004887,0.003665,0.000000
accelerometer_uncalibrated,287054231536992,287054234568955,3,0.610521,4.228160,8.956709,0.000000,0.000000,0.000000
magnetic_field_uncalibrated,287054239543085,287054242472432,3,17.706001,-15.818001,-149.254013,7.597001,23.228001,-125.219009
gyroscope_uncalibrated,287054239543085,287054242637002,3,-0.007941,0.034208,-0.038485,0.004887,0.003665,0.000000
accelerometer_uncalibrated,287054239543085,287054242724736,3,0.529119,4.230555,8.985439,0.000000,0.000000,0.000000
magnetic_field_uncalibrated,287054247548984,287054250135479,3,16.720001,-16.561001,-150.540009,7.597001,23.228001,-125.219009
gyroscope_uncalibrated,287054247548984,287054250271104,3,0.000611,0.020769,-0.029322,0.004887,0.003665,0.000000
accelerometer_uncalibrated,287054247548984,287054250343018,3,0.464475,4.237737,9.052477,0.000000,0.000000,0.000000
magnetic_field_uncalibrated,287054255554140,287054258151299,3,16.926001,-17.166000,-148.488007,7.597001,23.229002,-125.220009
gyroscope_uncalibrated,287054255554140,287054258439580,3,0.012217,0.001222,-0.021380,0.004887,0.003665,0.000000
accelerometer_uncalibrated,287054255554140,287054258563369,3,0.438139,4.220978,9.105149,0.000000,0.000000,0.000000
magnetic_field_uncalibrated,287054263561875,287054266098096,3,17.139000,-17.679001,-146.328003,7.597001,23.228001,-125.220009
gyroscope_uncalibrated,287054263561875,287054266244424,3,0.030543,-0.016493,-0.007941,0.004887,0.003665,0.000000
accelerometer_uncalibrated,287054263561875,287054266307002,3,0.407014,4.194642,9.085996,0.000000,0.000000,0.000000
magnetic_field_uncalibrated,287054271568046,287054274363096,3,17.084002,-16.771000,-146.223007,7.597001,23.228001,-125.219009
gyroscope_uncalibrated,287054271568046,287054274506729,3,0.049480,-0.025656,0.004887,0.004887,0.003665,0.000000
accelerometer_uncalibrated,287054271568046,287054274574580,3,0.416591,4.182671,9.059659,0.000000,0.000000,0.000000
magnetic_field_uncalibrated,287054279575468,287054282072783,3,17.890001,-15.224001,-145.155014,7.597001,23.229002,-125.219009
gyroscope_uncalibrated,287054279575468,287054282244854,3,0.060476,-0.029322,0.014661,0.004887,0.003665,0.000000
accelerometer_uncalibrated,287054279575468,287054282339619,3,0.440533,4.175488,9.026140,0.000000,0.000000,0.000000
magnetic_field_uncalibrated,287054287580000,287054290783955,3,17.621000,-15.711000,-145.799011,7.597001,23.229002,-125.219009
gyroscope_uncalibrated,287054287580000,287054291137861,3,0.070250,-0.037874,0.028711,0.004887,0.003665,0.000000
accelerometer_uncalibrated,287054287580000,287054291277275,3,0.481235,4.175488,8.966286,0.000000,0.000000,0.000000
magnetic_field_uncalibrated,287054295585234,287054298805049,3,16.438002,-15.755001,-148.814011,7.597001,23.228001,-125.219009
gyroscope_uncalibrated,287054295585234,287054299087002,3,0.076358,-0.037263,0.034819,0.004887,0.003665,0.000000
accelerometer_uncalibrated,287054295585234,287054299182080,3,0.574608,4.170700,8.949526,0.000000,0.000000,0.000000
magnetic_field_uncalibrated,287054303591171,287054306283760,3,15.263000,-15.791000,-150.750000,7.597001,23.228001,-125.220009
gyroscope_uncalibrated,287054303591171,287054306428760,3,0.081856,-0.024435,0.036652,0.004887,0.003665,0.000000
accelerometer_uncalibrated,287054303591171,287054306495322,3,0.632069,4.165911,8.853758,0.000000,0.000000,0.000000
magnetic_field_uncalibrated,287054311597109,287054314267549,3,16.271000,-16.589001,-148.162003,7.596000,23.228001,-125.220009
gyroscope_uncalibrated,287054311597109,287054314425791,3,0.081245,-0.018326,0.034819,0.004887,0.003665,0.000000
accelerometer_uncalibrated,287054311597109,287054314503838,3,0.665588,4.168305,8.757990,0.000000,0.000000,0.000000
magnetic_field_uncalibrated,287054319603593,287054322459463,3,16.914001,-17.522001,-146.867004,7.597001,23.228001,-125.220009
gyroscope_uncalibrated,287054319603593,287054322637041,3,0.071471,-0.009774,0.030543,0.004887,0.003665,0.000000
accelerometer_uncalibrated,287054319603593,287054322730049,3,0.656011,4.168305,8.683769,0.000000,0.000000,0.000000
magnetic_field_uncalibrated,287054327611210,287054330432236,3,15.597001,-18.023001,-148.152008,7.597001,23.229002,-125.220009
gyroscope_uncalibrated,287054327611210,287054330673721,3,0.056810,-0.017104,0.028711,0.004887,0.003665,0.000000
accelerometer_uncalibrated,287054327611210,287054330789697,3,0.639252,4.201824,8.690952,0.000000,0.000000,0.000000
magnetic_field_uncalibrated,287054335617500,287054337988408,3,16.098001,-17.428001,-148.373001,7.597001,23.229002,-125.219009
gyroscope_uncalibrated,287054335617500,287054338186416,3,0.047647,-0.029322,0.024435,0.004887,0.003665,0.000000
accelerometer_uncalibrated,287054335617500,287054338273369,3,0.627281,4.232949,8.734048,0.000000,0.000000,0.000000
magnetic_field_uncalibrated,287054343626250,287054345958135,3,17.871000,-17.065001,-146.983002,7.597001,23.228001,-125.220009
gyroscope_uncalibrated,287054343626250,287054346087940,3,0.044593,-0.012828,0.022602,0.004887,0.003665,0.000000
accelerometer_uncalibrated,287054343626250,287054346158447,3,0.636858,4.232949,8.556877,0.000000,0.000000,0.000000
magnetic_field_uncalibrated,287054351632226,287054354303174,3,17.884001,-16.879002,-146.768005,7.596000,23.228001,-125.220009
gyroscope_uncalibrated,287054351632226,287054354487471,3,0.033598,0.003665,0.016493,0.004887,0.003665,0.000000
accelerometer_uncalibrated,287054351632226,287054354582275,3,0.656011,4.211401,8.655039,0.000000,0.000000,0.000000
magnetic_field_uncalibrated,287054359634960,287054362710440,3,17.071001,-16.784000,-147.951004,7.597001,23.228001,-125.220009
gyroscope_uncalibrated,287054359634960,287054362982861,3,0.014050,-0.033598,0.013439,0.004887,0.003665,0.000000
accelerometer_uncalibrated,287054359634960,287054363101065,3,0.624887,4.232949,8.688558,0.000000,0.000000,0.000000
magnetic_field_uncalibrated,287054367636835,287054370079150,3,16.381001,-16.756001,-147.514008,7.597001,23.228001,-125.219009
gyroscope_uncalibrated,287054367636835,287054370211963,3,0.005498,-0.040928,0.011606,0.004887,0.003665,0.000000
accelerometer_uncalibrated,287054367636835,287054370278018,3,0.620098,4.256891,8.714894,0.000000,0.000000,0.000000
magnetic_field_uncalibrated,287054375639335,287054378518721,3,16.312000,-16.033001,-147.625000,7.597001,23.228001,-125.220009
gyroscope_uncalibrated,287054375639335,287054378675713,3,0.003054,-0.007941,0.014050,0.004887,0.003665,0.000000
accelerometer_uncalibrated,287054375639335,287054378764971,3,0.634463,4.242526,8.693346,0.000000,0.000000,0.000000
magnetic_field_uncalibrated,287054383642500,287054385924307,3,15.723001,-16.267000,-146.756012,7.597001,23.228001,-125.219009
gyroscope_uncalibrated,287054383642500,287054386060908,3,-0.005498,0.010385,0.017104,0.004887,0.003665,0.000000
accelerometer_uncalibrated,287054383642500,287054386128877,3,0.603339,4.170700,8.683769,0.000000,0.000000,0.000000
magnetic_field_uncalibrated,287054391644062,287054394314971,3,16.797001,-17.533001,-146.866013,7.597001,23.228001,-125.220009
gyroscope_uncalibrated,287054391644062,287054394539190,3,-0.015272,0.013439,0.027489,0.004887,0.003665,0.000000
accelerometer_uncalibrated,287054391644062,287054394634424,3,0.505177,4.189853,8.686164,0.000000,0.000000,0.000000
magnetic_field_uncalibrated,287054399647929,287054403243291,3,18.798000,-16.980001,-147.745010,7.597001,23.228001,-125.219009
gyroscope_uncalibrated,287054399647929,287054403354072,3,-0.023824,0.011606,0.043982,0.004887,0.003665,0.000000
accelerometer_uncalibrated,287054399647929,287054403403291,3,0.433351,4.216189,8.702923,0.000000,0.000000,0.000000
magnetic_field_uncalibrated,287054407653710,287054409825830,3,17.214001,-16.403000,-147.737000,7.597001,23.228001,-125.219009
gyroscope_uncalibrated,287054407653710,287054409909854,3,-0.029322,-0.015882,0.061087,0.004887,0.003665,0.000000
accelerometer_uncalibrated,287054407653710,287054409939736,3,0.433351,4.228160,8.846576,0.000000,0.000000,0.000000
magnetic_field_uncalibrated,287054415660468,287054417937432,3,15.964001,-17.800001,-147.399002,7.596000,23.228001,-125.219009
gyroscope_uncalibrated,287054415660468,287054418048916,3,-0.020769,-0.050702,0.073915,0.004887,0.003665,0.000000
accelerometer_uncalibrated,287054415660468,287054418105127,3,0.469264,4.218584,8.908825,0.000000,0.000000,0.000000
magnetic_field_uncalibrated,287054423668125,287054426478330,3,15.615001,-17.748001,-148.153000,7.597001,23.228001,-125.220009
gyroscope_uncalibrated,287054423668125,287054426560635,3,-0.003054,-0.076969,0.081245,0.004887,0.003665,0.000000
accelerometer_uncalibrated,287054423668125,287054426599932,3,0.524330,4.223372,8.997410,0.000000,0.000000,0.000000
magnetic_field_uncalibrated,287054431672382,287054434359971,3,16.120001,-17.063002,-148.699005,7.597001,23.228001,-125.220009
gyroscope_uncalibrated,287054431672382,287054434597627,3,0.009774,-0.084910,0.083078,0.004887,0.003665,0.000000
accelerometer_uncalibrated,287054431672382,287054434643213,3,0.555455,4.197036,9.021352,0.000000,0.000000,0.000000
magnetic_field_uncalibrated,287054439677148,287054442467315,3,16.768002,-17.991001,-146.648010,7.597001,23.228001,-125.220009
gyroscope_uncalibrated,287054439677148,287054442539932,3,0.031154,-0.087965,0.086743,0.004887,0.003665,0.000000
accelerometer_uncalibrated,287054439677148,287054442563330,3,0.605733,4.182671,9.018958,0.000000,0.000000,0.000000
magnetic_field_uncalibrated,287054447683281,287054450613643,3,16.759001,-18.258001,-145.459000,7.597001,23.228001,-125.219009
gyroscope_uncalibrated,287054447683281,287054450707119,3,0.046426,-0.080023,0.091019,0.004887,0.003665,0.000000
accelerometer_uncalibrated,287054447683281,287054450747666,3,0.641646,4.161122,8.963891,0.000000,0.000000,0.000000
magnetic_field_uncalibrated,287054455690703,287054458513135,3,16.673000,-17.638000,-147.081009,7.597001,23.228001,-125.220009
gyroscope_uncalibrated,287054455690703,287054458601963,3,0.050702,-0.072082,0.088575,0.004887,0.003665,0.000000
accelerometer_uncalibrated,287054455690703,287054458636650,3,0.706290,4.156334,8.906430,0.000000,0.000000,0.000000
magnetic_field_uncalibrated,287054463699687,287054469145518,3,15.499001,-17.673000,-148.908005,7.597001,23.228001,-125.220009
gyroscope_uncalibrated,287054463699687,287054469240205,3,0.047647,-0.065973,0.089186,0.004887,0.003665,0.000000
accelerometer_uncalibrated,287054463699687,287054469389463,3,0.715866,4.180276,8.825027,0.000000,0.000000,0.000000
magnetic_field_uncalibrated,287054471707851,287054477123838,3,14.329000,-17.961000,-147.711014,7.597001,23.228001,-125.219009
gyroscope_uncalibrated,287054471707851,287054479592354,3,0.036652,-0.065973,0.084910,0.004887,0.003665,0.000000
accelerometer_uncalibrated,287054471707851,287054479721221,3,0.730232,4.228160,8.769960,0.000000,0.000000,0.000000
magnetic_field_uncalibrated,287054479716875,287054483671690,3,14.916000,-17.815001,-148.040009,7.597001,23.228001,-125.220009
gyroscope_uncalibrated,287054479716875,287054483767705,3,0.018326,-0.061087,0.076969,0.004887,0.003665,0.000000
accelerometer_uncalibrated,287054479716875,287054483796885,3,0.739808,4.268862,8.700529,0.000000,0.000000,0.000000
magnetic_field_uncalibrated,287054487725781,287054489898213,3,15.488001,-17.769001,-149.447006,7.596000,23.228001,-125.219009
gyroscope_uncalibrated,287054487725781,287054490064971,3,0.004276,-0.058643,0.069028,0.004887,0.003665,0.000000
accelerometer_uncalibrated,287054487725781,287054490299697,3,0.744597,4.283227,8.707711,0.000000,0.000000,0.000000
magnetic_field_uncalibrated,287054495733828,287054497973447,3,15.207001,-16.876001,-148.478012,7.597001,23.229002,-125.220009
gyroscope_uncalibrated,287054495733828,287054498090869,3,-0.012217,-0.061697,0.056200,0.004887,0.003665,0.000000
accelerometer_uncalibrated,287054495733828,287054498117354,3,0.730232,4.278439,8.786720,0.000000,0.000000,0.000000
accelerometer_uncalibrated,287054503741914,287054506126104,3,0.758962,4.271256,8.841787,0.000000,0.000000,0.000000
magnetic_field_uncalibrated,287054503741914,287054506249307,3,16.363001,-16.946001,-148.269012,7.597001,23.228001,-125.220009
gyroscope_uncalibrated,287054503741914,287054506432588,3,-0.021380,-0.057421,0.048869,0.004887,0.003665,0.000000
magnetic_field_uncalibrated,287054511752226,287054515247549,3,17.103001,-17.972000,-148.594009,7.596000,23.228001,-125.220009
gyroscope_uncalibrated,287054511752226,287054515581494,3,-0.022602,-0.039095,0.042150,0.004887,0.003665,0.000000
accelerometer_uncalibrated,287054511752226,287054517141338,3,0.718261,4.271256,8.872911,0.000000,0.000000,0.000000
magnetic_field_uncalibrated,287054519757343,287054521944619,3,15.977001,-17.616001,-147.400009,7.597001,23.228001,-125.220009
gyroscope_uncalibrated,287054519757343,287054522018877,3,-0.025045,-0.021380,0.040928,0.004887,0.003665,0.000000
accelerometer_uncalibrated,287054519757343,287054522208525,3,0.725443,4.240131,8.904037,0.000000,0.000000,0.000000
magnetic_field_uncalibrated,287054527762890,287054530086963,3,16.363001,-17.031000,-147.405014,7.597001,23.228001,-125.220009
gyroscope_uncalibrated,287054527762890,287054530186807,3,-0.020769,-0.008552,0.040317,0.004887,0.003665,0.000000
accelerometer_uncalibrated,287054527762890,287054530215479,3,0.703895,4.256891,8.944737,0.000000,0.000000,0.000000
magnetic_field_uncalibrated,287054535766445,287054537760361,3,16.813002,-17.002001,-149.567001,7.596000,23.228001,-125.219009
gyroscope_uncalibrated,287054535766445,287054537844658,3,-0.014661,0.004276,0.048258,0.004887,0.003665,0.000000
accelerometer_uncalibrated,287054535766445,287054537868096,3,0.718261,4.237737,8.961497,0.000000,0.000000,0.000000
accelerometer_uncalibrated,287054543770820,287054546459971,3,0.713472,4.252102,9.006987,0.000000,0.000000,0.000000
magnetic_field_uncalibrated,287054543770820,287054546624775,3,15.460001,-18.226002,-149.121002,7.597001,23.228001,-125.219009
gyroscope_uncalibrated,287054543770820,287054546651065,3,-0.004276,0.000000,0.049480,0.004887,0.003665,0.000000
magnetic_field_uncalibrated,287054551777187,287054553960596,3,15.717001,-17.923000,-148.477005,7.597001,23.228001,-125.220009
gyroscope_uncalibrated,287054551777187,287054554044307,3,0.006720,-0.013439,0.047647,0.004887,0.003665,0.000000
accelerometer_uncalibrated,287054551777187,287054554073838,3,0.730232,4.288015,9.004593,0.000000,0.000000,0.000000
magnetic_field_uncalibrated,287054559780585,287054562032979,3,16.077002,-17.707001,-148.696014,7.597001,23.228001,-125.220009
gyroscope_uncalibrated,287054559780585,287054562115869,3,0.023824,-0.018937,0.048258,0.004887,0.003665,0.000000
accelerometer_uncalibrated,287054559780585,287054562378565,3,0.770933,4.299986,8.944737,0.000000,0.000000,0.000000
magnetic_field_uncalibrated,287054567782148,287054570193994,3,16.388000,-18.313002,-148.264008,7.597001,23.228001,-125.220009
gyroscope_uncalibrated,287054567782148,287054570300947,3,0.031154,-0.017715,0.043371,0.004887,0.003665,0.000000
accelerometer_uncalibrated,287054567782148,287054570331455,3,0.794875,4.292804,8.889671,0.000000,0.000000,0.000000
magnetic_field_uncalibrated,287054575780585,287054577453721,3,16.533001,-17.844002,-148.590012,7.597001,23.228001,-125.219009
gyroscope_uncalibrated,287054575780585,287054577532510,3,0.032987,-0.020159,0.042150,0.004887,0.003665,0.000000
accelerometer_uncalibrated,287054575780585,287054577556377,3,0.823605,4.280833,8.863335,0.000000,0.000000,0.000000
magnetic_field_uncalibrated,287054583781914,287054586004971,3,15.124001,-18.160002,-148.148010,7.597001,23.229002,-125.220009
gyroscope_uncalibrated,287054583781914,287054586109111,3,0.031154,-0.020769,0.040928,0.004887,0.003665,0.000000
accelerometer_uncalibrated,287054583781914,287054586136494,3,0.830788,4.295198,8.793902,0.000000,0.000000,0.000000
magnetic_field_uncalibrated,287054591784492,287054593997510,3,14.034000,-18.817001,-148.570007,7.597001,23.228001,-125.220009
gyroscope_uncalibrated,287054591784492,287054594078955,3,0.023824,-0.018937,0.037263,0.004887,0.003665,0.000000
accelerometer_uncalibrated,287054591784492,287054594275947,3,0.854730,4.302381,8.793902,0.000000,0.000000,0.000000
magnetic_field_uncalibrated,287054599786093,287054604020518,3,13.702001,-18.576000,-148.676010,7.597001,23.228001,-125.219009
gyroscope_uncalibrated,287054599786093,287054604139854,3,0.019548,-0.015272,0.034208,0.004887,0.003665,0.000000
accelerometer_uncalibrated,287054599786093,287054604168955,3,0.873884,4.302381,8.781932,0.000000,0.000000,0.000000
magnetic_field_uncalibrated,287054607787109,287054611318096,3,13.999001,-17.546001,-149.115005,7.597001,23.228001,-125.220009
gyroscope_uncalibrated,287054607787109,287054611413447,3,0.014661,-0.003665,0.031154,0.004887,0.003665,0.000000
accelerometer_uncalibrated,287054607787109,287054611440557,3,0.897826,4.297592,8.760384,0.000000,0.000000,0.000000
magnetic_field_uncalibrated,287054615787148,287054620162940,3,14.941001,-17.275002,-149.554001,7.597001,23.228001,-125.220009
gyroscope_uncalibrated,287054615787148,287054620262471,3,0.009163,0.002443,0.022602,0.004887,0.003665,0.000000
accelerometer_uncalibrated,287054615787148,287054620294033,3,0.936133,4.292804,8.781932,0.000000,0.000000,0.000000
magnetic_field_uncalibrated,287054623790546,287054626578213,3,15.179001,-17.247002,-148.908005,7.597001,23.228001,-125.220009
gyroscope_uncalibrated,287054623790546,287054626680479,3,0.006109,0.009163,0.015882,0.004887,0.003665,0.000000
accelerometer_uncalibrated,287054623790546,287054626708330,3,0.952892,4.288015,8.777143,0.000000,0.000000,0.000000
magnetic_field_uncalibrated,287054631792890,287054634519815,3,16.076000,-17.536001,-150.424011,7.596000,23.228001,-125.220009
gyroscope_uncalibrated,287054631792890,287054634677979,3,0.003665,0.017104,0.001222,0.004887,0.003665,0.000000
accelerometer_uncalibrated,287054631792890,287054634991025,3,0.938527,4.292804,8.767567,0.000000,0.000000,0.000000
magnetic_field_uncalibrated,287054639794140,287054642075947,3,16.297001,-17.869001,-148.913010,7.597001,23.229002,-125.220009
gyroscope_uncalibrated,287054639794140,287054642159971,3,-0.000611,0.017715,-0.003665,0.004887,0.003665,0.000000
accelerometer_uncalibrated,287054639794140,287054642183057,3,0.924162,4.297592,8.762778,0.000000,0.000000,0.000000
magnetic_field_uncalibrated,287054647796406,287054650373643,3,14.952001,-17.264000,-148.150009,7.597001,23.228001,-125.219009
gyroscope_uncalibrated,287054647796406,287054650470088,3,0.000000,0.019548,-0.010385,0.004887,0.003665,0.000000
accelerometer_uncalibrated,287054647796406,287054650520752,3,0.893037,4.299986,8.736442,0.000000,0.000000,0.000000
magnetic_field_uncalibrated,287054655798007,287054657461494,3,14.604001,-17.296001,-147.824005,7.597001,23.228001,-125.220009
gyroscope_uncalibrated,287054655798007,287054657528525,3,-0.007330,0.018937,-0.012828,0.004887,0.003665,0.000000
accelerometer_uncalibrated,287054655798007,287054657558135,3,0.852336,4.295198,8.750807,0.000000,0.000000,0.000000
magnetic_field_uncalibrated,287054663803281,287054668670205,3,15.318001,-17.128000,-146.750000,7.596000,23.228001,-125.220009
gyroscope_uncalibrated,287054663803281,287054668790010,3,-0.006109,0.014661,-0.015882,0.004887,0.003665,0.000000
accelerometer_uncalibrated,287054663803281,287054668821650,3,0.811634,4.276044,8.781932,0.000000,0.000000,0.000000
magnetic_field_uncalibrated,287054671807539,287054673918760,3,15.562000,-16.923000,-146.968002,7.597001,23.228001,-125.219009
gyroscope_uncalibrated,287054671807539,287054673986416,3,-0.004276,-0.003054,-0.017715,0.004887,0.003665,0.000000
accelerometer_uncalibrated,287054671807539,287054674119619,3,0.778116,4.254497,8.786720,0.000000,0.000000,0.000000
magnetic_field_uncalibrated,287054679809609,287054682421924,3,15.922001,-16.793001,-146.431000,7.596000,23.228001,-125.219009
gyroscope_uncalibrated,287054679809609,287054682508643,3,-0.004887,-0.014661,-0.013439,0.004887,0.003665,0.000000
accelerometer_uncalibrated,287054679809609,287054682532666,3,0.758962,4.254497,8.784326,0.000000,0.000000,0.000000
gyroscope_uncalibrated,287054687811562,287054689920830,3,-0.003665,-0.020769,-0.009163,0.004887,0.003665,0.000000
accelerometer_uncalibrated,287054687811562,287054689987432,3,0.766145,4.249708,8.777143,0.000000,0.000000,0.000000
magnetic_field_uncalibrated,287054687811562,287054690248486,3,18.001001,-16.782001,-147.525009,7.596000,23.228001,-125.220009
magnetic_field_uncalibrated,287054695815625,287054700171807,3,17.892000,-16.700001,-147.417007,7.597001,23.229002,-125.220009
gyroscope_uncalibrated,287054695815625,287054701173330,3,-0.002443,-0.023824,-0.005498,0.004887,0.003665,0.000000
accelerometer_uncalibrated,287054695815625,287054701254619,3,0.780510,4.216189,8.791509,0.000000,0.000000,0.000000
magnetic_field_uncalibrated,287054703820703,287054705965791,3,15.588000,-16.555000,-146.862000,7.597001,23.228001,-125.220009
gyroscope_uncalibrated,287054703820703,287054706191924,3,-0.004887,-0.025045,-0.004276,0.004887,0.003665,0.000000
accelerometer_uncalibrated,287054703820703,287054706334072,3,0.816423,4.213795,8.801085,0.000000,0.000000,0.000000
magnetic_field_uncalibrated,287054711822265,287054714318291,3,15.560000,-16.926001,-147.292007,7.597001,23.228001,-125.219009
gyroscope_uncalibrated,287054711822265,287054714390713,3,-0.004887,-0.016493,-0.004887,0.004887,0.003665,0.000000
accelerometer_uncalibrated,287054711822265,287054714421299,3,0.821211,4.218584,8.801085,0.000000,0.000000,0.000000
magnetic_field_uncalibrated,287054719824062,287054722183643,3,16.061001,-16.331001,-147.622009,7.597001,23.229002,-125.220009
gyroscope_uncalibrated,287054719824062,287054722258291,3,-0.006720,-0.009774,-0.005498,0.004887,0.003665,0.000000
accelerometer_uncalibrated,287054719824062,287054722285049,3,0.811634,4.242526,8.789114,0.000000,0.000000,0.000000
magnetic_field_uncalibrated,287054727827460,287054730620557,3,15.683001,-16.736000,-148.049011,7.597001,23.228001,-125.219009
gyroscope_uncalibrated,287054727827460,287054730790010,3,-0.009774,-0.004887,-0.009163,0.004887,0.003665,0.000000
accelerometer_uncalibrated,287054727827460,287054730951963,3,0.809240,4.249708,8.784326,0.000000,0.000000,0.000000
accelerometer_uncalibrated,287054735831757,287054737560713,3,0.802058,4.252102,8.789114,0.000000,0.000000,0.000000
magnetic_field_uncalibrated,287054735831757,287054737651143,3,15.272000,-17.603001,-148.799011,7.597001,23.228001,-125.220009
gyroscope_uncalibrated,287054735831757,287054737673486,3,-0.013439,-0.002443,-0.011606,0.004887,0.003665,0.000000
magnetic_field_uncalibrated,287054743835078,287054746626494,3,15.166000,-17.690001,-146.639008,7.597001,23.228001,-125.220009
gyroscope_uncalibrated,287054743835078,287054746710518,3,-0.017715,0.002443,-0.014050,0.004887,0.003665,0.000000
accelerometer_uncalibrated,287054743835078,287054746739893,3,0.806846,4.264073,8.786720,0.000000,0.000000,0.000000
magnetic_field_uncalibrated,287054751839765,287054754228369,3,15.277000,-17.769001,-146.531006,7.597001,23.229002,-125.220009
gyroscope_uncalibrated,287054751839765,287054754314033,3,-0.020159,0.006109,-0.018937,0.004887,0.003665,0.000000
accelerometer_uncalibrated,287054751839765,287054754347197,3,0.799663,4.254497,8.786720,0.000000,0.000000,0.000000
magnetic_field_uncalibrated,287054759843125,287054762141885,3,15.634001,-17.471001,-148.046005,7.597001,23.228001,-125.219009
gyroscope_uncalibrated,287054759843125,287054762225166,3,-0.027489,0.007330,-0.020159,0.004887,0.003665,0.000000
accelerometer_uncalibrated,287054759843125,287054762244854,3,0.794875,4.252102,8.803479,0.000000,0.000000,0.000000
magnetic_field_uncalibrated,287054767846132,287054770544736,3,16.147001,-16.865002,-146.756012,7.597001,23.228001,-125.219009
gyroscope_uncalibrated,287054767846132,287054770645205,3,-0.028100,-0.001833,-0.026878,0.004887,0.003665,0.000000
accelerometer_uncalibrated,287054767846132,287054770680869,3,0.782904,4.230555,8.860941,0.000000,0.000000,0.000000
magnetic_field_uncalibrated,287054775850742,287054778253799,3,15.294001,-15.760001,-146.647003,7.597001,23.228001,-125.219009
gyroscope_uncalibrated,287054775850742,287054778343408,3,-0.028711,-0.005498,-0.029322,0.004887,0.003665,0.000000
accelerometer_uncalibrated,287054775850742,287054778370830,3,0.751779,4.230555,8.877700,0.000000,0.000000,0.000000
magnetic_field_uncalibrated,287054783855468,287054785866807,3,15.014001,-16.430000,-147.183014,7.597001,23.228001,-125.220009
gyroscope_uncalibrated,287054783855468,287054785938408,3,-0.028100,-0.002443,-0.028711,0.004887,0.003665,0.000000
accelerometer_uncalibrated,287054783855468,287054785963799,3,0.725443,4.228160,8.894460,0.000000,0.000000,0.000000
magnetic_field_uncalibrated,287054791858984,287054794413838,3,15.873001,-17.358002,-148.156006,7.597001,23.228001,-125.219009
gyroscope_uncalibrated,287054791858984,287054794515166,3,-0.025656,0.003665,-0.027489,0.004887,0.003665,0.000000
accelerometer_uncalibrated,287054791858984,287054794544033,3,0.706290,4.209007,8.892065,0.000000,0.000000,0.000000
magnetic_field_uncalibrated,287054799860117,287054802309150,3,16.021000,-16.885000,-147.943008,7.596000,23.228001,-125.219009
gyroscope_uncalibrated,287054799860117,287054802413252,3,-0.026267,0.015272,-0.026267,0.004887,0.003665,0.000000
accelerometer_uncalibrated,287054799860117,287054802442197,3,0.679953,4.197036,8.916007,0.000000,0.000000,0.000000
magnetic_field_uncalibrated,287054807862070,287054810309424,3,15.461000,-16.834002,-145.780014,7.597001,23.228001,-125.219009
gyroscope_uncalibrated,287054807862070,287054810387236,3,-0.022602,0.023824,-0.020159,0.004887,0.003665,0.000000
accelerometer_uncalibrated,287054807862070,287054810412471,3,0.651223,4.192247,8.923190,0.000000,0.000000,0.000000
magnetic_field_uncalibrated,287054815866484,287054818329268,3,15.754001,-17.715000,-145.239014,7.597001,23.228001,-125.220009
gyroscope_uncalibrated,287054815866484,287054818432236,3,-0.021380,0.025045,-0.015882,0.004887,0.003665,0.000000
accelerometer_uncalibrated,287054815866484,287054818461963,3,0.636858,4.187459,8.954314,0.000000,0.000000,0.000000
magnetic_field_uncalibrated,287054823872812,287054828021455,3,16.779001,-17.980001,-145.245010,7.597001,23.229002,-125.220009
gyroscope_uncalibrated,287054823872812,287054828096533,3,-0.015882,0.022602,-0.011606,0.004887,0.003665,0.000000
accelerometer_uncalibrated,287054823872812,287054828125908,3,0.648829,4.177882,8.978256,0.000000,0.000000,0.000000
magnetic_field_uncalibrated,287054831878671,287054834459150,3,17.267000,-17.485001,-146.437012,7.597001,23.228001,-125.219009
gyroscope_uncalibrated,287054831878671,287054834544697,3,-0.007330,0.026267,-0.004887,0.004887,0.003665,0.000000
accelerometer_uncalibrated,287054831878671,287054834593096,3,0.648829,4.158728,8.995016,0.000000,0.000000,0.000000
magnetic_field_uncalibrated,287054839881796,287054842064502,3,16.389000,-16.663000,-147.299011,7.597001,23.228001,-125.220009
gyroscope_uncalibrated,287054839881796,287054842155518,3,0.001222,0.026878,-0.000611,0.004887,0.003665,0.000000
accelerometer_uncalibrated,287054839881796,287054842402822,3,0.672771,4.161122,9.040505,0.000000,0.000000,0.000000
accelerometer_uncalibrated,287054847883515,287054850396611,3,0.696713,4.158728,9.059659,0.000000,0.000000,0.000000
magnetic_field_uncalibrated,287054847883515,287054850541533,3,15.341001,-16.848001,-146.211014,7.597001,23.228001,-125.219009
gyroscope_uncalibrated,287054847883515,287054850570049,3,0.012828,0.038485,0.003054,0.004887,0.003665,0.000000
magnetic_field_uncalibrated,287054855887265,287054858173994,3,16.194000,-17.781000,-147.941010,7.597001,23.229002,-125.220009
gyroscope_uncalibrated,287054855887265,287054858269541,3,0.026878,0.056200,0.005498,0.004887,0.003665,0.000000
accelerometer_uncalibrated,287054855887265,287054858304854,3,0.761356,4.187459,9.083601,0.000000,0.000000,0.000000
magnetic_field_uncalibrated,287054863888828,287054867380400,3,16.610001,-16.652000,-148.920013,7.597001,23.228001,-125.220009
gyroscope_uncalibrated,287054863888828,287054867472041,3,0.036041,0.093462,0.001833,0.004887,0.003665,0.000000
accelerometer_uncalibrated,287054863888828,287054867498760,3,0.792481,4.235343,8.980651,0.000000,0.000000,0.000000
magnetic_field_uncalibrated,287054871890937,287054874721807,3,15.818001,-16.449001,-148.052002,7.597001,23.228001,-125.220009
gyroscope_uncalibrated,287054871890937,287054874802510,3,0.035430,0.105680,-0.004887,0.004887,0.003665,0.000000
accelerometer_uncalibrated,287054871890937,287054874860010,3,0.758962,4.256891,8.999804,0.000000,0.000000,0.000000
magnetic_field_uncalibrated,287054879894414,287054885693760,3,16.378000,-16.845001,-147.082001,7.597001,23.228001,-125.220009
gyroscope_uncalibrated,287054879894414,287054885820010,3,0.037263,0.088575,-0.013439,0.004887,0.003665,0.000000
accelerometer_uncalibrated,287054879894414,287054885871533,3,0.675165,4.259285,9.047688,0.000000,0.000000,0.000000
magnetic_field_uncalibrated,287054887898554,287054890085440,3,16.632000,-16.459002,-147.625000,7.597001,23.228001,-125.219009
gyroscope_uncalibrated,287054887898554,287054890152705,3,0.042761,0.047037,-0.018937,0.004887,0.003665,0.000000
accelerometer_uncalibrated,287054887898554,287054890245791,3,0.588974,4.261679,9.066842,0.000000,0.000000,0.000000
magnetic_field_uncalibrated,287054895902695,287054899188096,3,16.004002,-17.075001,-148.698013,7.597001,23.228001,-125.220009
gyroscope_uncalibrated,287054895902695,287054899845205,3,0.046426,0.004276,-0.012828,0.004887,0.003665,0.000000
accelerometer_uncalibrated,287054895902695,287054900253994,3,0.543484,4.273650,9.066842,0.000000,0.000000,0.000000
magnetic_field_uncalibrated,287054903905468,287054906810205,3,16.050001,-18.163000,-148.262009,7.597001,23.228001,-125.220009
gyroscope_uncalibrated,287054903905468,287054906951690,3,0.051924,-0.018326,-0.009163,0.004887,0.003665,0.000000
accelerometer_uncalibrated,287054903905468,287054906983838,3,0.579397,4.283227,9.028535,0.000000,0.000000,0.000000
magnetic_field_uncalibrated,287054911910117,287054915818760,3,16.967001,-18.346001,-147.943008,7.597001,23.228001,-125.219009
gyroscope_uncalibrated,287054911910117,287054916582744,3,0.054978,-0.029932,0.001833,0.004887,0.003665,0.000000
accelerometer_uncalibrated,287054911910117,287054917222979,3,0.612916,4.288015,8.963891,0.000000,0.000000,0.000000
magnetic_field_uncalibrated,287054919914570,287054922293760,3,16.110001,-19.066000,-147.611008,7.596000,23.228001,-125.220009
gyroscope_uncalibrated,287054919914570,287054922366885,3,0.049480,-0.028100,0.002443,0.004887,0.003665,0.000000
accelerometer_uncalibrated,287054919914570,287054922386065,3,0.679953,4.264073,8.918402,0.000000,0.000000,0.000000
magnetic_field_uncalibrated,287054927919257,287054930629072,3,16.040001,-20.080002,-148.038010,7.597001,23.228001,-125.220009
gyroscope_uncalibrated,287054927919257,287054931004424,3,0.040317,-0.003665,0.002443,0.004887,0.003665,0.000000
accelerometer_uncalibrated,287054927919257,287054931050166,3,0.684742,4.278439,8.896853,0.000000,0.000000,0.000000
magnetic_field_uncalibrated,287054935923046,287054942422822,3,16.934000,-18.808001,-148.265015,7.597001,23.228001,-125.219009
gyroscope_uncalibrated,287054935923046,287054942495205,3,0.030543,0.025045,0.001222,0.004887,0.003665,0.000000
accelerometer_uncalibrated,287054935923046,287054942517002,3,0.701501,4.283227,8.896853,0.000000,0.000000,0.000000
magnetic_field_uncalibrated,287054943925625,287054952641650,3,16.161001,-18.157001,-149.018005,7.597001,23.228001,-125.219009
gyroscope_uncalibrated,287054943925625,287054952722041,3,0.027489,0.078191,0.000000,0.004887,0.003665,0.000000
accelerometer_uncalibrated,287054943925625,287054952742588,3,0.713472,4.264073,8.954314,0.000000,0.000000,0.000000
magnetic_field_uncalibrated,287054951930742,287054954894385,3,15.882001,-18.826000,-149.446014,7.597001,23.228001,-125.220009
gyroscope_uncalibrated,287054951930742,287054954941377,3,0.036652,0.117897,-0.007330,0.004887,0.003665,0.000000
accelerometer_uncalibrated,287054951930742,287054954955947,3,0.715866,4.252102,9.030929,0.000000,0.000000,0.000000
magnetic_field_uncalibrated,287054959935273,287054964225322,3,15.575001,-18.389000,-147.826004,7.597001,23.228001,-125.220009
gyroscope_uncalibrated,287054959935273,287054964308525,3,0.044593,0.127671,-0.015272,0.004887,0.003665,0.000000
accelerometer_uncalibrated,287054959935273,287054964333369,3,0.725443,4.244920,9.062054,0.000000,0.000000,0.000000
magnetic_field_uncalibrated,287054967940039,287054971353877,3,15.517001,-17.483002,-148.045013,7.596000,23.228001,-125.219009
gyroscope_uncalibrated,287054967940039,287054971641455,3,0.063530,0.124617,-0.025045,0.004887,0.003665,0.000000
accelerometer_uncalibrated,287054967940039,287054971709775,3,0.703895,4.254497,9.047688,0.000000,0.000000,0.000000
magnetic_field_uncalibrated,287054975944375,287054979975869,3,15.747001,-17.549002,-147.723007,7.597001,23.229002,-125.220009
gyroscope_uncalibrated,287054975944375,287054980044736,3,0.081245,0.105069,-0.032376,0.004887,0.003665,0.000000
accelerometer_uncalibrated,287054975944375,287054980246768,3,0.711078,4.252102,8.990228,0.000000,0.000000,0.000000
magnetic_field_uncalibrated,287054983947773,287054986961143,3,15.730000,-17.996000,-145.993011,7.597001,23.228001,-125.219009
gyroscope_uncalibrated,287054983947773,287054987036221,3,0.095906,0.078191,-0.037874,0.004887,0.003665,0.000000
accelerometer_uncalibrated,287054983947773,287054987060947,3,0.694318,4.261679,8.935161,0.000000,0.000000,0.000000
magnetic_field_uncalibrated,287054991951445,287054995201807,3,16.463001,-17.294001,-147.189011,7.597001,23.228001,-125.220009
gyroscope_uncalibrated,287054991951445,287054995289932,3,0.108734,0.054367,-0.040317,0.004887,0.003665,0.000000
accelerometer_uncalibrated,287054991951445,287054995323135,3,0.687136,4.280833,8.841787,0.000000,0.000000,0.000000
magnetic_field_uncalibrated,287054999954296,287055002794658,3,17.817001,-17.718000,-148.383011,7.597001,23.229002,-125.219009
gyroscope_uncalibrated,287054999954296,287055002938565,3,0.113010,0.014050,-0.043982,0.004887,0.003665,0.000000
accelerometer_uncalibrated,287054999954296,287055002969932,3,0.694318,4.314352,8.762778,0.000000,0.000000,0.000000
magnetic_field_uncalibrated,287055007958710,287055011088838,3,18.263000,-18.038000,-147.953003,7.597001,23.228001,-125.219009
gyroscope_uncalibrated,287055007958710,287055011170322,3,0.106291,-0.023213,-0.051924,0.004887,0.003665,0.000000
accelerometer_uncalibrated,287055007958710,287055011195752,3,0.682347,4.371812,8.705317,0.000000,0.000000,0.000000
magnetic_field_uncalibrated,287055015963789,287055020353135,3,16.690001,-17.278000,-148.054001,7.597001,23.228001,-125.220009
gyroscope_uncalibrated,287055015963789,287055020529268,3,0.095295,-0.040928,-0.059865,0.004887,0.003665,0.000000
accelerometer_uncalibrated,287055015963789,287055020615635,3,0.679953,4.371812,8.621520,0.000000,0.000000,0.000000
magnetic_field_uncalibrated,287055023969414,287055026652822,3,17.059000,-16.882000,-148.814011,7.597001,23.228001,-125.220009
gyroscope_uncalibrated,287055023969414,287055026735908,3,0.081856,-0.043371,-0.068417,0.004887,0.003665,0.000000
accelerometer_uncalibrated,287055023969414,287055026757588,3,0.634463,4.331111,8.585608,0.000000,0.000000,0.000000
magnetic_field_uncalibrated,287055031973671,287055036806690,3,17.754002,-16.990002,-147.738007,7.597001,23.228001,-125.219009
gyroscope_uncalibrated,287055031973671,287055036872627,3,0.060476,-0.027489,-0.074526,0.004887,0.003665,0.000000
accelerometer_uncalibrated,287055031973671,287055036892119,3,0.579397,4.295198,8.571242,0.000000,0.000000,0.000000
magnetic_field_uncalibrated,287055039975781,287055042375088,3,16.140001,-16.958000,-146.864014,7.597001,23.228001,-125.220009
gyroscope_uncalibrated,287055039975781,287055042534541,3,0.036652,0.013439,-0.070860,0.004887,0.003665,0.000000
accelerometer_uncalibrated,287055039975781,287055042576846,3,0.555455,4.259285,8.604761,0.000000,0.000000,0.000000
magnetic_field_uncalibrated,287055047978593,287055050232588,3,15.456000,-16.838001,-146.428009,7.597001,23.229002,-125.219009
gyroscope_uncalibrated,287055047978593,287055050300752,3,0.019548,0.053145,-0.060476,0.004887,0.003665,0.000000
accelerometer_uncalibrated,287055047978593,287055050475869,3,0.586579,4.228160,8.674192,0.000000,0.000000,0.000000
magnetic_field_uncalibrated,287055055980664,287055058455869,3,15.564001,-17.007000,-145.888000,7.597001,23.228001,-125.219009
gyroscope_uncalibrated,287055055980664,287055058534111,3,0.008552,0.109345,-0.050702,0.004887,0.003665,0.000000
accelerometer_uncalibrated,287055055980664,287055058563018,3,0.622492,4.220978,8.767567,0.000000,0.000000,0.000000
magnetic_field_uncalibrated,287055063983554,287055067215752,3,15.932001,-16.527000,-147.620010,7.597001,23.228001,-125.219009
gyroscope_uncalibrated,287055063983554,287055067290635,3,0.005498,0.155771,-0.048258,0.004887,0.003665,0.000000
accelerometer_uncalibrated,287055063983554,287055067320635,3,0.644040,4.264073,8.836999,0.000000,0.000000,0.000000
magnetic_field_uncalibrated,287055071983046,287055074776455,3,17.890001,-16.702002,-147.632004,7.597001,23.228001,-125.219009
gyroscope_uncalibrated,287055071983046,287055075055752,3,0.013439,0.189368,-0.052534,0.004887,0.003665,0.000000
accelerometer_uncalibrated,287055071983046,287055075097197,3,0.634463,4.331111,8.916007,0.000000,0.000000,0.000000
magnetic_field_uncalibrated,287055079979531,287055083413682,3,18.170000,-17.768002,-147.198013,7.597001,23.228001,-125.220009
gyroscope_uncalibrated,287055079979531,287055083519190,3,0.026878,0.188757,-0.058032,0.004887,0.003665,0.000000
accelerometer_uncalibrated,287055079979531,287055083549815,3,0.651223,4.371812,8.918402,0.000000,0.000000,0.000000
magnetic_field_uncalibrated,287055087979687,287055090959072,3,16.560001,-17.474001,-148.160004,7.597001,23.228001,-125.219009
gyroscope_uncalibrated,287055087979687,287055091050791,3,0.033598,0.156382,-0.069028,0.004887,0.003665,0.000000
accelerometer_uncalibrated,287055087979687,287055091083330,3,0.632069,4.381389,8.868123,0.000000,0.000000,0.000000
magnetic_field_uncalibrated,287055095980468,287055099712744,3,16.024000,-16.969000,-146.863007,7.597001,23.228001,-125.219009
gyroscope_uncalibrated,287055095980468,287055099793643,3,0.036041,0.102625,-0.080023,0.004887,0.003665,0.000000
accelerometer_uncalibrated,287055095980468,287055099824893,3,0.608127,4.400543,8.851364,0.000000,0.000000,0.000000
magnetic_field_uncalibrated,287055103983710,287055106788525,3,16.277000,-16.669001,-146.650009,7.597001,23.228001,-125.219009
gyroscope_uncalibrated,287055103983710,287055106935557,3,0.037874,0.049480,-0.090408,0.004887,0.003665,0.000000
accelerometer_uncalibrated,287055103983710,287055106977666,3,0.579397,4.364630,8.865729,0.000000,0.000000,0.000000
magnetic_field_uncalibrated,287055111987656,287055115955947,3,17.795000,-16.348001,-147.957001,7.596000,23.228001,-125.219009
gyroscope_uncalibrated,287055111987656,287055116088408,3,0.043982,0.017104,-0.092241,0.004887,0.003665,0.000000
accelerometer_uncalibrated,287055111987656,287055116199307,3,0.584185,4.350265,8.832211,0.000000,0.000000,0.000000
magnetic_field_uncalibrated,287055119994375,287055123378408,3,18.088001,-17.229000,-147.416000,7.597001,23.228001,-125.220009
gyroscope_uncalibrated,287055119994375,287055123492197,3,0.040928,-0.012217,-0.103236,0.004887,0.003665,0.000000
accelerometer_uncalibrated,287055119994375,287055123525791,3,0.577003,4.328717,8.822633,0.000000,0.000000,0.000000
magnetic_field_uncalibrated,287055128004140,287055132664971,3,18.016001,-16.596001,-147.202011,7.597001,23.228001,-125.220009
gyroscope_uncalibrated,287055128004140,287055132769385,3,0.043982,-0.021380,-0.114232,0.004887,0.003665,0.000000
accelerometer_uncalibrated,287055128004140,287055132800010,3,0.524330,4.340688,8.908825,0.000000,0.000000,0.000000
magnetic_field_uncalibrated,287055136012226,287055138536494,3,16.190001,-16.050001,-148.380005,7.597001,23.228001,-125.220009
gyroscope_uncalibrated,287055136012226,287055138651025,3,0.045204,-0.012217,-0.117897,0.004887,0.003665,0.000000
accelerometer_uncalibrated,287055136012226,287055138684619,3,0.493206,4.304775,8.916007,0.000000,0.000000,0.000000
magnetic_field_uncalibrated,287055144016054,287055147402744,3,15.695001,-16.639000,-147.294006,7.597001,23.228001,-125.219009
gyroscope_uncalibrated,287055144016054,287055147495752,3,0.047037,0.025656,-0.128282,0.004887,0.003665,0.000000
accelerometer_uncalibrated,287055144016054,287055147522627,3,0.486023,4.252102,8.961497,0.000000,0.000000,0.000000
magnetic_field_uncalibrated,287055152020820,287055154983955,3,17.103001,-16.495001,-146.225006,7.597001,23.228001,-125.220009
gyroscope_uncalibrated,287055152020820,287055155071768,3,0.048258,0.059254,-0.138056,0.004887,0.003665,0.000000
accelerometer_uncalibrated,287055152020820,287055155099463,3,0.586579,4.113238,8.918402,0.000000,0.000000,0.000000
magnetic_field_uncalibrated,287055160025664,287055163605205,3,16.647001,-16.186001,-148.058014,7.597001,23.228001,-125.219009
gyroscope_uncalibrated,287055160025664,287055163692861,3,0.020159,0.014050,-0.174707,0.004887,0.003665,0.000000
accelerometer_uncalibrated,287055160025664,287055163719815,3,0.847547,3.847482,8.858546,0.000000,0.000000,0.000000
magnetic_field_uncalibrated,287055168026992,287055171219346,3,17.670000,-16.454000,-148.280014,7.597001,23.228001,-125.220009
gyroscope_uncalibrated,287055168026992,287055171298135,3,-0.015882,-0.069639,-0.215635,0.004887,0.003665,0.000000
accelerometer_uncalibrated,287055168026992,287055171328369,3,0.675165,4.122815,8.750807,0.000000,0.000000,0.000000
magnetic_field_uncalibrated,287055176029375,287055178656494,3,18.448000,-17.014000,-147.743011,7.597001,23.228001,-125.220009
gyroscope_uncalibrated,287055176029375,287055178763252,3,-0.012828,-0.066584,-0.221133,0.004887,0.003665,0.000000
accelerometer_uncalibrated,287055176029375,287055178976143,3,0.490811,4.458004,8.793902,0.000000,0.000000,0.000000
magnetic_field_uncalibrated,287055184026875,287055187015322,3,17.565001,-16.368000,-147.524002,7.596000,23.228001,-125.220009
gyroscope_uncalibrated,287055184026875,287055187094736,3,0.015882,-0.015272,-0.208916,0.004887,0.003665,0.000000
accelerometer_uncalibrated,287055184026875,287055187121416,3,0.447716,4.647145,8.916007,0.000000,0.000000,0.000000
magnetic_field_uncalibrated,287055192023671,287055195275674,3,17.663000,-16.633001,-147.631012,7.597001,23.228001,-125.219009
gyroscope_uncalibrated,287055192023671,287055196075635,3,0.064141,0.017715,-0.208305,0.004887,0.003665,0.000000
accelerometer_uncalibrated,287055192023671,287055196189229,3,0.560243,4.663905,9.023746,0.000000,0.000000,0.000000
magnetic_field_uncalibrated,287055200025703,287055203890400,3,17.032001,-17.337000,-148.272003,7.597001,23.228001,-125.220009
gyroscope_uncalibrated,287055200025703,287055203977275,3,0.101404,0.017104,-0.225409,0.004887,0.003665,0.000000
accelerometer_uncalibrated,287055200025703,287055204007510,3,0.687136,4.568137,9.045294,0.000000,0.000000,0.000000
magnetic_field_uncalibrated,287055208028789,287055210923721,3,16.622002,-16.640001,-147.300003,7.597001,23.228001,-125.219009
gyroscope_uncalibrated,287055208028789,287055211004307,3,0.142942,-0.010385,-0.280387,0.004887,0.003665,0.000000
accelerometer_uncalibrated,287055208028789,287055211126572,3,0.768539,4.489128,9.033323,0.000000,0.000000,0.000000
magnetic_field_uncalibrated,287055216031992,287055221916846,3,17.146000,-17.415001,-147.840012,7.597001,23.228001,-125.219009
gyroscope_uncalibrated,287055216031992,287055222318760,3,0.180816,-0.042150,-0.354302,0.004887,0.003665,0.000000
accelerometer_uncalibrated,287055216031992,287055223070635,3,0.751779,4.455609,9.018958,0.000000,0.000000,0.000000
magnetic_field_uncalibrated,287055224032382,287055227276924,3,17.700001,-17.731001,-148.491013,7.597001,23.228001,-125.220009
gyroscope_uncalibrated,287055224032382,287055227549268,3,0.209527,-0.072693,-0.415388,0.004887,0.003665,0.000000
accelerometer_uncalibrated,287055224032382,287055227652705,3,0.701501,4.446033,9.026140,0.000000,0.000000,0.000000
magnetic_field_uncalibrated,287055232033242,287055235065088,3,16.960001,-16.875000,-146.438004,7.597001,23.229002,-125.220009
gyroscope_uncalibrated,287055232033242,287055235269932,3,0.240681,-0.113010,-0.479529,0.004887,0.003665,0.000000
accelerometer_uncalibrated,287055232033242,287055235454229,3,0.624887,4.431667,8.935161,0.000000,0.000000,0.000000
magnetic_field_uncalibrated,287055240034570,287055242938877,3,16.628000,-16.548000,-147.301010,7.597001,23.228001,-125.220009
gyroscope_uncalibrated,287055240034570,287055243035127,3,0.249844,-0.140499,-0.519235,0.004887,0.003665,0.000000
accelerometer_uncalibrated,287055240034570,287055243063721,3,0.493206,4.400543,8.872911,0.000000,0.000000,0.000000
magnetic_field_uncalibrated,287055248035429,287055251013799,3,17.643002,-16.824001,-148.602005,7.597001,23.228001,-125.220009
gyroscope_uncalibrated,287055248035429,287055251096924,3,0.246790,-0.153327,-0.529620,0.004887,0.003665,0.000000
accelerometer_uncalibrated,287055248035429,287055251138018,3,0.380678,4.350265,8.813056,0.000000,0.000000,0.000000
magnetic_field_uncalibrated,287055256036367,287055258736533,3,17.446001,-18.031000,-148.812012,7.597001,23.228001,-125.220009
gyroscope_uncalibrated,287055256036367,287055258925830,3,0.233351,-0.144775,-0.521679,0.004887,0.003665,0.000000
accelerometer_uncalibrated,287055256036367,287055258963525,3,0.328006,4.299986,8.729259,0.000000,0.000000,0.000000
magnetic_field_uncalibrated,287055264037070,287055266942940,3,17.237001,-17.686001,-148.812012,7.597001,23.228001,-125.220009
gyroscope_uncalibrated,287055264037070,287055267038994,3,0.219911,-0.108734,-0.503353,0.004887,0.003665,0.000000
accelerometer_uncalibrated,287055264037070,287055267297432,3,0.306458,4.268862,8.710106,0.000000,0.000000,0.000000
magnetic_field_uncalibrated,287055272037109,287055274987510,3,18.032001,-17.972000,-148.384003,7.597001,23.228001,-125.220009
gyroscope_uncalibrated,287055272037109,287055275187627,3,0.226631,-0.025045,-0.518014,0.004887,0.003665,0.000000
accelerometer_uncalibrated,287055272037109,287055275506885,3,0.735020,3.758897,8.614338,0.000000,0.000000,0.000000
magnetic_field_uncalibrated,287055280040078,287055283063291,3,18.911001,-18.793001,-147.415009,7.596000,23.228001,-125.220009
gyroscope_uncalibrated,287055280040078,287055283207666,3,0.252898,0.016493,-0.563829,0.004887,0.003665,0.000000
accelerometer_uncalibrated,287055280040078,287055283407393,3,0.639252,4.079720,8.738836,0.000000,0.000000,0.000000
magnetic_field_uncalibrated,287055288042460,287055290793096,3,19.406000,-18.377001,-146.988007,7.597001,23.228001,-125.220009
gyroscope_uncalibrated,287055288042460,287055290915908,3,0.264505,0.010996,-0.582765,0.004887,0.003665,0.000000
accelerometer_uncalibrated,287055288042460,287055290947940,3,0.349553,4.333505,8.635885,0.000000,0.000000,0.000000
magnetic_field_uncalibrated,287055296043710,287055300719658,3,19.094002,-17.858002,-146.772003,7.597001,23.228001,-125.220009
gyroscope_uncalibrated,287055296043710,287055300962588,3,0.263283,-0.016493,-0.592539,0.004887,0.003665,0.000000
accelerometer_uncalibrated,287055296043710,287055301890869,3,0.179565,4.496311,8.497022,0.000000,0.000000,0.000000
magnetic_field_uncalibrated,287055304044609,287055307175596,3,19.499001,-16.997002,-146.778000,7.597001,23.228001,-125.219009
gyroscope_uncalibrated,287055304044609,287055307255479,3,0.244346,-0.046426,-0.578489,0.004887,0.003665,0.000000
accelerometer_uncalibrated,287055304044609,287055307278565,3,-0.014365,4.577713,8.327033,0.000000,0.000000,0.000000
magnetic_field_uncalibrated,287055312045000,287055315053486,3,20.088001,-16.849001,-146.891006,7.670001,22.924002,-125.220009
gyroscope_uncalibrated,287055312045000,287055315145635,3,0.219911,-0.059865,-0.557109,0.004887,0.003665,0.000000
accelerometer_uncalibrated,287055312045000,287055315172861,3,-0.062249,4.546589,8.192958,0.000000,0.000000,0.000000
magnetic_field_uncalibrated,287055320046015,287055322915440,3,19.732000,-16.889000,-147.644012,7.663001,22.933001,-125.220009
gyroscope_uncalibrated,287055320046015,287055322978916,3,0.171042,-0.081856,-0.521068,0.004887,0.003665,0.000000
accelerometer_uncalibrated,287055320046015,287055323127275,3,-0.004788,4.493917,8.090008,0.000000,0.000000,0.000000
magnetic_field_uncalibrated,287055328046562,287055331131846,3,19.780001,-17.975000,-146.992004,7.663001,22.934002,-125.220009
gyroscope_uncalibrated,287055328046562,287055331383096,3,0.114843,-0.112399,-0.482584,0.004887,0.003665,0.000000
accelerometer_uncalibrated,287055328046562,287055331524815,3,0.031125,4.448427,8.022970,0.000000,0.000000,0.000000
magnetic_field_uncalibrated,287055336046718,287055338735088,3,20.964001,-17.588001,-147.109009,7.663001,22.933001,-125.219009
gyroscope_uncalibrated,287055336046718,287055338798213,3,0.062308,-0.124006,-0.442877,0.004887,0.003665,0.000000
accelerometer_uncalibrated,287055336046718,287055338976572,3,0.055067,4.395754,7.941567,0.000000,0.000000,0.000000
magnetic_field_uncalibrated,287055344049921,287055347660049,3,20.859001,-17.244001,-148.838013,7.663001,22.933001,-125.220009
gyroscope_uncalibrated,287055344049921,287055347740283,3,0.022602,-0.122173,-0.414167,0.004887,0.003665,0.000000
accelerometer_uncalibrated,287055344049921,287055347756885,3,0.114922,4.343082,7.903260,0.000000,0.000000,0.000000
magnetic_field_uncalibrated,287055352053789,287055355241416,3,19.959002,-18.522001,-149.366013,7.663001,22.933001,-125.220009
gyroscope_uncalibrated,287055352053789,287055355308369,3,-0.037263,-0.137445,-0.386678,0.004887,0.003665,0.000000
accelerometer_uncalibrated,287055352053789,287055355326025,3,0.148441,4.338294,7.900866,0.000000,0.000000,0.000000
magnetic_field_uncalibrated,287055360057695,287055363333525,3,20.385000,-17.468000,-148.186005,7.663001,22.934002,-125.220009
gyroscope_uncalibrated,287055360057695,287055363404033,3,-0.088575,-0.152105,-0.366519,0.004887,0.003665,0.000000
accelerometer_uncalibrated,287055360057695,287055363421104,3,0.107739,4.362236,7.994239,0.000000,0.000000,0.000000
magnetic_field_uncalibrated,287055368060742,287055371173447,3,20.311001,-17.008001,-146.568008,7.663001,22.933001,-125.220009
gyroscope_uncalibrated,287055368060742,287055371241455,3,-0.116064,-0.175318,-0.353080,0.004887,0.003665,0.000000
accelerometer_uncalibrated,287055368060742,287055371311455,3,0.071826,4.422091,8.085219,0.000000,0.000000,0.000000
magnetic_field_uncalibrated,287055376063710,287055378912393,3,19.934000,-17.412001,-146.887009,7.663001,22.933001,-125.219009
gyroscope_uncalibrated,287055376063710,287055379465479,3,-0.126449,-0.193644,-0.353080,0.004887,0.003665,0.000000
accelerometer_uncalibrated,287055376063710,287055379780986,3,0.122104,4.371812,8.101978,0.000000,0.000000,0.000000
magnetic_field_uncalibrated,287055384066914,287055387066650,3,18.876001,-17.694000,-146.447006,7.663001,22.933001,-125.219009
gyroscope_uncalibrated,287055384066914,287055387147236,3,-0.131336,-0.223577,-0.367130,0.004887,0.003665,0.000000
accelerometer_uncalibrated,287055384066914,287055387164932,3,0.162806,4.367024,8.166622,0.000000,0.000000,0.000000
magnetic_field_uncalibrated,287055392073281,287055394995127,3,19.796001,-17.788000,-146.453003,7.662000,22.933001,-125.220009
gyroscope_uncalibrated,287055392073281,287055395072197,3,-0.134390,-0.239459,-0.383623,0.004887,0.003665,0.000000
accelerometer_uncalibrated,287055392073281,287055395172354,3,0.174777,4.414908,8.087613,0.000000,0.000000,0.000000
magnetic_field_uncalibrated,287055400079101,287055404078330,3,20.629002,-17.349001,-147.540009,7.663001,22.933001,-125.220009
gyroscope_uncalibrated,287055400079101,287055404172354,3,-0.153327,-0.240070,-0.397673,0.004887,0.003665,0.000000
accelerometer_uncalibrated,287055400079101,287055404199229,3,0.378284,4.206613,7.893683,0.000000,0.000000,0.000000
magnetic_field_uncalibrated,287055408084726,287055412318018,3,21.019001,-16.589001,-148.733002,7.663001,22.933001,-125.219009
gyroscope_uncalibrated,287055408084726,287055412723018,3,-0.175929,-0.085521,-0.502131,0.004887,0.003665,0.000000
accelerometer_uncalibrated,287055408084726,287055413955049,3,1.357512,3.813963,8.255207,0.000000,0.000000,0.000000
magnetic_field_uncalibrated,287055416090781,287055425631182,3,21.340000,-16.841002,-150.138000,7.663001,22.933001,-125.220009
gyroscope_uncalibrated,287055416090781,287055425852666,3,-0.202807,-0.051924,-0.579711,0.004887,0.003665,0.000000
accelerometer_uncalibrated,287055416090781,287055425916611,3,0.804452,4.129998,7.989451,0.000000,0.000000,0.000000
magnetic_field_uncalibrated,287055424097187,287055427984033,3,20.973001,-17.235001,-149.162003,7.663001,22.934002,-125.219009
gyroscope_uncalibrated,287055424097187,287055428156963,3,-0.240070,-0.031765,-0.608422,0.004887,0.003665,0.000000
accelerometer_uncalibrated,287055424097187,287055428237979,3,0.658405,4.553771,8.259995,0.000000,0.000000,0.000000
magnetic_field_uncalibrated,287055432101992,287055439546690,3,21.610001,-16.439001,-148.522003,7.663001,22.933001,-125.220009
gyroscope_uncalibrated,287055432101992,287055439748643,3,-0.271224,-0.042761,-0.598648,0.004887,0.003665,0.000000
accelerometer_uncalibrated,287055432101992,287055439830010,3,0.378284,4.757279,8.267179,0.000000,0.000000,0.000000
magnetic_field_uncalibrated,287055440103945,287055444066377,3,21.590000,-16.630001,-149.493011,7.663001,22.933001,-125.220009
gyroscope_uncalibrated,287055440103945,287055444236533,3,-0.320093,-0.053145,-0.560774,0.004887,0.003665,0.000000
accelerometer_uncalibrated,287055440103945,287055444294580,3,0.217872,4.790798,8.401254,0.000000,0.000000,0.000000
magnetic_field_uncalibrated,287055448104921,287055451322119,3,21.081001,-17.576000,-147.110001,7.663001,22.934002,-125.219009
gyroscope_uncalibrated,287055448104921,287055451486807,3,-0.345750,-0.047037,-0.503964,0.004887,0.003665,0.000000
accelerometer_uncalibrated,287055448104921,287055451541924,3,0.143652,4.730943,8.279149,0.000000,0.000000,0.000000
magnetic_field_uncalibrated,287055456106992,287055458920361,3,21.109001,-17.205000,-146.572006,7.663001,22.933001,-125.219009
gyroscope_uncalibrated,287055456106992,287055459076025,3,-0.400117,0.001222,-0.470977,0.004887,0.003665,0.000000
accelerometer_uncalibrated,287055456106992,287055459193721,3,0.337582,4.467580,8.049306,0.000000,0.000000,0.000000
magnetic_field_uncalibrated,287055464109179,287055469330205,3,21.138000,-16.575001,-148.410004,7.663001,22.933001,-125.219009
gyroscope_uncalibrated,287055464109179,287055469486025,3,-0.433103,0.032987,-0.469755,0.004887,0.003665,0.000000
accelerometer_uncalibrated,287055464109179,287055469554697,3,0.371101,4.347870,8.049306,0.000000,0.000000,0.000000
magnetic_field_uncalibrated,287055472113515,287055476411260,3,22.687000,-16.053001,-147.343002,7.663001,22.933001,-125.219009
gyroscope_uncalibrated,287055472113515,287055476554190,3,-0.520457,0.078191,-0.478307,0.004887,0.003665,0.000000
accelerometer_uncalibrated,287055472113515,287055476615791,3,0.351948,4.165911,7.460332,0.000000,0.000000,0.000000
magnetic_field_uncalibrated,287055480117500,287055483597432,3,22.472000,-15.885001,-146.479004,7.662000,22.933001,-125.220009
gyroscope_uncalibrated,287055480117500,287055483764072,3,-0.655458,0.329256,-0.584598,0.004887,0.003665,0.000000
accelerometer_uncalibrated,287055480117500,287055483830947,3,0.229843,3.998317,7.529764,0.000000,0.000000,0.000000
magnetic_field_uncalibrated,287055488120429,287055491441572,3,20.682001,-16.438002,-148.624008,7.663001,22.933001,-125.220009
gyroscope_uncalibrated,287055488120429,287055491583916,3,-0.759916,0.566883,-0.560774,0.004887,0.003665,0.000000
accelerometer_uncalibrated,287055488120429,287055491682197,3,0.220267,3.229778,7.522582,0.000000,0.000000,0.000000
magnetic_field_uncalibrated,287055496125625,287055499550830,3,21.386002,-16.195002,-149.709000,7.663001,22.933001,-125.219009
gyroscope_uncalibrated,287055496125625,287055499746533,3,-0.813672,0.695776,-0.637132,0.004887,0.003665,0.000000
accelerometer_uncalibrated,287055496125625,287055499828838,3,0.691924,3.208230,9.074024,0.000000,0.000000,0.000000
magnetic_field_uncalibrated,287055504130117,287055507531143,3,22.295002,-14.822001,-148.749008,7.662000,22.933001,-125.219009
gyroscope_uncalibrated,287055504130117,287055507704424,3,-0.688445,0.629802,-0.620639,0.004887,0.003665,0.000000
accelerometer_uncalibrated,287055504130117,287055507782197,3,0.409408,3.608062,10.072407,0.000000,0.000000,0.000000
magnetic_field_uncalibrated,287055512132070,287055515854775,3,22.699001,-13.963000,-148.971008,7.919000,22.806002,-125.219009
gyroscope_uncalibrated,287055512132070,287055516065322,3,-0.563829,0.461203,-0.507629,0.004887,0.003665,0.000000
accelerometer_uncalibrated,287055512132070,287055516161572,3,0.265756,3.948039,10.034100,0.000000,0.000000,0.000000
magnetic_field_uncalibrated,287055520133164,287055524343213,3,24.865002,-14.399001,-149.956009,7.919000,22.806002,-125.220009
gyroscope_uncalibrated,287055520133164,287055524581611,3,-0.451429,0.446543,-0.486860,0.004887,0.003665,0.000000
accelerometer_uncalibrated,287055520133164,287055524692549,3,0.165200,4.096479,9.861717,0.000000,0.000000,0.000000
magnetic_field_uncalibrated,287055528134882,287055531911729,3,25.107000,-14.453001,-148.014008,7.919000,22.807001,-125.220009
gyroscope_uncalibrated,287055528134882,287055532104346,3,-0.307265,0.486860,-0.475253,0.004887,0.003665,0.000000
accelerometer_uncalibrated,287055528134882,287055532199541,3,0.198719,4.146757,9.787497,0.000000,0.000000,0.000000
magnetic_field_uncalibrated,287055536135937,287055539177275,3,23.990002,-13.744000,-148.657013,7.918000,22.807001,-125.220009
gyroscope_uncalibrated,287055536135937,287055539351065,3,-0.175929,0.508240,-0.470366,0.004887,0.003665,0.000000
accelerometer_uncalibrated,287055536135937,287055539426963,3,0.220267,4.139575,9.701305,0.000000,0.000000,0.000000
accelerometer_uncalibrated,287055544137851,287055547245127,3,0.385466,3.924097,9.478644,0.000000,0.000000,0.000000
magnetic_field_uncalibrated,287055544137851,287055548157783,3,26.066002,-13.821001,-149.318008,7.888000,22.910002,-125.219009
gyroscope_uncalibrated,287055544137851,287055548247002,3,-0.071471,0.486860,-0.485638,0.004887,0.003665,0.000000
magnetic_field_uncalibrated,287055552142812,287055555538838,3,27.209002,-14.247001,-147.597000,7.889000,22.910002,-125.220009
gyroscope_uncalibrated,287055552142812,287055555839580,3,-0.008552,0.441656,-0.505796,0.004887,0.003665,0.000000
accelerometer_uncalibrated,287055552142812,287055555942002,3,0.349553,3.639187,9.354146,0.000000,0.000000,0.000000
gyroscope_uncalibrated,287055560146914,287055563221729,3,0.071471,0.322537,-0.519846,0.004887,0.003665,0.000000
accelerometer_uncalibrated,287055560146914,287055563335557,3,0.260968,3.184288,9.536105,0.000000,0.000000,0.000000
magnetic_field_uncalibrated,287055560146914,287055563394150,3,26.098001,-13.533001,-147.592010,7.888000,23.037001,-125.219009
magnetic_field_uncalibrated,287055568152109,287055571218408,3,24.864000,-12.922001,-147.587006,7.888000,23.037001,-125.220009
gyroscope_uncalibrated,287055568152109,287055571346065,3,0.189368,0.124006,-0.513738,0.004887,0.003665,0.000000
accelerometer_uncalibrated,287055568152109,287055571409736,3,0.399832,2.738967,10.019734,0.000000,0.000000,0.000000
magnetic_field_uncalibrated,287055576155742,287055579382588,3,24.944000,-13.462001,-147.585007,7.812000,23.044001,-125.220009
gyroscope_uncalibrated,287055576155742,287055579595635,3,0.378736,-0.067195,-0.504575,0.004887,0.003665,0.000000
accelerometer_uncalibrated,287055576155742,287055579690908,3,0.732626,2.722207,10.366894,0.000000,0.000000,0.000000
magnetic_field_uncalibrated,287055584160039,287055587950479,3,25.458002,-14.418000,-147.800003,7.812000,23.044001,-125.219009
gyroscope_uncalibrated,287055584160039,287055588136650,3,0.533896,-0.150884,-0.518625,0.004887,0.003665,0.000000
accelerometer_uncalibrated,287055584160039,287055588228604,3,1.237802,2.813187,10.488997,0.000000,0.000000,0.000000
gyroscope_uncalibrated,287055592164765,287055595266260,3,0.751364,-0.136223,-0.576657,0.004887,0.003665,0.000000
accelerometer_uncalibrated,287055592164765,287055595451299,3,1.534683,2.935291,10.417171,0.000000,0.000000,0.000000
magnetic_field_uncalibrated,287055592164765,287055596454815,3,25.935001,-14.190001,-148.020004,7.812000,23.044001,-125.219009
magnetic_field_uncalibrated,287055600171445,287055603462236,3,26.193001,-13.886001,-147.160004,7.812000,23.044001,-125.220009
gyroscope_uncalibrated,287055600171445,287055603623604,3,0.991434,0.034208,-0.676228,0.004887,0.003665,0.000000
accelerometer_uncalibrated,287055600171445,287055603703369,3,1.458069,3.040636,10.342952,0.000000,0.000000,0.000000
magnetic_field_uncalibrated,287055608179375,287055611299463,3,24.824001,-13.562000,-147.152008,7.812000,23.044001,-125.220009
gyroscope_uncalibrated,287055608179375,287055611442940,3,1.183857,0.242514,-0.762360,0.004887,0.003665,0.000000
accelerometer_uncalibrated,287055608179375,287055611567822,3,1.154005,3.215413,10.302250,0.000000,0.000000,0.000000
magnetic_field_uncalibrated,287055616184375,287055619479346,3,25.039001,-13.815001,-147.152008,7.812000,23.044001,-125.219009
gyroscope_uncalibrated,287055616184375,287055619710518,3,1.450805,0.572381,-0.874148,0.004887,0.003665,0.000000
accelerometer_uncalibrated,287055616184375,287055620088565,3,0.737414,3.588908,10.316615,0.000000,0.000000,0.000000
magnetic_field_uncalibrated,287055624188984,287055627408643,3,26.973001,-14.358001,-147.163010,7.812000,23.044001,-125.220009
gyroscope_uncalibrated,287055624188984,287055627591807,3,1.714699,0.861320,-0.971887,0.004887,0.003665,0.000000
accelerometer_uncalibrated,287055624188984,287055627683955,3,0.478840,4.007894,10.445902,0.000000,0.000000,0.000000
magnetic_field_uncalibrated,287055632194453,287055635906182,3,26.483002,-14.856001,-146.294006,7.812000,23.044001,-125.220009
gyroscope_uncalibrated,287055632194453,287055636110908,3,1.882076,0.938900,-1.030530,0.004887,0.003665,0.000000
accelerometer_uncalibrated,287055632194453,287055636207666,3,0.047884,5.236119,10.170568,0.000000,0.000000,0.000000
magnetic_field_uncalibrated,287055640199023,287055643383135,3,26.360001,-15.217001,-143.916000,7.775001,22.970001,-125.219009
gyroscope_uncalibrated,287055640199023,287055643520635,3,1.808161,0.788016,-1.051910,0.004887,0.003665,0.000000
accelerometer_uncalibrated,287055640199023,287055643593252,3,-0.059855,5.207389,9.102755,0.000000,0.000000,0.000000
magnetic_field_uncalibrated,287055648206445,287055651908447,3,27.669001,-14.723001,-143.603012,7.774000,22.970001,-125.219009
gyroscope_uncalibrated,287055648206445,287055652132744,3,1.749518,0.859487,-1.105055,0.004887,0.003665,0.000000
accelerometer_uncalibrated,287055648206445,287055652280557,3,-0.292093,4.989516,8.104373,0.000000,0.000000,0.000000
magnetic_field_uncalibrated,287055656211718,287055659595908,3,28.538002,-13.906001,-143.181000,7.774000,22.969002,-125.220009
gyroscope_uncalibrated,287055656211718,287055659780440,3,1.576643,0.883922,-1.086118,0.004887,0.003665,0.000000
accelerometer_uncalibrated,287055656211718,287055659875127,3,-0.553061,5.188235,7.225701,0.000000,0.000000,0.000000
magnetic_field_uncalibrated,287055664216640,287055667194893,3,29.468002,-13.990001,-141.999008,7.774000,22.970001,-125.220009
gyroscope_uncalibrated,287055664216640,287055667379385,3,1.318858,0.949285,-1.058019,0.004887,0.003665,0.000000
accelerometer_uncalibrated,287055664216640,287055667470361,3,-0.679953,5.425261,6.445191,0.000000,0.000000,0.000000
magnetic_field_uncalibrated,287055672219570,287055675379697,3,29.554001,-14.353001,-142.862000,7.654000,23.025002,-125.220009
gyroscope_uncalibrated,287055672219570,287055675523408,3,1.107499,1.048856,-1.020756,0.004887,0.003665,0.000000
accelerometer_uncalibrated,287055672219570,287055675586182,3,-1.182736,5.949591,6.098032,0.000000,0.000000,0.000000
magnetic_field_uncalibrated,287055680221328,287055683421572,3,29.334002,-14.190001,-142.645004,7.653000,23.025002,-125.220009
gyroscope_uncalibrated,287055680221328,287055683622900,3,0.809396,1.282206,-0.891252,0.004887,0.003665,0.000000
accelerometer_uncalibrated,287055680221328,287055683715791,3,-2.054225,6.627151,5.906496,0.000000,0.000000,0.000000
magnetic_field_uncalibrated,287055688223710,287055691927744,3,31.414001,-14.349001,-142.010010,7.623000,22.957001,-125.219009
gyroscope_uncalibrated,287055688223710,287055692070557,3,0.524122,1.593747,-0.643852,0.004887,0.003665,0.000000
accelerometer_uncalibrated,287055688223710,287055692133643,3,-3.404555,7.474698,5.796362,0.000000,0.000000,0.000000
magnetic_field_uncalibrated,287055696225703,287055699138447,3,32.718002,-14.033001,-140.941010,7.623000,22.957001,-125.220009
gyroscope_uncalibrated,287055696225703,287055699276729,3,0.306043,1.847257,-0.365297,0.004887,0.003665,0.000000
accelerometer_uncalibrated,287055696225703,287055699482588,3,-5.054160,8.252813,5.590461,0.000000,0.000000,0.000000
magnetic_field_uncalibrated,287055704226484,287055707354033,3,31.800001,-14.023001,-139.747009,7.623000,22.957001,-125.220009
gyroscope_uncalibrated,287055704226484,287055707500986,3,-0.031765,2.125811,0.094684,0.004887,0.003665,0.000000
accelerometer_uncalibrated,287055704226484,287055707574033,3,-5.916072,7.881712,5.631162,0.000000,0.000000,0.000000
magnetic_field_uncalibrated,287055712228125,287055716701650,3,32.050003,-13.812000,-139.102005,7.598001,23.095001,-125.220009
gyroscope_uncalibrated,287055712228125,287055716901416,3,-0.412334,2.140472,0.442266,0.004887,0.003665,0.000000
accelerometer_uncalibrated,287055712228125,287055717002979,3,-4.905719,6.430826,5.992687,0.000000,0.000000,0.000000
magnetic_field_uncalibrated,287055720233789,287055723291846,3,32.099003,-13.163001,-138.348999,7.486001,23.217001,-125.220009
gyroscope_uncalibrated,287055720233789,287055723433604,3,-0.779464,1.926669,0.579100,0.004887,0.003665,0.000000
accelerometer_uncalibrated,287055720233789,287055723507588,3,-3.514688,4.946421,6.461950,0.000000,0.000000,0.000000
magnetic_field_uncalibrated,287055728235390,287055731489268,3,30.755001,-12.384001,-138.991013,7.485000,23.218000,-125.219009
gyroscope_uncalibrated,287055728235390,287055731691494,3,-1.001208,1.739133,0.585820,0.004887,0.003665,0.000000
accelerometer_uncalibrated,287055728235390,287055731768916,3,-2.904167,4.378995,7.015011,0.000000,0.000000,0.000000
magnetic_field_uncalibrated,287055736237226,287055739328760,3,30.445002,-11.864000,-138.559006,7.268000,23.270000,-125.219009
gyroscope_uncalibrated,287055736237226,287055739510283,3,-1.179581,1.595580,0.528398,0.004887,0.003665,0.000000
accelerometer_uncalibrated,287055736237226,287055739605166,3,-2.652776,4.446033,7.881712,0.000000,0.000000,0.000000
magnetic_field_uncalibrated,287055744239375,287055747365596,3,30.998001,-12.352000,-137.697006,7.268000,23.270000,-125.219009
gyroscope_uncalibrated,287055744239375,287055747517900,3,-1.205237,1.610852,0.441045,0.004887,0.003665,0.000000
accelerometer_uncalibrated,287055744239375,287055747634893,3,-2.573767,4.649539,8.743625,0.000000,0.000000,0.000000
magnetic_field_uncalibrated,287055752245195,287055755187354,3,31.228001,-13.982000,-138.988007,6.985000,23.353001,-125.220009
gyroscope_uncalibrated,287055752245195,287055755359815,3,-1.103223,1.693318,0.367741,0.004887,0.003665,0.000000
accelerometer_uncalibrated,287055752245195,287055755441299,3,-2.530671,4.738125,9.713276,0.000000,0.000000,0.000000
magnetic_field_uncalibrated,287055760248945,287055763499346,3,31.949001,-13.636001,-138.670013,6.986001,23.353001,-125.220009
gyroscope_uncalibrated,287055760248945,287055763695283,3,-0.964556,1.744631,0.332922,0.004887,0.003665,0.000000
accelerometer_uncalibrated,287055760248945,287055763779346,3,-2.466028,4.680665,10.405201,0.000000,0.000000,0.000000
magnetic_field_uncalibrated,287055768253320,287055771989502,3,33.075001,-12.428000,-138.251007,6.874001,23.407001,-125.220009
gyroscope_uncalibrated,287055768253320,287055772270440,3,-0.711047,1.784337,0.319483,0.004887,0.003665,0.000000
accelerometer_uncalibrated,287055768253320,287055772372275,3,-2.408567,4.568137,10.881647,0.000000,0.000000,0.000000
magnetic_field_uncalibrated,287055776256406,287055779958721,3,32.991001,-13.456000,-140.513000,6.875000,23.407001,-125.220009
gyroscope_uncalibrated,287055776256406,287055780179932,3,-0.380569,1.832596,0.320093,0.004887,0.003665,0.000000
accelerometer_uncalibrated,287055776256406,287055780295283,3,-2.487576,4.491522,11.123461,0.000000,0.000000,0.000000
magnetic_field_uncalibrated,287055784258789,287055787454619,3,32.028000,-14.091001,-139.639999,6.875000,23.407001,-125.219009
gyroscope_uncalibrated,287055784258789,287055787590166,3,-0.109956,1.829541,0.317039,0.004887,0.003665,0.000000
accelerometer_uncalibrated,287055784258789,287055787665166,3,-2.585738,4.484340,11.068395,0.000000,0.000000,0.000000
magnetic_field_uncalibrated,287055792259023,287055795668486,3,32.043003,-13.818001,-139.965012,6.874001,23.407001,-125.219009
gyroscope_uncalibrated,287055792259023,287055795862432,3,0.194866,1.780672,0.243735,0.004887,0.003665,0.000000
accelerometer_uncalibrated,287055792259023,287055796011025,3,-3.071761,4.431667,10.295067,0.000000,0.000000,0.000000
magnetic_field_uncalibrated,287055800260351,287055804124033,3,31.586002,-13.769001,-139.639008,7.064000,23.410002,-125.220009
gyroscope_uncalibrated,287055800260351,287055804345322,3,0.430660,1.661554,0.202196,0.004887,0.003665,0.000000
accelerometer_uncalibrated,287055800260351,287055804452432,3,-3.275268,4.786009,9.854534,0.000000,0.000000,0.000000
magnetic_field_uncalibrated,287055808263554,287055811646299,3,32.650002,-13.739000,-136.947006,7.064000,23.410002,-125.220009
gyroscope_uncalibrated,287055808263554,287055811820674,3,0.637132,1.433090,0.225409,0.004887,0.003665,0.000000
accelerometer_uncalibrated,287055808263554,287055811906690,3,-3.457227,5.039794,9.327810,0.000000,0.000000,0.000000
magnetic_field_uncalibrated,287055816267851,287055819242236,3,33.267002,-13.219001,-136.413010,7.063000,23.410002,-125.219009
gyroscope_uncalibrated,287055816267851,287055819385674,3,0.754419,1.233948,0.246179,0.004887,0.003665,0.000000
accelerometer_uncalibrated,287055816267851,287055819464385,3,-3.902549,5.030218,8.650250,0.000000,0.000000,0.000000
magnetic_field_uncalibrated,287055824272539,287055828969346,3,31.249001,-13.875001,-137.045013,7.064000,23.411001,-125.220009
gyroscope_uncalibrated,287055824272539,287055829125400,3,0.844216,0.980439,0.265726,0.004887,0.003665,0.000000
accelerometer_uncalibrated,287055824272539,287055829203994,3,-4.074931,4.994305,7.843405,0.000000,0.000000,0.000000
magnetic_field_uncalibrated,287055832278671,287055835980674,3,30.363001,-14.968000,-137.358002,6.954000,23.429001,-125.219009
gyroscope_uncalibrated,287055832278671,287055836143330,3,0.855822,0.706160,0.271835,0.004887,0.003665,0.000000
accelerometer_uncalibrated,287055832278671,287055836388643,3,-4.137180,5.039794,7.273585,0.000000,0.000000,0.000000
magnetic_field_uncalibrated,287055840285781,287055844218330,3,31.206001,-14.605000,-136.286011,6.954000,23.429001,-125.220009
gyroscope_uncalibrated,287055840285781,287055844424502,3,0.808175,0.443488,0.290161,0.004887,0.003665,0.000000
accelerometer_uncalibrated,287055840285781,287055844530166,3,-4.201824,5.111620,6.665458,0.000000,0.000000,0.000000
magnetic_field_uncalibrated,287055848293007,287055852130986,3,32.430000,-13.662001,-135.973999,6.954000,23.430000,-125.220009
gyroscope_uncalibrated,287055848293007,287055852349385,3,0.744034,0.277333,0.307265,0.004887,0.003665,0.000000
accelerometer_uncalibrated,287055848293007,287055852452940,3,-4.156334,5.190629,6.246472,0.000000,0.000000,0.000000
magnetic_field_uncalibrated,287055856297070,287055859438486,3,31.594002,-14.018001,-136.075012,6.954000,23.429001,-125.220009
gyroscope_uncalibrated,287055856297070,287055859807900,3,0.634078,0.072082,0.329867,0.004887,0.003665,0.000000
accelerometer_uncalibrated,287055856297070,287055859932432,3,-3.919308,5.226542,5.717354,0.000000,0.000000,0.000000
magnetic_field_uncalibrated,287055864303398,287055868435947,3,31.429001,-14.764001,-136.070999,6.954000,23.430000,-125.220009
gyroscope_uncalibrated,287055864303398,287055868535283,3,0.282831,0.123395,0.344528,0.004887,0.003665,0.000000
accelerometer_uncalibrated,287055864303398,287055868566065,3,-4.393360,5.774815,1.630451,0.000000,0.000000,0.000000
magnetic_field_uncalibrated,287055872312539,287055875378916,3,31.262001,-15.683001,-134.554001,6.954000,23.429001,-125.219009
gyroscope_uncalibrated,287055872312539,287055875672510,3,-0.052534,-0.084910,0.353691,0.004887,0.003665,0.000000
accelerometer_uncalibrated,287055872312539,287055875868525,3,-3.960010,5.410896,5.001487,0.000000,0.000000,0.000000
magnetic_field_uncalibrated,287055880317929,287055883371338,3,30.741001,-16.555000,-134.547012,6.954000,23.430000,-125.219009
gyroscope_uncalibrated,287055880317929,287055883479619,3,-0.240070,-0.464868,0.296270,0.004887,0.003665,0.000000
accelerometer_uncalibrated,287055880317929,287055883512432,3,-3.507505,5.070919,6.181829,0.000000,0.000000,0.000000
magnetic_field_uncalibrated,287055888323984,287055891514111,3,33.273003,-15.034000,-134.894012,6.954000,23.429001,-125.219009
gyroscope_uncalibrated,287055888323984,287055891593252,3,-0.269392,-0.632856,0.169210,0.004887,0.003665,0.000000
accelerometer_uncalibrated,287055888323984,287055891617783,3,-3.028665,5.224148,7.084443,0.000000,0.000000,0.000000
magnetic_field_uncalibrated,287055896330507,287055900513018,3,33.210003,-14.306001,-134.357010,6.954000,23.429001,-125.219009
gyroscope_uncalibrated,287055896330507,287055900666143,3,-0.206472,-0.655458,0.013439,0.004887,0.003665,0.000000
accelerometer_uncalibrated,287055896330507,287055900731416,3,-2.700660,5.379771,7.721301,0.000000,0.000000,0.000000
magnetic_field_uncalibrated,287055904337734,287055908225830,3,31.983002,-15.166000,-135.857010,6.954000,23.429001,-125.220009
gyroscope_uncalibrated,287055904337734,287055908320518,3,-0.141721,-0.636522,-0.097738,0.004887,0.003665,0.000000
accelerometer_uncalibrated,287055904337734,287055908350400,3,-2.647987,5.396531,8.178593,0.000000,0.000000,0.000000
magnetic_field_uncalibrated,287055912345117,287055915306572,3,32.303001,-15.505001,-136.613007,6.954000,23.429001,-125.219009
gyroscope_uncalibrated,287055912345117,287055915420791,3,-0.061087,-0.568105,-0.219301,0.004887,0.003665,0.000000
accelerometer_uncalibrated,287055912345117,287055915449307,3,-2.731784,5.511452,8.293514,0.000000,0.000000,0.000000
accelerometer_uncalibrated,287055920353671,287055923150674,3,-2.896984,5.549759,8.176199,0.000000,0.000000,0.000000
magnetic_field_uncalibrated,287055920353671,287055923518018,3,33.536003,-14.468000,-135.870010,6.954000,23.429001,-125.220009
gyroscope_uncalibrated,287055920353671,287055923838721,3,-0.008552,-0.444099,-0.301767,0.004887,0.003665,0.000000
magnetic_field_uncalibrated,287055928360312,287055931125830,3,33.093002,-14.060000,-136.732010,6.954000,23.429001,-125.219009
gyroscope_uncalibrated,287055928360312,287055931201729,3,-0.011606,-0.300546,-0.342695,0.004887,0.003665,0.000000
accelerometer_uncalibrated,287055928360312,287055931228486,3,-2.932897,5.303157,7.967903,0.000000,0.000000,0.000000
magnetic_field_uncalibrated,287055936369843,287055938795986,3,31.480001,-15.591001,-137.471008,6.954000,23.429001,-125.219009
gyroscope_uncalibrated,287055936369843,287055939040635,3,-0.038485,-0.204640,-0.346361,0.004887,0.003665,0.000000
accelerometer_uncalibrated,287055936369843,287055940258721,3,-3.086126,5.116409,7.850587,0.000000,0.000000,0.000000
magnetic_field_uncalibrated,287055944376523,287055947230322,3,32.535000,-15.398001,-137.587006,6.954000,23.429001,-125.220009
gyroscope_uncalibrated,287055944376523,287055947313252,3,-0.098960,-0.129503,-0.316428,0.004887,0.003665,0.000000
accelerometer_uncalibrated,287055944376523,287055947343877,3,-3.366248,5.039794,7.867347,0.000000,0.000000,0.000000
magnetic_field_uncalibrated,287055952382890,287055955475010,3,32.554001,-15.121000,-137.480011,6.954000,23.430000,-125.219009
gyroscope_uncalibrated,287055952382890,287055955595713,3,-0.158214,-0.100793,-0.245568,0.004887,0.003665,0.000000
accelerometer_uncalibrated,287055952382890,287055955626533,3,-3.600879,5.006276,7.833828,0.000000,0.000000,0.000000
magnetic_field_uncalibrated,287055960388046,287055963462080,3,31.312002,-16.339001,-137.791000,6.954000,23.430000,-125.220009
gyroscope_uncalibrated,287055960388046,287055963566143,3,-0.203418,-0.127060,-0.146608,0.004887,0.003665,0.000000
accelerometer_uncalibrated,287055960388046,287055963595361,3,-3.780444,4.970363,7.869741,0.000000,0.000000,0.000000
magnetic_field_uncalibrated,287055968392656,287055971674072,3,32.133003,-16.084002,-138.769012,6.954000,23.429001,-125.220009
gyroscope_uncalibrated,287055968392656,287055972083135,3,-0.219911,-0.174707,-0.069639,0.004887,0.003665,0.000000
accelerometer_uncalibrated,287055968392656,287055972336182,3,-3.804387,4.982334,8.027759,0.000000,0.000000,0.000000
