Time since start (ms),ACCELEROMETER X (m/s^2),ACCELEROMETER Y (m/s^2),ACCELEROMETER Z (m/s^2),GRAVITY X (m/s^2),GRAVITY Y (m/s^2),GRAVITY Z (m/s^2),GYROSCOPE X (rad/s),GYROSCOPE Y (rad/s),GYROSCOPE Z (rad/s),MAGNETIC FIELD X (uT),MAGNETIC FIELD Y (uT),MAGNETIC FIELD Z (uT),ORIENTATION (yaw deg),ORIENTATION (pitch deg),ORIENTATION (roll deg),GPS Latitude (deg),GPS Longitude (deg),GPS Altitude (m),GPS Speed (m/s),GPS Accuracy (m),GPS Orientation (deg),Satellites in range,DATE (YYYY-MO-DD HH-MI-SS_SSS)
104.0,-0.059855,0.280122,9.844957,-0.074482,0.295915,9.801902,-0.068417,-0.145997,0.003054,1.625000,-32.100002,-38.039001,-179.998,-1.729,0.435,,,,,,,,2026-09-13 03:11:48.651
200.1,-0.098162,0.299275,9.718064,-0.067235,0.292522,9.802055,0.007941,0.011606,-0.000611,-0.699000,-30.841002,-34.574001,-179.256,-1.709,0.393,,,,,,,,2026-09-13 03:11:48.747
304.1,-0.083797,0.292093,9.775525,-0.066181,0.292284,9.802070,0.000611,0.000611,0.001833,1.630000,-30.532001,-35.670002,-179.009,-1.708,0.387,,,,,,,,2026-09-13 03:11:48.851
400.1,-0.040701,0.280122,9.756371,-0.065011,0.291753,9.802094,0.000000,-0.003054,0.000000,1.371000,-29.361002,-34.270000,-179.276,-1.705,0.380,,,,,,,,2026-09-13 03:11:48.947
504.2,-0.055067,0.258574,9.825804,-0.063908,0.291256,9.802116,-0.000611,0.001222,0.000611,0.684000,-29.244001,-34.158001,-179.205,-1.702,0.374,,,,,,,,2026-09-13 03:11:49.051
600.2,-0.059855,0.282516,9.792285,-0.063546,0.290884,9.802130,0.003665,0.003054,-0.001222,-0.667000,-30.294001,-35.116001,-179.385,-1.700,0.371,,,,,,,,2026-09-13 03:11:49.147
704.1,-0.062249,0.282516,9.787497,-0.063801,0.291444,9.802111,-0.001222,-0.000611,0.000000,0.596000,-30.275002,-36.852001,-179.575,-1.703,0.373,,,,,,,,2026-09-13 03:11:49.251
800.1,-0.035913,0.272939,9.816227,-0.062996,0.291008,9.802129,-0.001833,-0.003665,0.000611,1.005000,-31.317001,-34.799000,-179.336,-1.700,0.368,,,,,,,,2026-09-13 03:11:49.347
904.2,-0.069432,0.287304,9.792285,-0.062734,0.291000,9.802131,0.001833,0.004276,0.001222,1.198000,-30.200001,-34.373001,-179.288,-1.700,0.367,,,,,,,,2026-09-13 03:11:49.451
1000.2,-0.035913,0.282516,9.777920,-0.062478,0.291445,9.802119,0.003054,0.000611,-0.000611,0.617000,-30.082001,-35.665001,-179.289,-1.703,0.365,,,,,,,,2026-09-13 03:11:49.547
1104.2,-0.057461,0.263362,9.794679,-0.062184,0.291259,9.802127,0.000000,-0.002443,-0.001833,1.183000,-30.386002,-34.696003,-179.287,-1.702,0.363,,,,,,,,2026-09-13 03:11:49.651
1200.2,-0.040701,0.282516,9.782708,-0.061645,0.290887,9.802141,0.001222,0.000000,0.000611,1.216000,-29.924002,-34.374001,-179.289,-1.700,0.360,,,,,,,,2026-09-13 03:11:49.747
1304.2,-0.067038,0.282516,9.792285,-0.061342,0.290699,9.802149,0.001833,0.001833,0.000611,0.285000,-31.662001,-35.009003,-179.291,-1.699,0.359,,,,,,,,2026-09-13 03:11:49.851
1400.2,-0.045490,0.272939,9.806650,-0.061644,0.290782,9.802144,-0.001833,-0.000611,0.000000,0.827000,-30.340002,-36.313004,-179.291,-1.699,0.360,,,,,,,,2026-09-13 03:11:49.947
1504.2,-0.062249,0.284910,9.794679,-0.061472,0.290449,9.802155,0.000611,-0.001222,0.000000,0.647000,-31.187002,-37.496002,-179.295,-1.697,0.359,,,,,,,,2026-09-13 03:11:50.051
1600.2,-0.031125,0.275333,9.804255,-0.061216,0.290582,9.802153,0.001222,-0.000611,0.000000,0.963000,-30.138000,-35.451000,-179.297,-1.698,0.358,,,,,,,,2026-09-13 03:11:50.147
1704.2,-0.059855,0.272939,9.811439,-0.061128,0.290771,9.802148,0.001222,0.003665,0.000000,-1.073000,-31.157001,-35.326000,-179.298,-1.699,0.357,,,,,,,,2026-09-13 03:11:50.251
1800.3,-0.038307,0.280122,9.782708,-0.061431,0.290344,9.802158,0.000000,0.000611,0.001222,0.055000,-29.946001,-34.475002,-179.299,-1.697,0.359,,,,,,,,2026-09-13 03:11:50.347
1904.3,-0.057461,0.268151,9.825804,-0.060857,0.289546,9.802186,0.000000,0.001222,0.000000,-0.219000,-30.611002,-34.362003,-179.302,-1.692,0.356,,,,,,,,2026-09-13 03:11:50.451
2000.4,-0.050278,0.270545,9.804255,-0.060957,0.289234,9.802195,0.001222,0.004887,0.000000,1.066000,-28.834002,-33.082001,-179.284,-1.690,0.356,,,,,,,,2026-09-13 03:11:50.547
2104.4,-0.064643,0.284910,9.773131,-0.061233,0.289187,9.802195,-0.003054,-0.004276,0.001222,-0.004000,-29.128002,-34.262001,-179.286,-1.690,0.358,,,,,,,,2026-09-13 03:11:50.651
2200.5,-0.021548,0.277727,9.792285,-0.060506,0.288554,9.802217,-0.001833,-0.004276,0.001222,0.586000,-30.629002,-35.015003,-179.288,-1.686,0.354,,,,,,,,2026-09-13 03:11:50.747
2304.6,-0.083797,0.277727,9.821015,-0.059940,0.288314,9.802228,0.004276,0.005498,-0.000611,-0.678000,-28.742001,-34.907001,-179.289,-1.685,0.350,,,,,,,,2026-09-13 03:11:50.851
2400.6,-0.031125,0.272939,9.794679,-0.060618,0.288508,9.802217,0.003054,0.000611,0.002443,-1.157000,-30.620001,-35.759003,-179.292,-1.686,0.354,,,,,,,,2026-09-13 03:11:50.947
2504.6,-0.047884,0.272939,9.849746,-0.059946,0.288085,9.802235,-0.001222,0.000611,0.001222,1.092000,-29.943001,-35.453003,-179.293,-1.683,0.350,,,,,,,,2026-09-13 03:11:51.051
2600.7,-0.045490,0.268151,9.818622,-0.059864,0.287625,9.802248,0.001833,0.004276,0.000611,-0.544000,-30.277002,-34.361000,-179.294,-1.681,0.350,,,,,,,,2026-09-13 03:11:51.147
2704.7,-0.062249,0.294487,9.799467,-0.060231,0.287891,9.802238,0.000000,0.000000,0.000000,0.627000,-30.159002,-33.614002,-179.294,-1.682,0.352,,,,,,,,2026-09-13 03:11:51.251
2800.7,-0.038307,0.270545,9.797073,-0.061023,0.287565,9.802243,0.000000,-0.001833,-0.001222,1.003000,-29.583002,-34.914001,-179.295,-1.680,0.357,,,,,,,,2026-09-13 03:11:51.347
2904.7,-0.071826,0.272939,9.811439,-0.060038,0.286907,9.802269,0.000611,0.002443,-0.001222,0.596000,-30.360001,-35.988003,-179.299,-1.677,0.351,,,,,,,,2026-09-13 03:11:51.451
2992.7,-0.031125,0.277727,9.813833,-0.060326,0.286132,9.802289,0.000611,0.000000,-0.003054,0.358000,-30.559002,-35.014000,-179.300,-1.672,0.353,,,,,,,,2026-09-13 03:11:51.539
3104.8,-0.062249,0.272939,9.823410,-0.059616,0.286361,9.802287,0.000000,0.002443,0.000000,1.578000,-29.621002,-35.242001,-179.301,-1.673,0.348,,,,,,,,2026-09-13 03:11:51.651
3200.8,-0.038307,0.270545,9.797073,-0.060085,0.286536,9.802279,-0.000611,-0.003054,0.000611,-0.554000,-30.544001,-33.173000,-179.303,-1.674,0.351,,,,,,,,2026-09-13 03:11:51.747
3304.8,-0.069432,0.280122,9.806650,-0.058758,0.286380,9.802292,-0.001222,0.001833,0.001222,-1.294000,-31.081001,-34.461002,-179.286,-1.673,0.343,,,,,,,,2026-09-13 03:11:51.851
3400.8,-0.052672,0.289698,9.799467,-0.059080,0.286022,9.802300,0.003054,0.003054,0.000000,1.365000,-29.538002,-33.405003,-179.286,-1.671,0.345,,,,,,,,2026-09-13 03:11:51.947
3504.9,-0.045490,0.272939,9.806650,-0.058783,0.286089,9.802299,-0.003054,-0.004887,0.000611,1.283000,-30.563002,-35.344002,-179.289,-1.672,0.344,,,,,,,,2026-09-13 03:11:52.051
3600.9,-0.035913,0.277727,9.809045,-0.057893,0.285692,9.802317,0.000000,-0.003054,-0.000611,1.297000,-30.378002,-35.129002,-179.289,-1.669,0.338,,,,,,,,2026-09-13 03:11:52.147
3696.9,-0.069432,0.289698,9.813833,-0.056642,0.285489,9.802330,0.003665,0.003665,0.001222,1.475000,-29.361002,-35.890003,-179.291,-1.668,0.331,,,,,,,,2026-09-13 03:11:52.243
3800.9,-0.045490,0.277727,9.785102,-0.057290,0.285727,9.802320,0.000000,-0.001222,-0.001833,1.134000,-30.950001,-36.421001,-179.294,-1.670,0.335,,,,,,,,2026-09-13 03:11:52.347
3904.9,-0.045490,0.280122,9.811439,-0.055488,0.285533,9.802335,0.000000,-0.003054,-0.000611,1.205000,-30.021002,-35.022003,-179.293,-1.668,0.324,,,,,,,,2026-09-13 03:11:52.451
4001.0,-0.057461,0.277727,9.797073,-0.055438,0.285297,9.802342,0.003665,0.003665,0.001222,-0.019000,-31.136002,-33.929001,-179.293,-1.667,0.324,,,,,,,,2026-09-13 03:11:52.548
4097.0,-0.074220,0.277727,9.809045,-0.055136,0.285395,9.802341,0.000000,0.003054,0.000611,-0.248000,-30.897001,-35.764000,-179.296,-1.668,0.322,,,,,,,,2026-09-13 03:11:52.644
4201.0,-0.028730,0.270545,9.768343,-0.054979,0.285230,9.802347,-0.001833,-0.004276,-0.001222,1.793000,-29.788002,-35.998001,-179.297,-1.667,0.321,,,,,,,,2026-09-13 03:11:52.748
4305.0,-0.057461,0.263362,9.823410,-0.054019,0.285318,9.802350,0.003665,0.004276,0.001222,-0.461000,-28.821001,-36.311001,-179.299,-1.667,0.316,,,,,,,,2026-09-13 03:11:52.852
4401.0,-0.059855,0.263362,9.782708,-0.054304,0.286114,9.802325,0.001222,0.000000,-0.000611,0.965000,-29.964001,-36.748001,-179.300,-1.672,0.317,,,,,,,,2026-09-13 03:11:52.948
4497.0,-0.064643,0.277727,9.804255,-0.054121,0.286087,9.802327,-0.000611,-0.002443,0.000611,0.190000,-31.309002,-35.441002,-179.301,-1.672,0.316,,,,,,,,2026-09-13 03:11:53.044
4601.0,-0.047884,0.275333,9.775525,-0.054339,0.286043,9.802327,-0.000611,-0.001222,-0.000611,0.632000,-29.810001,-36.098003,-179.285,-1.671,0.318,,,,,,,,2026-09-13 03:11:53.148
4705.0,-0.059855,0.277727,9.811439,-0.054114,0.286109,9.802326,0.000611,0.002443,0.000611,-1.005000,-30.145002,-35.222000,-179.287,-1.672,0.316,,,,,,,,2026-09-13 03:11:53.252
4801.0,-0.055067,0.289698,9.785102,-0.054367,0.286281,9.802320,0.001222,0.001222,0.001222,-0.184000,-29.975002,-35.337002,-179.287,-1.673,0.318,,,,,,,,2026-09-13 03:11:53.348
4905.1,-0.057461,0.277727,9.809045,-0.053857,0.286206,9.802324,-0.003054,-0.003665,0.000611,0.773000,-29.603001,-34.589001,-179.289,-1.672,0.315,,,,,,,,2026-09-13 03:11:53.452
5001.1,-0.040701,0.265756,9.816227,-0.053606,0.285516,9.802346,0.000611,-0.001833,0.001222,0.770000,-29.606001,-34.913002,-179.290,-1.668,0.313,,,,,,,,2026-09-13 03:11:53.548
5105.1,-0.067038,0.301669,9.797073,-0.052993,0.285555,9.802349,0.000000,0.004276,0.001222,1.091000,-30.030001,-34.697002,-179.291,-1.669,0.310,,,,,,,,2026-09-13 03:11:53.652
5201.2,-0.052672,0.284910,9.768343,-0.053269,0.285358,9.802353,-0.001222,-0.003665,0.000611,0.256000,-30.299002,-35.554001,-179.292,-1.667,0.311,,,,,,,,2026-09-13 03:11:53.748
5305.2,-0.059855,0.265756,9.828198,-0.051598,0.285152,9.802367,-0.000611,0.001222,-0.002443,1.333000,-29.826002,-35.131001,-179.295,-1.666,0.302,,,,,,,,2026-09-13 03:11:53.852
5401.2,-0.069432,0.272939,9.806650,-0.052098,0.285231,9.802362,0.000611,0.006720,0.000000,0.527000,-29.896002,-33.830002,-179.296,-1.667,0.305,,,,,,,,2026-09-13 03:11:53.948
5505.3,-0.040701,0.272939,9.794679,-0.052357,0.285191,9.802362,-0.002443,-0.006109,-0.000611,1.570000,-29.714001,-35.457001,-179.297,-1.666,0.306,,,,,,,,2026-09-13 03:11:54.052
5601.2,-0.031125,0.256180,9.835381,-0.051925,0.284720,9.802379,-0.001833,-0.004887,-0.000611,0.236000,-30.491001,-36.633003,-179.301,-1.664,0.304,,,,,,,,2026-09-13 03:11:54.148
5705.2,-0.064643,0.287304,9.809045,-0.051551,0.284733,9.802381,0.003054,0.003665,0.000611,0.528000,-29.637001,-36.098003,-179.303,-1.664,0.301,,,,,,,,2026-09-13 03:11:54.252
5801.2,-0.045490,0.280122,9.804255,-0.051733,0.284927,9.802373,-0.000611,0.000611,0.000611,1.102000,-31.497002,-35.771000,-179.285,-1.665,0.302,,,,,,,,2026-09-13 03:11:54.348
5897.2,-0.045490,0.275333,9.821015,-0.051287,0.284791,9.802380,-0.001833,0.000000,-0.000611,0.389000,-30.185001,-34.152000,-179.288,-1.664,0.300,,,,,,,,2026-09-13 03:11:54.444
6001.2,-0.055067,0.289698,9.801862,-0.051418,0.284889,9.802377,0.002443,0.003054,-0.001222,0.808000,-30.788002,-34.800003,-179.290,-1.665,0.301,,,,,,,,2026-09-13 03:11:54.548
6097.2,-0.031125,0.280122,9.813833,-0.052146,0.285738,9.802347,0.000611,0.001833,-0.001222,1.075000,-30.389002,-33.616001,-179.292,-1.670,0.305,,,,,,,,2026-09-13 03:11:54.644
6201.3,-0.059855,0.280122,9.801862,-0.052619,0.286375,9.802326,0.000000,-0.001222,0.000611,0.388000,-30.187002,-34.368000,-179.294,-1.673,0.308,,,,,,,,2026-09-13 03:11:54.748
6305.3,-0.043096,0.270545,9.809045,-0.052985,0.286626,9.802317,0.000000,0.000611,-0.001222,0.257000,-30.383001,-34.582001,-179.296,-1.675,0.310,,,,,,,,2026-09-13 03:11:54.852
6401.3,-0.055067,0.268151,9.818622,-0.053849,0.286895,9.802305,0.001833,-0.000611,0.000000,0.373000,-30.201002,-36.311001,-179.296,-1.676,0.315,,,,,,,,2026-09-13 03:11:54.948
6505.3,-0.052672,0.284910,9.811439,-0.054112,0.287868,9.802275,0.001222,0.001833,0.000611,1.024000,-29.220001,-35.456001,-179.298,-1.682,0.316,,,,,,,,2026-09-13 03:11:55.052
6601.3,-0.062249,0.280122,9.804255,-0.055110,0.288413,9.802254,-0.000611,-0.003054,0.000611,1.064000,-30.142002,-37.503002,-179.299,-1.685,0.322,,,,,,,,2026-09-13 03:11:55.148
6705.3,-0.016759,0.258574,9.844957,-0.055041,0.288690,9.802245,-0.000611,-0.003054,0.000000,2.710000,-29.971001,-35.788002,-179.303,-1.687,0.322,,,,,,,,2026-09-13 03:11:55.252
6801.3,-0.071826,0.292093,9.813833,-0.055302,0.288912,9.802238,0.001833,0.004887,0.001222,0.804000,-30.707001,-36.204002,-179.285,-1.688,0.323,,,,,,,,2026-09-13 03:11:55.348
6905.3,-0.033519,0.282516,9.787497,-0.056152,0.289478,9.802216,-0.002443,-0.005498,0.000611,0.243000,-30.569002,-34.797001,-179.285,-1.692,0.328,,,,,,,,2026-09-13 03:11:55.452
7001.2,-0.040701,0.256180,9.809045,-0.055907,0.289116,9.802228,-0.000611,-0.003054,-0.000611,1.886000,-30.144001,-35.997002,-179.288,-1.689,0.327,,,,,,,,2026-09-13 03:11:55.548
7097.2,-0.055067,0.268151,9.821015,-0.055781,0.288941,9.802234,0.003054,0.003054,0.000000,2.001000,-30.391001,-33.730003,-179.290,-1.688,0.326,,,,,,,,2026-09-13 03:11:55.644
7201.2,-0.055067,0.289698,9.785102,-0.056213,0.288944,9.802232,-0.001222,-0.001833,0.000611,1.745000,-30.694002,-34.267002,-179.288,-1.688,0.329,,,,,,,,2026-09-13 03:11:55.748
7305.2,-0.026336,0.270545,9.830592,-0.055050,0.288743,9.802243,-0.001833,-0.001833,-0.000611,0.846000,-30.236002,-34.695004,-179.292,-1.687,0.322,,,,,,,,2026-09-13 03:11:55.852
7401.2,-0.071826,0.292093,9.806650,-0.054896,0.288463,9.802253,0.001222,0.004276,0.000000,0.400000,-29.918001,-35.233002,-179.293,-1.686,0.321,,,,,,,,2026-09-13 03:11:55.948
7505.2,-0.038307,0.270545,9.809045,-0.055447,0.288254,9.802257,0.000000,-0.000611,0.000000,0.905000,-29.319002,-34.915001,-179.293,-1.684,0.324,,,,,,,,2026-09-13 03:11:56.052
7601.2,-0.052672,0.275333,9.818622,-0.055198,0.287834,9.802270,-0.001833,-0.003054,0.000000,0.954000,-30.319002,-35.019001,-179.296,-1.682,0.323,,,,,,,,2026-09-13 03:11:56.148
7705.3,-0.043096,0.287304,9.799467,-0.054703,0.287564,9.802280,-0.000611,0.000000,0.001833,2.111000,-30.301001,-35.458000,-179.299,-1.680,0.320,,,,,,,,2026-09-13 03:11:56.252
7801.2,-0.057461,0.282516,9.804255,-0.054750,0.287641,9.802278,0.000611,-0.001833,0.001222,0.532000,-31.454002,-34.795002,-179.299,-1.681,0.320,,,,,,,,2026-09-13 03:11:56.348
7905.2,-0.052672,0.268151,9.813833,-0.054665,0.287127,9.802294,0.000000,0.000000,0.001833,0.270000,-30.027002,-36.095001,-179.301,-1.678,0.320,,,,,,,,2026-09-13 03:11:56.452
8001.3,-0.055067,0.270545,9.816227,-0.054254,0.287180,9.802294,-0.000611,-0.003054,0.001833,2.176000,-30.941002,-36.536003,-179.304,-1.678,0.317,,,,,,,,2026-09-13 03:11:56.548
8097.3,-0.040701,0.275333,9.794679,-0.053752,0.286952,9.802303,-0.002443,-0.002443,-0.000611,0.960000,-30.227001,-35.019001,-179.285,-1.677,0.314,,,,,,,,2026-09-13 03:11:56.644
8201.3,-0.069432,0.265756,9.811439,-0.053043,0.286421,9.802323,0.001833,0.006720,-0.001222,1.595000,-30.910002,-37.072002,-179.285,-1.674,0.310,,,,,,,,2026-09-13 03:11:56.748
8305.4,-0.038307,0.272939,9.789890,-0.054041,0.286462,9.802317,-0.001833,-0.003054,0.000000,1.989000,-30.146002,-37.725002,-179.286,-1.674,0.316,,,,,,,,2026-09-13 03:11:56.852
8401.4,-0.038307,0.270545,9.799467,-0.054084,0.286376,9.802319,-0.001222,-0.000611,0.000611,0.498000,-30.096001,-35.988003,-179.290,-1.673,0.316,,,,,,,,2026-09-13 03:11:56.948
8497.5,-0.050278,0.272939,9.821015,-0.054605,0.286005,9.802326,0.002443,0.004887,-0.000611,0.328000,-30.932001,-35.768002,-179.292,-1.671,0.319,,,,,,,,2026-09-13 03:11:57.044
8601.5,-0.067038,0.287304,9.794679,-0.055427,0.285790,9.802328,-0.001833,-0.000611,0.000611,-0.986000,-29.869001,-35.116001,-179.293,-1.670,0.324,,,,,,,,2026-09-13 03:11:57.148
8705.5,-0.040701,0.282516,10.050858,-0.055904,0.285465,9.802335,-0.001833,-0.001833,0.001833,1.025000,-29.219002,-35.348003,-179.480,-1.668,0.327,,,,,,,,2026-09-13 03:11:57.252
8801.5,-0.064643,0.284910,9.998186,-0.055838,0.284720,9.802357,0.005498,0.009163,0.000611,1.834000,-29.404001,-33.841003,-179.558,-1.664,0.326,,,,,,,,2026-09-13 03:11:57.348
8905.6,-0.059855,0.292093,9.928755,-0.057291,0.285020,9.802340,0.001222,-0.000611,0.000611,0.900000,-31.145002,-34.907001,-179.094,-1.665,0.335,,,,,,,,2026-09-13 03:11:57.452
9001.6,-0.045490,0.287304,9.880871,-0.056830,0.284701,9.802352,0.002443,-0.001222,0.000611,0.783000,-31.242001,-34.042000,-179.190,-1.664,0.332,,,,,,,,2026-09-13 03:11:57.548
9105.6,-0.055067,0.277727,9.885659,-0.057150,0.284239,9.802363,0.002443,0.003665,0.001833,0.120000,-30.587002,-35.660000,-179.555,-1.661,0.334,,,,,,,,2026-09-13 03:11:57.652
9201.6,-0.059855,0.287304,9.830592,-0.057612,0.283892,9.802371,0.001833,0.002443,0.001222,0.411000,-31.298002,-36.954002,-179.569,-1.659,0.337,,,,,,,,2026-09-13 03:11:57.748
9297.7,-0.045490,0.277727,9.777920,-0.058082,0.283825,9.802370,0.002443,0.001222,0.000000,-0.280000,-31.443001,-35.114002,-179.409,-1.658,0.339,,,,,,,,2026-09-13 03:11:57.844
9401.7,-0.062249,0.268151,9.794679,-0.058104,0.284095,9.802362,0.001833,0.001833,0.000611,-0.465000,-30.560001,-36.844002,-179.413,-1.660,0.340,,,,,,,,2026-09-13 03:11:57.948
9505.8,-0.038307,0.282516,9.818622,-0.058956,0.284016,9.802360,0.001833,0.001222,0.000611,0.422000,-29.466002,-36.314003,-179.413,-1.660,0.345,,,,,,,,2026-09-13 03:11:58.052
9601.8,-0.057461,0.284910,9.813833,-0.059163,0.283950,9.802360,0.001833,0.006720,-0.000611,0.904000,-30.883001,-36.744003,-179.415,-1.659,0.346,,,,,,,,2026-09-13 03:11:58.148
9697.8,-0.055067,0.265756,9.789890,-0.060094,0.283988,9.802353,0.001222,0.000000,-0.000611,-0.033000,-29.415001,-35.772003,-179.416,-1.659,0.351,,,,,,,,2026-09-13 03:11:58.244
9801.9,-0.050278,0.270545,9.806650,-0.059765,0.283568,9.802367,-0.001833,-0.001833,-0.000611,-0.696000,-30.667002,-35.762001,-179.417,-1.657,0.349,,,,,,,,2026-09-13 03:11:58.348
9898.0,-0.069432,0.270545,9.844957,-0.060051,0.283227,9.802376,0.001833,0.003665,-0.001222,0.152000,-30.126001,-35.554001,-179.419,-1.655,0.351,,,,,,,,2026-09-13 03:11:58.444
10002.0,-0.067038,0.277727,9.789890,-0.060732,0.283620,9.802360,0.001222,-0.002443,-0.001222,0.323000,-30.937002,-36.416000,-179.422,-1.657,0.355,,,,,,,,2026-09-13 03:11:58.549
10098.0,-0.052672,0.284910,9.780313,-0.060949,0.283650,9.802358,-0.003054,-0.007330,-0.000611,1.575000,-29.624001,-35.674004,-179.424,-1.657,0.356,,,,,,,,2026-09-13 03:11:58.645
10202.1,-0.057461,0.270545,9.830592,-0.060758,0.283294,9.802369,0.003054,0.006109,0.000000,0.200000,-31.213001,-34.902000,-179.423,-1.655,0.355,,,,,,,,2026-09-13 03:11:58.749
10298.1,-0.064643,0.287304,9.782708,-0.061362,0.283301,9.802365,-0.000611,0.004276,-0.001222,0.579000,-30.720001,-35.015003,-179.424,-1.655,0.359,,,,,,,,2026-09-13 03:11:58.845
10402.1,-0.031125,0.282516,9.811439,-0.061158,0.283137,9.802371,-0.001833,-0.002443,0.000000,-0.114000,-30.611002,-35.874001,-179.425,-1.654,0.357,,,,,,,,2026-09-13 03:11:58.949
10498.2,-0.033519,0.263362,9.816227,-0.061602,0.283121,9.802369,0.000611,0.003054,0.001833,0.858000,-30.138000,-33.939003,-179.426,-1.654,0.360,,,,,,,,2026-09-13 03:11:59.045
10602.2,-0.071826,0.280122,9.806650,-0.061848,0.283423,9.802359,0.000611,0.000000,0.000611,0.021000,-32.230003,-34.249001,-179.426,-1.656,0.362,,,,,,,,2026-09-13 03:11:59.149
10698.3,-0.052672,0.277727,9.797073,-0.062348,0.283181,9.802362,-0.001222,-0.001222,0.002443,1.685000,-29.877001,-34.162003,-179.429,-1.655,0.364,,,,,,,,2026-09-13 03:11:59.245
10802.3,-0.043096,0.270545,9.864111,-0.062337,0.283013,9.802367,-0.002443,-0.000611,0.000000,0.721000,-30.513002,-33.397003,-179.392,-1.654,0.364,,,,,,,,2026-09-13 03:11:59.349
10898.4,-0.043096,0.280122,9.818622,-0.062381,0.282588,9.802379,0.000611,0.000000,0.000000,0.364000,-30.468002,-35.122002,-179.438,-1.651,0.365,,,,,,,,2026-09-13 03:11:59.445
11002.4,-0.050278,0.277727,9.811439,-0.062567,0.282474,9.802382,0.002443,0.001833,-0.000611,-0.913000,-30.587002,-34.358002,-179.440,-1.651,0.366,,,,,,,,2026-09-13 03:11:59.549
11098.5,-0.067038,0.282516,9.809045,-0.062308,0.282644,9.802379,0.000611,0.000000,0.001222,0.515000,-29.993002,-34.585003,-179.443,-1.652,0.364,,,,,,,,2026-09-13 03:11:59.645
11202.6,-0.026336,0.258574,9.775525,-0.061721,0.282711,9.802380,-0.000611,-0.002443,-0.000611,-0.543000,-31.753002,-36.622002,-179.446,-1.652,0.361,,,,,,,,2026-09-13 03:11:59.749
11298.6,-0.055067,0.287304,9.825804,-0.061119,0.282504,9.802389,0.002443,0.005498,-0.000611,1.030000,-30.862001,-35.449001,-179.446,-1.651,0.357,,,,,,,,2026-09-13 03:11:59.845
11402.7,-0.033519,0.272939,9.823410,-0.062151,0.282552,9.802382,0.001222,-0.001833,-0.000611,-0.863000,-31.415001,-35.974003,-179.448,-1.651,0.363,,,,,,,,2026-09-13 03:11:59.949
11498.8,-0.059855,0.277727,9.821015,-0.061805,0.282220,9.802394,-0.004276,-0.003665,0.000000,0.242000,-30.484001,-35.769001,-179.448,-1.649,0.361,,,,,,,,2026-09-13 03:12:00.045
11602.8,-0.052672,0.284910,9.813833,-0.062399,0.281490,9.802411,0.003054,0.005498,-0.000611,0.463000,-28.825001,-36.533001,-179.451,-1.645,0.365,,,,,,,,2026-09-13 03:12:00.149
11698.9,-0.071826,0.270545,9.809045,-0.063042,0.281487,9.802407,0.000000,0.002443,0.001833,1.081000,-30.039001,-35.992001,-179.452,-1.645,0.368,,,,,,,,2026-09-13 03:12:00.245
11802.9,-0.038307,0.268151,9.780313,-0.063408,0.281064,9.802417,-0.001222,-0.004887,0.000611,1.123000,-31.132002,-36.204002,-179.455,-1.642,0.371,,,,,,,,2026-09-13 03:12:00.349
11899.0,-0.069432,0.275333,9.799467,-0.063371,0.281018,9.802418,0.001222,0.004276,-0.001222,-0.243000,-29.158001,-35.124001,-179.457,-1.642,0.370,,,,,,,,2026-09-13 03:12:00.446
12003.0,-0.052672,0.268151,9.809045,-0.064205,0.281102,9.802410,0.000000,-0.000611,0.000611,1.247000,-31.285002,-33.613003,-179.456,-1.643,0.375,,,,,,,,2026-09-13 03:12:00.550
12099.1,-0.069432,0.277727,9.821015,-0.064212,0.281201,9.802407,-0.001833,-0.001222,0.000000,2.168000,-29.300001,-36.759003,-179.457,-1.643,0.375,,,,,,,,2026-09-13 03:12:00.646
12203.1,-0.040701,0.275333,9.809045,-0.064202,0.281036,9.802412,0.001833,0.001222,0.001222,-0.337000,-30.624001,-34.577003,-179.456,-1.642,0.375,,,,,,,,2026-09-13 03:12:00.750
12299.2,-0.052672,0.258574,9.816227,-0.063972,0.281108,9.802411,0.000611,0.000000,-0.001222,0.721000,-30.255001,-35.773003,-179.459,-1.643,0.374,,,,,,,,2026-09-13 03:12:00.846
12403.3,-0.033519,0.292093,9.804255,-0.064336,0.281169,9.802407,0.001222,0.001222,0.001222,0.636000,-29.806002,-35.667000,-179.461,-1.643,0.376,,,,,,,,2026-09-13 03:12:00.950
12499.3,-0.057461,0.289698,9.794679,-0.063932,0.281144,9.802411,0.000611,-0.000611,-0.001222,0.734000,-30.157001,-34.910000,-179.462,-1.643,0.374,,,,,,,,2026-09-13 03:12:01.046
12603.3,-0.031125,0.263362,9.816227,-0.063625,0.280558,9.802430,-0.000611,-0.000611,-0.001833,1.470000,-29.452002,-35.782001,-179.434,-1.639,0.372,,,,,,,,2026-09-13 03:12:01.150
12699.4,-0.079009,0.284910,9.821015,-0.062478,0.280539,9.802438,0.001833,0.003054,-0.000611,-0.130000,-30.799002,-36.413002,-179.437,-1.639,0.365,,,,,,,,2026-09-13 03:12:01.246
12803.4,-0.033519,0.265756,9.806650,-0.062549,0.280928,9.802425,-0.002443,-0.004276,-0.000611,0.687000,-30.803001,-35.339001,-179.438,-1.642,0.366,,,,,,,,2026-09-13 03:12:01.350
12899.4,-0.052672,0.256180,9.828198,-0.061354,0.281226,9.802425,-0.001222,-0.004276,0.000000,0.951000,-30.321001,-35.343002,-179.441,-1.643,0.359,,,,,,,,2026-09-13 03:12:01.446
13003.4,-0.062249,0.287304,9.804255,-0.060723,0.281138,9.802432,0.002443,0.004887,-0.000611,-0.356000,-30.814001,-35.440002,-179.440,-1.643,0.355,,,,,,,,2026-09-13 03:12:01.550
13099.5,-0.074220,0.292093,9.813833,-0.060483,0.281415,9.802425,0.001222,-0.001222,0.000611,0.009000,-30.507002,-35.767002,-179.442,-1.644,0.354,,,,,,,,2026-09-13 03:12:01.646
13203.5,-0.028730,0.253785,9.801862,-0.059254,0.281011,9.802444,-0.001833,-0.004887,0.001833,0.189000,-29.832001,-33.072002,-179.443,-1.642,0.346,,,,,,,,2026-09-13 03:12:01.750
13299.5,-0.055067,0.270545,9.818622,-0.058406,0.280690,9.802459,0.000611,0.004276,-0.001833,0.365000,-32.202000,-35.007000,-179.447,-1.640,0.341,,,,,,,,2026-09-13 03:12:01.846
13403.6,-0.035913,0.265756,9.782708,-0.058400,0.280691,9.802459,-0.000611,-0.001222,0.001222,1.915000,-31.421001,-36.208000,-179.448,-1.640,0.341,,,,,,,,2026-09-13 03:12:01.950
13499.6,-0.059855,0.270545,9.825804,-0.057346,0.280581,9.802467,-0.000611,-0.002443,0.000611,0.051000,-31.514002,-36.735001,-179.451,-1.640,0.335,,,,,,,,2026-09-13 03:12:02.046
13603.7,-0.040701,0.280122,9.799467,-0.056865,0.280821,9.802464,0.003054,0.001833,0.000000,-1.517000,-30.836002,-35.540001,-179.451,-1.641,0.332,,,,,,,,2026-09-13 03:12:02.150
13699.7,-0.057461,0.275333,9.830592,-0.056466,0.281132,9.802458,0.002443,0.000611,0.000000,0.203000,-31.210001,-34.470001,-179.454,-1.643,0.330,,,,,,,,2026-09-13 03:12:02.246
13803.7,-0.045490,0.272939,9.809045,-0.056273,0.280796,9.802468,0.001833,0.000000,0.001222,-0.581000,-30.571001,-36.735001,-179.454,-1.641,0.329,,,,,,,,2026-09-13 03:12:02.350
13899.7,-0.067038,0.289698,9.811439,-0.056013,0.281000,9.802464,-0.000611,-0.001222,-0.000611,0.687000,-30.803001,-35.339001,-179.457,-1.642,0.327,,,,,,,,2026-09-13 03:12:02.446
14003.7,-0.038307,0.256180,9.823410,-0.055771,0.280857,9.802469,0.001222,-0.001833,-0.001222,1.640000,-28.787001,-34.382000,-179.438,-1.641,0.326,,,,,,,,2026-09-13 03:12:02.550
14099.7,-0.074220,0.272939,9.825804,-0.055646,0.280755,9.802472,0.002443,0.005498,0.001833,0.250000,-30.476002,-34.690002,-179.437,-1.641,0.325,,,,,,,,2026-09-13 03:12:02.646
14203.8,-0.043096,0.282516,9.794679,-0.056646,0.280900,9.802463,0.001222,-0.001833,0.001222,0.962000,-28.490002,-34.703003,-179.439,-1.641,0.331,,,,,,,,2026-09-13 03:12:02.750
14299.8,-0.035913,0.265756,9.830592,-0.056602,0.281040,9.802459,-0.001833,-0.001833,0.000000,1.376000,-31.005001,-34.479000,-179.441,-1.642,0.331,,,,,,,,2026-09-13 03:12:02.846
14403.9,-0.057461,0.277727,9.799467,-0.057117,0.281175,9.802452,0.000611,0.006109,0.000000,-0.970000,-31.244001,-36.298000,-179.441,-1.643,0.334,,,,,,,,2026-09-13 03:12:02.950
14499.9,-0.071826,0.282516,9.785102,-0.057272,0.281476,9.802443,0.000000,0.000611,0.000000,0.888000,-31.243002,-35.662003,-179.442,-1.645,0.335,,,,,,,,2026-09-13 03:12:03.046
14603.9,-0.016759,0.263362,9.804255,-0.057752,0.281111,9.802450,-0.001833,-0.003054,0.000611,-0.471000,-30.737001,-35.979000,-179.443,-1.643,0.338,,,,,,,,2026-09-13 03:12:03.150
14699.9,-0.057461,0.260968,9.828198,-0.057424,0.281220,9.802449,0.003054,0.006109,0.000611,0.371000,-30.289001,-35.771000,-179.444,-1.643,0.336,,,,,,,,2026-09-13 03:12:03.246
14803.9,-0.038307,0.294487,9.823410,-0.058659,0.281540,9.802433,-0.001222,-0.001833,-0.000611,-0.132000,-31.144001,-33.497002,-179.442,-1.645,0.343,,,,,,,,2026-09-13 03:12:03.350
14900.0,-0.043096,0.265756,9.844957,-0.057935,0.281570,9.802436,-0.000611,-0.003054,0.000000,1.196000,-30.030001,-36.209003,-179.445,-1.645,0.339,,,,,,,,2026-09-13 03:12:03.447
15004.0,-0.057461,0.289698,9.821015,-0.058815,0.281407,9.802435,0.001833,0.003665,0.000611,-0.639000,-31.830002,-33.167000,-179.444,-1.644,0.344,,,,,,,,2026-09-13 03:12:03.551
15100.0,-0.064643,0.289698,9.809045,-0.059205,0.281395,9.802433,0.000611,0.001833,-0.000611,1.329000,-29.830002,-35.671001,-179.446,-1.644,0.346,,,,,,,,2026-09-13 03:12:03.647
15204.0,-0.040701,0.251391,9.818622,-0.059833,0.281147,9.802437,-0.001222,-0.001833,0.000000,1.411000,-32.104000,-35.554001,-179.445,-1.643,0.350,,,,,,,,2026-09-13 03:12:03.751
15300.0,-0.059855,0.272939,9.832987,-0.059605,0.280722,9.802450,0.000611,0.002443,-0.001222,0.510000,-29.998001,-35.233002,-179.446,-1.640,0.348,,,,,,,,2026-09-13 03:12:03.847
15404.1,-0.067038,0.287304,9.785102,-0.060689,0.280759,9.802443,0.000611,0.000000,0.002443,0.439000,-31.013002,-35.768002,-179.446,-1.641,0.355,,,,,,,,2026-09-13 03:12:03.951
15500.0,-0.035913,0.277727,9.792285,-0.060147,0.280429,9.802455,0.001222,-0.000611,-0.000611,0.399000,-30.004002,-34.477001,-179.450,-1.639,0.352,,,,,,,,2026-09-13 03:12:04.047
15604.1,-0.045490,0.284910,9.794679,-0.059865,0.280509,9.802454,-0.002443,-0.001222,0.000000,0.045000,-30.042002,-35.014000,-179.451,-1.639,0.350,,,,,,,,2026-09-13 03:12:04.151
15700.0,-0.047884,0.284910,9.794679,-0.058898,0.280441,9.802463,-0.001222,-0.002443,0.001222,-0.198000,-30.075001,-36.416000,-179.452,-1.639,0.344,,,,,,,,2026-09-13 03:12:04.247
15796.1,-0.050278,0.277727,9.809045,-0.058548,0.280173,9.802472,0.001222,0.002443,-0.000611,-0.275000,-31.439001,-34.466003,-179.452,-1.637,0.342,,,,,,,,2026-09-13 03:12:04.343
15900.1,-0.047884,0.275333,9.804255,-0.058538,0.281047,9.802447,-0.001222,-0.000611,0.001222,-0.629000,-29.742001,-35.011002,-179.454,-1.642,0.342,,,,,,,,2026-09-13 03:12:04.447
15996.2,-0.047884,0.284910,9.773131,-0.058336,0.280752,9.802457,-0.001222,-0.007330,0.001222,0.782000,-31.072002,-35.878002,-179.457,-1.641,0.341,,,,,,,,2026-09-13 03:12:04.543
16100.2,-0.057461,0.270545,9.828198,-0.057334,0.280698,9.802464,0.002443,0.004276,0.000000,0.392000,-31.660002,-36.305000,-179.461,-1.640,0.335,,,,,,,,2026-09-13 03:12:04.647
16196.2,-0.071826,0.272939,9.813833,-0.057947,0.281055,9.802450,0.000611,0.003054,0.000000,-0.146000,-31.072002,-36.088001,-179.461,-1.642,0.339,,,,,,,,2026-09-13 03:12:04.743
16300.2,-0.033519,0.260968,9.457097,-0.057942,0.282760,9.802402,-0.007330,-0.010385,0.001222,-0.776000,-29.955002,-37.384003,-179.313,-1.652,0.339,,,,,,,,2026-09-13 03:12:04.847
16404.2,-0.055067,0.239420,9.648633,-0.058301,0.284312,9.802355,0.007941,0.006109,0.001222,-0.077000,-31.794001,-35.870003,-179.765,-1.661,0.341,,,,,,,,2026-09-13 03:12:04.951
16500.2,-0.052672,0.289698,9.744401,-0.059076,0.287014,9.802272,0.002443,0.001222,0.000000,1.173000,-30.482002,-35.236000,179.438,-1.677,0.345,,,,,,,,2026-09-13 03:12:05.047
16604.2,-0.043096,0.284910,9.758766,-0.058847,0.287118,9.802270,-0.003054,-0.003665,-0.000611,-1.066000,-29.242001,-35.874001,179.734,-1.678,0.344,,,,,,,,2026-09-13 03:12:05.151
16700.2,-0.040701,0.263362,9.809045,-0.058311,0.287790,9.802254,0.004887,0.001833,0.000000,2.112000,-30.300001,-35.350002,179.623,-1.682,0.341,,,,,,,,2026-09-13 03:12:05.247
16804.2,-0.059855,0.296881,9.777920,-0.059205,0.288577,9.802224,-0.001833,0.002443,0.000611,-0.193000,-29.985001,-36.632000,179.623,-1.686,0.346,,,,,,,,2026-09-13 03:12:05.351
16900.2,-0.038307,0.287304,9.689334,-0.058086,0.287660,9.802258,-0.003665,-0.001833,0.000611,2.734000,-31.081001,-38.266003,179.716,-1.681,0.340,,,,,,,,2026-09-13 03:12:05.447
17004.2,-0.055067,0.265756,9.866506,-0.057565,0.286949,9.802282,0.000611,-0.000611,0.003665,0.158000,-30.206001,-33.934002,-179.727,-1.677,0.336,,,,,,,,2026-09-13 03:12:05.551
17100.2,-0.045490,0.282516,9.821015,-0.057207,0.286736,9.802290,0.001222,-0.001222,-0.001222,-0.260000,-31.338001,-33.279003,-179.956,-1.676,0.334,,,,,,,,2026-09-13 03:12:05.647
17204.3,-0.076614,0.282516,9.806650,-0.057066,0.287776,9.802261,0.000611,0.002443,0.000611,1.234000,-31.212002,-36.097000,-179.956,-1.682,0.334,,,,,,,,2026-09-13 03:12:05.751
17300.3,-0.038307,0.275333,9.804255,-0.057306,0.288159,9.802248,0.000611,-0.001222,0.001222,0.194000,-31.219002,-35.658001,-179.958,-1.684,0.335,,,,,,,,2026-09-13 03:12:05.847
17404.3,-0.067038,0.292093,9.830592,-0.056699,0.288484,9.802241,-0.001222,0.001222,-0.000611,0.800000,-30.882002,-35.015003,-179.960,-1.686,0.331,,,,,,,,2026-09-13 03:12:05.951
17500.3,-0.052672,0.292093,9.813833,-0.056549,0.288450,9.802244,0.003665,0.003054,0.001222,-0.103000,-30.686001,-33.607002,-179.960,-1.686,0.331,,,,,,,,2026-09-13 03:12:06.047
17604.4,-0.059855,0.275333,9.785102,-0.056887,0.288593,9.802238,-0.001833,-0.003054,0.001833,-0.094000,-30.591002,-33.283001,-179.959,-1.686,0.333,,,,,,,,2026-09-13 03:12:06.151
17700.4,-0.033519,0.280122,9.811439,-0.056477,0.288601,9.802240,-0.000611,-0.001833,-0.001222,1.286000,-30.560001,-34.912003,-179.963,-1.686,0.330,,,,,,,,2026-09-13 03:12:06.247
17804.4,-0.071826,0.275333,9.832987,-0.056398,0.288379,9.802247,0.001833,0.004887,-0.001222,0.370000,-30.290001,-35.879002,-179.962,-1.685,0.330,,,,,,,,2026-09-13 03:12:06.351
17900.4,-0.040701,0.282516,9.821015,-0.056208,0.288283,9.802251,0.001833,-0.000611,0.000000,0.623000,-31.812002,-35.010002,-179.962,-1.685,0.329,,,,,,,,2026-09-13 03:12:06.447
18004.4,-0.057461,0.299275,9.801862,-0.055472,0.287936,9.802265,-0.003054,-0.003054,0.000000,0.283000,-30.101002,-33.612003,-179.965,-1.683,0.324,,,,,,,,2026-09-13 03:12:06.551
18100.4,-0.026336,0.272939,9.835381,-0.054835,0.287813,9.802272,0.001222,0.000611,0.000000,-0.112000,-30.866001,-33.174000,-179.966,-1.682,0.321,,,,,,,,2026-09-13 03:12:06.647
18196.5,-0.076614,0.280122,9.844957,-0.055012,0.288351,9.802256,-0.000611,0.001833,0.000000,0.327000,-30.933001,-35.876003,-179.967,-1.685,0.322,,,,,,,,2026-09-13 03:12:06.743
18300.5,-0.040701,0.289698,9.773131,-0.055540,0.288679,9.802243,-0.000611,-0.001222,0.000611,1.203000,-30.109001,-34.589001,-179.970,-1.687,0.325,,,,,,,,2026-09-13 03:12:06.847
18404.5,-0.071826,0.287304,9.813833,-0.056121,0.290300,9.802192,-0.000611,0.000000,-0.000611,-0.602000,-30.849001,-37.058002,-179.955,-1.696,0.328,,,,,,,,2026-09-13 03:12:06.951
18500.5,-0.021548,0.268151,9.818622,-0.056544,0.289650,9.802208,0.000000,0.000000,0.000000,-0.020000,-30.879002,-36.414001,-179.950,-1.693,0.331,,,,,,,,2026-09-13 03:12:07.047
18604.5,-0.069432,0.301669,9.825804,-0.057373,0.289891,9.802197,0.000000,0.000611,-0.001222,-1.191000,-31.083002,-36.297001,-179.951,-1.694,0.335,,,,,,,,2026-09-13 03:12:07.151
18700.5,-0.055067,0.328006,9.852140,-0.057236,0.289936,9.802197,0.001222,0.002443,0.000000,0.221000,-30.935001,-34.580002,-179.825,-1.694,0.335,,,,,,,,2026-09-13 03:12:07.247
18804.6,-0.062249,0.294487,9.832987,-0.057089,0.289302,9.802216,-0.002443,-0.002443,0.000611,-0.349000,-29.158001,-33.719002,179.682,-1.691,0.334,,,,,,,,2026-09-13 03:12:07.351
18900.6,-0.038307,0.296881,9.818622,-0.057289,0.289411,9.802212,0.002443,0.003665,0.001222,-0.045000,-31.419001,-34.900002,179.680,-1.691,0.335,,,,,,,,2026-09-13 03:12:07.447
18996.6,-0.074220,0.294487,9.799467,-0.057983,0.289476,9.802205,0.000611,0.003665,-0.000611,1.985000,-30.408001,-35.889000,179.677,-1.692,0.339,,,,,,,,2026-09-13 03:12:07.543
19100.6,-0.026336,0.280122,9.797073,-0.058621,0.289126,9.802212,-0.001833,-0.002443,-0.001833,-0.293000,-31.543001,-36.085003,179.675,-1.689,0.343,,,,,,,,2026-09-13 03:12:07.647
19204.7,-0.074220,0.296881,9.811439,-0.059184,0.289002,9.802213,0.002443,0.006720,-0.001222,-0.600000,-30.847002,-36.842003,179.677,-1.689,0.346,,,,,,,,2026-09-13 03:12:07.751
19300.7,-0.035913,0.296881,9.794679,-0.060328,0.289206,9.802199,0.002443,0.000611,-0.000611,-1.012000,-30.238001,-35.330002,179.675,-1.690,0.353,,,,,,,,2026-09-13 03:12:07.847
19404.7,-0.059855,0.275333,9.919178,-0.059918,0.289479,9.802194,-0.001833,-0.002443,0.001222,0.897000,-31.061001,-35.987003,179.639,-1.692,0.350,,,,,,,,2026-09-13 03:12:07.951
19500.8,-0.031125,0.299275,9.909601,-0.059671,0.289624,9.802191,0.003054,0.003054,0.001833,0.070000,-31.323002,-35.872002,179.773,-1.692,0.349,,,,,,,,2026-09-13 03:12:08.047
19596.8,-0.081403,0.292093,9.823410,-0.060033,0.290093,9.802175,0.001833,0.006720,0.000611,-1.838000,-30.498001,-35.000000,179.729,-1.695,0.351,,,,,,,,2026-09-13 03:12:08.143
19700.9,-0.035913,0.275333,9.789890,-0.060838,0.290156,9.802168,-0.001222,-0.002443,0.000611,0.751000,-29.968002,-34.155003,179.728,-1.695,0.356,,,,,,,,2026-09-13 03:12:08.247
19804.9,-0.067038,0.296881,9.823410,-0.060476,0.289838,9.802179,0.001222,0.002443,-0.000611,-0.590000,-29.274002,-33.825001,179.727,-1.694,0.353,,,,,,,,2026-09-13 03:12:08.351
19900.9,-0.040701,0.287304,9.813833,-0.061188,0.290079,9.802168,0.000611,0.000611,0.000611,-0.088000,-30.414001,-34.148003,179.726,-1.695,0.358,,,,,,,,2026-09-13 03:12:08.447
20004.9,-0.064643,0.296881,9.823410,-0.060732,0.290217,9.802167,0.000611,0.001833,0.000611,0.440000,-31.183001,-33.932003,179.724,-1.696,0.355,,,,,,,,2026-09-13 03:12:08.551
20100.9,-0.043096,0.296881,9.789890,-0.061441,0.290267,9.802161,0.001833,0.000000,0.000000,0.479000,-30.286001,-36.851002,179.722,-1.696,0.359,,,,,,,,2026-09-13 03:12:08.647
20205.0,-0.083797,0.265756,9.871294,-0.060771,0.290372,9.802161,-0.000611,0.001222,-0.000611,-0.121000,-30.790001,-35.226002,179.720,-1.697,0.355,,,,,,,,2026-09-13 03:12:08.752
20301.0,-0.055067,0.275333,9.801862,-0.061281,0.290008,9.802170,0.000611,0.001833,0.000000,-0.407000,-31.637001,-34.896000,179.719,-1.695,0.358,,,,,,,,2026-09-13 03:12:08.848
20405.0,-0.059855,0.294487,9.821015,-0.061135,0.289973,9.802172,-0.000611,-0.001833,-0.000611,1.105000,-31.493002,-35.339001,179.716,-1.694,0.357,,,,,,,,2026-09-13 03:12:08.952
20501.0,-0.033519,0.263362,9.804255,-0.061445,0.289865,9.802173,-0.001833,-0.001222,-0.000611,1.189000,-30.122002,-36.317001,179.716,-1.694,0.359,,,,,,,,2026-09-13 03:12:09.048
20597.1,-0.052672,0.268151,9.832987,-0.060939,0.289614,9.802183,-0.000611,0.001222,-0.002443,0.852000,-29.972002,-36.315002,179.714,-1.692,0.356,,,,,,,,2026-09-13 03:12:09.144
20701.1,-0.059855,0.294487,9.792285,-0.062328,0.289566,9.802176,-0.001222,0.001222,-0.000611,0.890000,-31.326002,-34.582001,179.713,-1.692,0.364,,,,,,,,2026-09-13 03:12:09.248
20805.1,-0.047884,0.284910,9.830592,-0.062255,0.289448,9.802179,-0.001222,-0.000611,0.000000,-0.434000,-30.272001,-35.226002,179.729,-1.691,0.364,,,,,,,,2026-09-13 03:12:09.352
20901.1,-0.050278,0.277727,9.832987,-0.062564,0.289332,9.802181,0.000000,0.003665,0.000000,0.475000,-30.548002,-35.015003,179.728,-1.691,0.366,,,,,,,,2026-09-13 03:12:09.448
21005.2,-0.067038,0.301669,9.696517,-0.062702,0.289127,9.802186,0.000611,-0.001222,0.000611,-0.062000,-29.959002,-34.690002,179.726,-1.689,0.367,,,,,,,,2026-09-13 03:12:09.552
21101.2,-0.028730,0.268151,9.801862,-0.063205,0.289227,9.802180,-0.002443,-0.004276,-0.001222,0.720000,-30.342001,-35.017002,-179.973,-1.690,0.369,,,,,,,,2026-09-13 03:12:09.648
21197.2,-0.055067,0.280122,9.837775,-0.062258,0.289172,9.802188,0.001833,0.001833,0.000000,0.117000,-30.675001,-35.228001,-179.974,-1.690,0.364,,,,,,,,2026-09-13 03:12:09.744
21301.3,-0.059855,0.299275,9.797073,-0.063638,0.289270,9.802176,0.002443,0.000000,0.001222,0.497000,-30.183001,-35.340000,-179.976,-1.690,0.372,,,,,,,,2026-09-13 03:12:09.848
21405.3,-0.052672,0.275333,9.835381,-0.062764,0.289377,9.802179,-0.000611,-0.000611,0.001222,-0.920000,-30.680002,-34.573002,-179.978,-1.691,0.367,,,,,,,,2026-09-13 03:12:09.952
21501.3,-0.050278,0.284910,9.804255,-0.063041,0.289379,9.802177,-0.000611,0.001833,0.001222,-0.426000,-30.093002,-35.766003,-179.980,-1.691,0.368,,,,,,,,2026-09-13 03:12:10.048
21605.3,-0.067038,0.289698,9.816227,-0.062987,0.289329,9.802178,0.001222,-0.000611,-0.002443,-0.839000,-30.790001,-38.460003,-179.982,-1.691,0.368,,,,,,,,2026-09-13 03:12:10.152
21701.4,-0.052672,0.275333,9.811439,-0.063640,0.289143,9.802180,0.000611,0.002443,-0.001833,-0.932000,-30.863001,-34.464001,-179.982,-1.690,0.372,,,,,,,,2026-09-13 03:12:10.248
21805.4,-0.043096,0.289698,9.794679,-0.063140,0.288771,9.802194,0.000000,0.001833,-0.000611,2.138000,-29.931002,-35.136002,-179.985,-1.687,0.369,,,,,,,,2026-09-13 03:12:10.352
21901.5,-0.038307,0.289698,9.811439,-0.063415,0.288834,9.802190,-0.003054,-0.003054,-0.001833,-0.657000,-30.371002,-33.065002,-179.988,-1.688,0.371,,,,,,,,2026-09-13 03:12:10.448
22005.5,-0.076614,0.294487,9.825804,-0.062688,0.288867,9.802195,0.001222,0.004276,0.000611,-0.397000,-29.806002,-34.364002,-179.992,-1.688,0.366,,,,,,,,2026-09-13 03:12:10.552
22101.5,-0.071826,0.304064,9.775525,-0.063553,0.289083,9.802182,0.000611,0.000000,0.001833,-0.706000,-30.848001,-35.437000,-179.966,-1.689,0.371,,,,,,,,2026-09-13 03:12:10.648
22205.5,-0.045490,0.268151,9.825804,-0.062497,0.288888,9.802195,-0.001833,-0.001833,0.000000,0.189000,-31.223001,-36.306004,-179.967,-1.688,0.365,,,,,,,,2026-09-13 03:12:10.752
22301.5,-0.050278,0.263362,9.816227,-0.062924,0.288556,9.802202,0.000611,0.004276,0.000611,-0.196000,-30.159002,-35.336002,-179.970,-1.686,0.368,,,,,,,,2026-09-13 03:12:10.848
22405.6,-0.069432,0.318429,9.828198,-0.063560,0.288662,9.802195,-0.000611,-0.000611,0.000000,-0.641000,-31.746002,-34.139000,-179.973,-1.687,0.372,,,,,,,,2026-09-13 03:12:10.952
22501.6,-0.043096,0.268151,9.751583,-0.063880,0.288138,9.802208,-0.004887,-0.003665,0.001222,1.651000,-30.254002,-35.348003,-179.976,-1.684,0.373,,,,,,,,2026-09-13 03:12:11.048
22597.7,-0.043096,0.287304,9.868899,-0.063346,0.288185,9.802210,0.001222,0.000000,0.000000,-0.484000,-30.922001,-36.086002,-179.978,-1.684,0.370,,,,,,,,2026-09-13 03:12:11.144
22701.6,-0.067038,0.296881,9.801862,-0.064177,0.288546,9.802195,0.001222,0.001222,0.000000,1.692000,-29.784002,-34.054001,-179.980,-1.686,0.375,,,,,,,,2026-09-13 03:12:11.248
22805.6,-0.043096,0.268151,9.825804,-0.063729,0.288237,9.802206,-0.001222,-0.000611,0.001222,0.309000,-31.295002,-35.118000,-179.981,-1.684,0.372,,,,,,,,2026-09-13 03:12:11.352
22901.7,-0.059855,0.282516,9.792285,-0.064554,0.287982,9.802208,0.001833,0.003054,0.000000,0.546000,-31.097002,-36.200001,-179.983,-1.683,0.377,,,,,,,,2026-09-13 03:12:11.448
22997.7,-0.043096,0.284910,9.799467,-0.064954,0.288545,9.802189,0.001833,0.001222,0.003054,0.568000,-30.989002,-34.042000,-179.987,-1.686,0.380,,,,,,,,2026-09-13 03:12:11.544
23101.8,-0.057461,0.277727,9.809045,-0.065048,0.288855,9.802179,0.000000,0.001833,0.000611,-0.360000,-30.990002,-34.360001,-179.991,-1.688,0.380,,,,,,,,2026-09-13 03:12:11.648
23197.9,-0.064643,0.277727,9.809045,-0.064955,0.288364,9.802195,0.000611,0.003054,0.000611,0.621000,-30.079002,-35.234001,-179.965,-1.685,0.380,,,,,,,,2026-09-13 03:12:11.744
23301.9,-0.059855,0.287304,9.818622,-0.065708,0.288295,9.802192,-0.001833,-0.001222,0.000000,-1.202000,-31.265001,-36.080002,-179.966,-1.685,0.384,,,,,,,,2026-09-13 03:12:11.848
23397.9,-0.035913,0.280122,9.830592,-0.065220,0.287789,9.802210,0.002443,0.003054,-0.000611,-0.208000,-30.256001,-36.091003,-179.967,-1.682,0.381,,,,,,,,2026-09-13 03:12:11.944
23501.9,-0.069432,0.304064,9.782708,-0.066166,0.287971,9.802197,0.000000,0.000000,0.001222,-0.408000,-29.989002,-34.147003,-179.969,-1.683,0.387,,,,,,,,2026-09-13 03:12:12.048
23598.0,-0.023942,0.289698,9.753978,-0.065678,0.288225,9.802194,-0.001222,-0.004887,-0.000611,0.793000,-30.975002,-35.231003,-179.972,-1.684,0.384,,,,,,,,2026-09-13 03:12:12.145
23702.0,-0.045490,0.272939,9.840169,-0.064255,0.288680,9.802190,0.001833,0.002443,0.000611,0.057000,-31.508001,-35.980003,179.995,-1.687,0.376,,,,,,,,2026-09-13 03:12:12.249
23798.0,-0.071826,0.299275,9.818622,-0.064194,0.289185,9.802176,0.003054,0.004887,0.000611,0.751000,-29.797001,-35.883003,179.994,-1.690,0.375,,,,,,,,2026-09-13 03:12:12.345
23902.0,-0.047884,0.280122,9.816227,-0.063225,0.289818,9.802163,-0.002443,-0.006109,0.000000,-0.369000,-31.084002,-34.683002,179.994,-1.694,0.370,,,,,,,,2026-09-13 03:12:12.449
23998.0,-0.026336,0.263362,9.806650,-0.061720,0.290482,9.802153,0.001222,-0.001833,-0.000611,-0.048000,-31.423002,-35.331001,179.991,-1.697,0.361,,,,,,,,2026-09-13 03:12:12.545
24102.1,-0.081403,0.313640,9.818622,-0.061038,0.291025,9.802141,0.001833,0.001222,0.001222,-0.541000,-30.188002,-34.686001,179.991,-1.701,0.357,,,,,,,,2026-09-13 03:12:12.649
24206.1,-0.033519,0.284910,9.842564,-0.060246,0.292557,9.802100,0.001222,-0.004276,0.002443,1.409000,-28.721001,-34.813004,179.990,-1.710,0.352,,,,,,,,2026-09-13 03:12:12.753
24302.1,-0.064643,0.287304,9.844957,-0.059743,0.293051,9.802089,0.001833,0.002443,0.003054,0.338000,-31.008001,-33.608002,-179.981,-1.712,0.349,,,,,,,,2026-09-13 03:12:12.849
24406.0,-0.043096,0.299275,9.801862,-0.059517,0.293205,9.802085,0.000000,0.000611,-0.000611,-0.075000,-30.315001,-33.177002,-179.983,-1.713,0.348,,,,,,,,2026-09-13 03:12:12.953
24502.1,-0.062249,0.272939,9.830592,-0.058937,0.293505,9.802080,0.001222,0.000000,0.000611,0.036000,-30.137001,-35.445004,-179.984,-1.715,0.344,,,,,,,,2026-09-13 03:12:13.049
24598.1,-0.045490,0.275333,9.823410,-0.058322,0.294149,9.802064,-0.001222,-0.001833,0.002443,0.096000,-30.954002,-35.658001,-179.987,-1.719,0.341,,,,,,,,2026-09-13 03:12:13.145
24702.2,-0.055067,0.296881,9.806650,-0.057482,0.294843,9.802049,-0.000611,-0.001833,0.001222,0.598000,-30.445002,-35.016003,179.623,-1.723,0.336,,,,,,,,2026-09-13 03:12:13.249
24798.2,-0.045490,0.284910,9.847352,-0.057152,0.294949,9.802047,0.000611,0.000000,0.001222,1.699000,-31.426001,-33.940002,179.500,-1.724,0.334,,,,,,,,2026-09-13 03:12:13.345
24902.3,-0.074220,0.296881,9.780313,-0.056791,0.295298,9.802039,0.001833,0.000000,0.000611,-0.513000,-31.466002,-35.112003,179.498,-1.726,0.332,,,,,,,,2026-09-13 03:12:13.449
24998.3,-0.050278,0.292093,9.811439,-0.056755,0.295837,9.802023,-0.001222,-0.003665,0.000611,1.688000,-29.616001,-36.106003,179.495,-1.729,0.332,,,,,,,,2026-09-13 03:12:13.545
25102.4,-0.052672,0.280122,9.804255,-0.055765,0.295536,9.802037,0.000611,0.001833,0.000611,-1.004000,-30.143002,-35.007000,179.491,-1.727,0.326,,,,,,,,2026-09-13 03:12:13.649
25198.4,-0.057461,0.270545,9.809045,-0.055673,0.295654,9.802034,0.003665,0.004887,-0.001222,1.444000,-30.079002,-33.512001,179.490,-1.728,0.325,,,,,,,,2026-09-13 03:12:13.745
25302.5,-0.055067,0.287304,9.809045,-0.055655,0.296271,9.802016,-0.001222,-0.004887,-0.000611,-0.690000,-30.575001,-35.763000,179.488,-1.731,0.325,,,,,,,,2026-09-13 03:12:13.849
25398.5,-0.021548,0.270545,9.811439,-0.055158,0.296903,9.802000,0.000611,0.000611,0.000611,1.113000,-29.836002,-33.402000,179.489,-1.735,0.322,,,,,,,,2026-09-13 03:12:13.945
25502.5,-0.083797,0.280122,9.809045,-0.055173,0.297843,9.801970,0.001833,0.002443,-0.000611,0.801000,-30.967001,-34.151001,179.487,-1.740,0.322,,,,,,,,2026-09-13 03:12:14.049
25598.5,-0.043096,0.306458,9.761160,-0.055414,0.297784,9.801971,0.000611,-0.003054,0.001222,-0.526000,-31.736002,-34.355003,179.485,-1.740,0.324,,,,,,,,2026-09-13 03:12:14.145
25702.6,-0.055067,0.275333,9.840169,-0.054142,0.298011,9.801971,0.000000,-0.001222,-0.001222,0.517000,-31.641001,-35.226002,179.482,-1.741,0.316,,,,,,,,2026-09-13 03:12:14.249
25798.6,-0.055067,0.280122,9.806650,-0.053370,0.298151,9.801971,0.001222,0.003054,0.000000,-0.336000,-30.365002,-36.845001,179.501,-1.742,0.312,,,,,,,,2026-09-13 03:12:14.345
25902.7,-0.074220,0.299275,9.787497,-0.053172,0.298402,9.801965,0.000611,-0.001222,0.001222,-1.375000,-30.285002,-37.055000,179.500,-1.744,0.311,,,,,,,,2026-09-13 03:12:14.449
25998.7,-0.035913,0.280122,9.830592,-0.053071,0.298300,9.801969,-0.001833,-0.001222,-0.000611,0.582000,-30.632002,-35.447002,179.497,-1.743,0.310,,,,,,,,2026-09-13 03:12:14.545
26102.7,-0.071826,0.296881,9.818622,-0.053034,0.298217,9.801971,0.001833,-0.000611,0.001222,-0.152000,-31.078001,-36.844002,179.493,-1.743,0.310,,,,,,,,2026-09-13 03:12:14.649
26198.8,-0.033519,0.289698,9.797073,-0.052977,0.298488,9.801964,0.000000,-0.001222,0.001222,1.990000,-28.667002,-35.141003,179.492,-1.744,0.310,,,,,,,,2026-09-13 03:12:14.745
26302.8,-0.064643,0.270545,9.806650,-0.052937,0.298932,9.801950,0.000611,0.000000,-0.001833,-0.133000,-31.231001,-32.741001,179.487,-1.747,0.309,,,,,,,,2026-09-13 03:12:14.849
26398.9,-0.038307,0.270545,9.809045,-0.053126,0.298545,9.801961,0.000000,-0.003054,-0.000611,0.877000,-29.689001,-35.345001,179.486,-1.745,0.311,,,,,,,,2026-09-13 03:12:14.945
26502.9,-0.059855,0.289698,9.818622,-0.052687,0.298278,9.801971,0.002443,0.000611,0.001222,-0.161000,-31.431002,-34.899002,179.484,-1.743,0.308,,,,,,,,2026-09-13 03:12:15.049
26599.0,-0.047884,0.282516,9.806650,-0.053120,0.297861,9.801982,0.001222,0.002443,0.000000,-0.296000,-30.154001,-33.176003,179.501,-1.741,0.311,,,,,,,,2026-09-13 03:12:15.146
26703.1,-0.055067,0.289698,9.806650,-0.052757,0.297395,9.801998,0.002443,-0.001222,-0.000611,0.360000,-30.643002,-33.934002,179.501,-1.738,0.308,,,,,,,,2026-09-13 03:12:15.250
26799.2,-0.035913,0.284910,9.794679,-0.052420,0.297004,9.802011,0.000000,-0.000611,-0.000611,1.518000,-30.453001,-35.886002,179.500,-1.736,0.306,,,,,,,,2026-09-13 03:12:15.346
26903.3,-0.067038,0.287304,9.823410,-0.052573,0.297275,9.802003,-0.000611,0.001222,0.000611,0.357000,-30.561001,-35.230003,179.496,-1.737,0.307,,,,,,,,2026-09-13 03:12:15.450
26999.4,-0.052672,0.277727,9.799467,-0.053026,0.297339,9.801998,-0.002443,-0.004276,0.000000,0.188000,-31.310001,-35.657001,179.496,-1.737,0.310,,,,,,,,2026-09-13 03:12:15.546
27103.5,-0.045490,0.301669,9.777920,-0.052517,0.297645,9.801991,0.003665,0.003054,0.001222,-0.943000,-30.960001,-35.112003,179.495,-1.739,0.307,,,,,,,,2026-09-13 03:12:15.650
27199.6,-0.076614,0.287304,9.787497,-0.053022,0.298017,9.801977,0.001222,0.001222,0.002443,-0.240000,-30.717001,-36.305000,179.493,-1.741,0.310,,,,,,,,2026-09-13 03:12:15.746
27303.7,-0.050278,0.280122,9.816227,-0.053349,0.298173,9.801971,-0.002443,-0.003665,0.001222,0.022000,-30.151001,-37.281002,179.489,-1.742,0.312,,,,,,,,2026-09-13 03:12:15.850
27399.8,-0.050278,0.277727,9.823410,-0.053083,0.298432,9.801965,0.000000,-0.000611,-0.000611,-0.859000,-29.761002,-34.577003,179.488,-1.744,0.310,,,,,,,,2026-09-13 03:12:15.946
27503.9,-0.059855,0.284910,9.828198,-0.053395,0.298771,9.801953,0.001222,0.000611,0.000000,-0.603000,-29.373001,-34.796001,179.488,-1.746,0.312,,,,,,,,2026-09-13 03:12:16.050
27600.0,-0.064643,0.272939,9.768343,-0.053571,0.299634,9.801926,0.002443,-0.000611,0.000611,-1.535000,-31.112001,-35.539001,179.486,-1.751,0.313,,,,,,,,2026-09-13 03:12:16.147
27704.1,-0.047884,0.292093,9.797073,-0.052855,0.299603,9.801930,0.001222,-0.000611,0.000000,1.409000,-30.628002,-33.293003,179.551,-1.751,0.309,,,,,,,,2026-09-13 03:12:16.251
27800.1,-0.059855,0.294487,9.787497,-0.053363,0.299697,9.801925,0.001222,0.000000,0.000611,-0.969000,-31.329002,-35.326000,179.549,-1.751,0.312,,,,,,,,2026-09-13 03:12:16.347
27904.2,-0.047884,0.256180,9.785102,-0.053180,0.299428,9.801933,-0.000611,0.000000,-0.000611,0.552000,-31.091002,-35.445004,179.547,-1.750,0.311,,,,,,,,2026-09-13 03:12:16.451
28000.2,-0.079009,0.330400,9.804255,-0.053264,0.298421,9.801964,0.000611,0.005498,0.000000,1.139000,-30.945002,-35.773003,179.503,-1.744,0.311,,,,,,,,2026-09-13 03:12:16.547
28104.3,-0.033519,0.277727,9.832987,-0.053250,0.298749,9.801954,-0.001833,-0.005498,0.000000,0.466000,-30.642002,-35.338001,-179.869,-1.746,0.311,,,,,,,,2026-09-13 03:12:16.651
28200.3,-0.052672,0.258574,9.830592,-0.052276,0.298489,9.801968,0.001833,0.002443,0.000611,0.411000,-29.648001,-36.098003,-179.871,-1.744,0.306,,,,,,,,2026-09-13 03:12:16.747
28304.4,-0.069432,0.311246,9.821015,-0.052533,0.298662,9.801961,0.003054,0.001833,0.001222,0.574000,-30.725002,-35.662003,-179.198,-1.745,0.307,,,,,,,,2026-09-13 03:12:16.851
28400.4,-0.052672,0.287304,9.818622,-0.052896,0.298868,9.801952,0.000000,-0.003665,0.001833,-0.330000,-30.445002,-35.226002,-179.202,-1.746,0.309,,,,,,,,2026-09-13 03:12:16.947
28504.4,-0.040701,0.282516,9.825804,-0.052111,0.297993,9.801983,0.001222,0.001222,0.001833,0.910000,-30.878002,-35.988003,-179.203,-1.741,0.305,,,,,,,,2026-09-13 03:12:17.051
28600.4,-0.081403,0.299275,9.799467,-0.051853,0.298225,9.801977,0.000000,0.004887,0.001222,-2.161000,-30.333002,-32.947002,-179.206,-1.743,0.303,,,,,,,,2026-09-13 03:12:17.147
28704.3,-0.031125,0.268151,9.816227,-0.051750,0.298180,9.801979,-0.002443,-0.004276,0.001222,0.946000,-30.498001,-34.370003,-179.208,-1.742,0.302,,,,,,,,2026-09-13 03:12:17.251
28800.3,-0.050278,0.263362,9.840169,-0.051195,0.297758,9.801995,-0.000611,-0.001222,-0.001833,-0.685000,-30.570002,-35.115002,-179.211,-1.740,0.299,,,,,,,,2026-09-13 03:12:17.347
28896.3,-0.055067,0.282516,9.801862,-0.051292,0.297211,9.802011,0.002443,0.004276,0.000611,-1.790000,-29.678001,-35.867001,-179.213,-1.737,0.300,,,,,,,,2026-09-13 03:12:17.443
29000.3,-0.071826,0.265756,9.789890,-0.051592,0.297503,9.802001,-0.001833,-0.001222,-0.001833,0.022000,-30.494001,-34.040001,-179.196,-1.738,0.302,,,,,,,,2026-09-13 03:12:17.547
29104.3,-0.050278,0.289698,9.809045,-0.051017,0.296879,9.802023,0.002443,0.001833,0.000000,-0.378000,-31.179001,-35.114002,-179.196,-1.735,0.298,,,,,,,,2026-09-13 03:12:17.651
29200.4,-0.069432,0.299275,9.799467,-0.051047,0.296810,9.802025,0.001833,0.000611,0.000000,-0.032000,-29.500002,-34.800003,-179.199,-1.734,0.298,,,,,,,,2026-09-13 03:12:17.747
29304.4,-0.047884,0.277727,9.811439,-0.050957,0.297095,9.802016,0.000000,0.000611,-0.001833,-0.372000,-31.087002,-35.115002,-179.202,-1.736,0.298,,,,,,,,2026-09-13 03:12:17.851
29400.4,-0.074220,0.282516,9.801862,-0.051496,0.297086,9.802013,0.000611,-0.000611,0.001222,0.487000,-30.536001,-33.395000,-179.202,-1.736,0.301,,,,,,,,2026-09-13 03:12:17.947
29504.4,-0.045490,0.289698,9.821015,-0.051408,0.296785,9.802023,0.001222,-0.000611,0.001222,0.333000,-31.099001,-33.500000,-179.203,-1.734,0.300,,,,,,,,2026-09-13 03:12:18.051
29600.5,-0.059855,0.287304,9.825804,-0.051364,0.296718,9.802026,0.001222,0.000611,0.000611,0.302000,-31.216002,-36.846001,-179.204,-1.734,0.300,,,,,,,,2026-09-13 03:12:18.147
29704.5,-0.062249,0.294487,9.792285,-0.052041,0.296912,9.802016,-0.000611,0.000611,0.001222,0.993000,-29.937002,-33.077000,-179.207,-1.735,0.304,,,,,,,,2026-09-13 03:12:18.251
29800.6,-0.059855,0.289698,9.801862,-0.051843,0.297209,9.802009,-0.000611,-0.004276,-0.000611,-1.009000,-30.148001,-35.654003,-179.208,-1.737,0.303,,,,,,,,2026-09-13 03:12:18.347
29904.6,-0.031125,0.263362,9.840169,-0.051357,0.297594,9.801999,0.001833,0.002443,0.000000,0.532000,-31.282001,-36.416000,-179.210,-1.739,0.300,,,,,,,,2026-09-13 03:12:18.451
30000.6,-0.086191,0.280122,9.797073,-0.051405,0.298630,9.801967,0.002443,0.004887,-0.000611,0.559000,-30.912001,-36.093002,-179.212,-1.745,0.300,,,,,,,,2026-09-13 03:12:18.547
30104.7,-0.038307,0.277727,9.792285,-0.051938,0.299150,9.801949,-0.003054,-0.006720,0.000611,1.101000,-29.677002,-36.642002,-179.214,-1.748,0.304,,,,,,,,2026-09-13 03:12:18.651
30200.7,-0.031125,0.282516,9.840169,-0.051080,0.299002,9.801958,0.000611,-0.000611,0.000000,-0.611000,-31.029001,-36.625000,-179.216,-1.747,0.299,,,,,,,,2026-09-13 03:12:18.747
30304.7,-0.069432,0.294487,9.794679,-0.051718,0.298982,9.801954,0.003054,-0.000611,0.000000,-0.727000,-31.212002,-35.004002,-179.197,-1.747,0.302,,,,,,,,2026-09-13 03:12:18.851
30400.7,-0.055067,0.294487,9.799467,-0.051583,0.299453,9.801941,-0.002443,-0.002443,-0.000611,1.237000,-29.732002,-33.296001,-179.198,-1.750,0.302,,,,,,,,2026-09-13 03:12:18.947
30504.8,-0.038307,0.256180,9.844957,-0.052067,0.298311,9.801973,0.000611,0.000611,-0.001222,0.246000,-30.395002,-36.093002,-179.199,-1.743,0.304,,,,,,,,2026-09-13 03:12:19.051
30600.8,-0.067038,0.301669,9.801862,-0.052977,0.298235,9.801971,0.001222,0.004276,0.001833,1.082000,-30.210001,-34.264000,-179.199,-1.743,0.310,,,,,,,,2026-09-13 03:12:19.147
30704.9,-0.038307,0.275333,9.835381,-0.053837,0.297806,9.801979,0.002443,-0.000611,0.000000,-0.790000,-30.398001,-35.223003,-179.203,-1.740,0.315,,,,,,,,2026-09-13 03:12:19.251
30800.9,-0.052672,0.277727,9.809045,-0.053873,0.297446,9.801991,0.001222,0.000611,-0.001222,-0.257000,-29.428001,-34.475002,-179.272,-1.738,0.315,,,,,,,,2026-09-13 03:12:19.347
30904.9,-0.050278,0.299275,9.799467,-0.054364,0.296870,9.802005,-0.002443,0.000000,0.000000,-0.099000,-30.683001,-33.175003,-179.273,-1.735,0.318,,,,,,,,2026-09-13 03:12:19.451
31001.0,-0.055067,0.296881,9.830592,-0.054617,0.296396,9.802018,0.000000,0.000000,0.000000,0.926000,-30.776001,-34.693001,-179.275,-1.732,0.319,,,,,,,,2026-09-13 03:12:19.548
31105.0,-0.059855,0.292093,9.809045,-0.055313,0.296020,9.802026,0.001222,0.000611,0.000611,0.813000,-30.698002,-35.016003,-179.276,-1.730,0.323,,,,,,,,2026-09-13 03:12:19.652
31201.0,-0.040701,0.270545,9.823410,-0.055497,0.295975,9.802026,-0.000611,-0.000611,0.000000,-1.810000,-30.040001,-35.218002,-179.279,-1.730,0.324,,,,,,,,2026-09-13 03:12:19.748
31305.1,-0.045490,0.282516,9.825804,-0.055823,0.295596,9.802035,0.001222,0.001222,0.000000,-0.582000,-30.486002,-37.707001,-179.279,-1.727,0.326,,,,,,,,2026-09-13 03:12:19.852
31401.1,-0.074220,0.275333,9.811439,-0.055741,0.294760,9.802060,0.001222,0.003665,-0.000611,0.059000,-31.420002,-36.520000,-179.285,-1.722,0.326,,,,,,,,2026-09-13 03:12:19.948
31505.1,-0.040701,0.292093,9.792285,-0.056420,0.294939,9.802052,0.000000,-0.004887,-0.000611,-0.238000,-30.887001,-34.469002,-179.286,-1.723,0.330,,,,,,,,2026-09-13 03:12:20.052
31601.1,-0.023942,0.301669,9.792285,-0.056131,0.294376,9.802071,-0.001222,-0.001222,-0.000611,0.275000,-31.758001,-35.548000,-179.288,-1.720,0.328,,,,,,,,2026-09-13 03:12:20.148
31705.2,-0.093374,0.294487,9.847352,-0.056995,0.294414,9.802064,0.001222,0.003665,0.000000,0.156000,-30.122002,-35.014000,-179.288,-1.720,0.333,,,,,,,,2026-09-13 03:12:20.252
31801.2,-0.064643,0.306458,9.794679,-0.057347,0.294664,9.802054,-0.001833,-0.001222,0.001222,-0.583000,-30.745001,-35.439003,-179.288,-1.722,0.335,,,,,,,,2026-09-13 03:12:20.348
31897.3,-0.047884,0.299275,9.813833,-0.057213,0.294136,9.802071,-0.002443,-0.003054,0.000611,-0.378000,-31.265001,-34.250000,-179.291,-1.719,0.334,,,,,,,,2026-09-13 03:12:20.444
32001.3,-0.064643,0.272939,9.806650,-0.057012,0.293873,9.802080,0.001222,0.005498,0.000000,-2.013000,-31.340002,-35.427002,-179.293,-1.717,0.333,,,,,,,,2026-09-13 03:12:20.548
32097.3,-0.071826,0.292093,9.797073,-0.057866,0.293986,9.802073,-0.000611,0.000611,0.000000,-0.851000,-31.231001,-35.975002,-179.292,-1.718,0.338,,,,,,,,2026-09-13 03:12:20.644
32201.4,-0.026336,0.287304,9.823410,-0.058146,0.293408,9.802088,0.000611,0.001222,0.000611,-0.020000,-30.966002,-35.657001,-179.498,-1.715,0.340,,,,,,,,2026-09-13 03:12:20.748
32297.4,-0.057461,0.272939,9.816227,-0.058736,0.293458,9.802083,-0.001222,0.000000,0.000611,-0.708000,-30.936001,-34.897003,-179.499,-1.715,0.343,,,,,,,,2026-09-13 03:12:20.844
32401.4,-0.052672,0.294487,9.806650,-0.058782,0.293900,9.802069,0.001833,0.000611,0.000611,1.017000,-31.048002,-35.664001,-179.500,-1.717,0.344,,,,,,,,2026-09-13 03:12:20.948
32505.5,-0.064643,0.272939,9.794679,-0.059139,0.293646,9.802074,-0.000611,0.000000,0.000611,1.356000,-31.196001,-35.450001,-179.504,-1.716,0.346,,,,,,,,2026-09-13 03:12:21.052
32601.5,-0.031125,0.277727,9.789890,-0.058571,0.293566,9.802080,-0.000611,0.000611,0.001222,-1.124000,-31.893002,-35.538002,-179.504,-1.715,0.342,,,,,,,,2026-09-13 03:12:21.148
32697.5,-0.043096,0.299275,9.792285,-0.058826,0.293157,9.802091,-0.000611,-0.000611,0.000611,1.095000,-29.854002,-35.777000,-179.508,-1.713,0.344,,,,,,,,2026-09-13 03:12:21.244
32801.6,-0.055067,0.275333,9.799467,-0.059151,0.293425,9.802081,0.001833,0.003054,-0.000611,1.198000,-30.371002,-32.753002,-179.511,-1.715,0.346,,,,,,,,2026-09-13 03:12:21.348
32905.6,-0.057461,0.296881,9.797073,-0.060125,0.293413,9.802075,-0.002443,-0.003665,-0.000611,0.726000,-30.422001,-33.505001,-179.510,-1.715,0.351,,,,,,,,2026-09-13 03:12:21.452
33001.7,-0.021548,0.304064,9.806650,-0.060072,0.292811,9.802094,0.000000,-0.000611,-0.000611,-0.572000,-30.648001,-34.791000,-179.511,-1.711,0.351,,,,,,,,2026-09-13 03:12:21.548
33097.7,-0.057461,0.280122,9.823410,-0.060101,0.292380,9.802107,0.002443,0.004887,-0.001222,-0.483000,-31.007002,-35.222000,-179.512,-1.708,0.351,,,,,,,,2026-09-13 03:12:21.644
33201.7,-0.047884,0.304064,9.794679,-0.060820,0.292529,9.802097,-0.000611,-0.001833,0.000611,0.973000,-30.042002,-34.912003,-179.512,-1.709,0.356,,,,,,,,2026-09-13 03:12:21.748
33305.7,-0.040701,0.272939,9.828198,-0.060740,0.292588,9.802096,-0.002443,-0.004276,-0.002443,0.334000,-30.927002,-35.012001,-179.512,-1.710,0.355,,,,,,,,2026-09-13 03:12:21.852
33401.8,-0.057461,0.275333,9.825804,-0.061148,0.292756,9.802089,0.002443,0.004276,-0.000611,1.050000,-30.757002,-33.722000,-179.511,-1.711,0.357,,,,,,,,2026-09-13 03:12:21.948
33505.8,-0.064643,0.284910,9.787497,-0.061985,0.292669,9.802086,-0.001833,-0.001833,0.000000,0.971000,-30.217001,-33.616001,-179.514,-1.710,0.362,,,,,,,,2026-09-13 03:12:22.052
33601.9,-0.023942,0.296881,9.813833,-0.061845,0.291920,9.802109,0.000000,-0.003054,0.001222,-0.590000,-30.837002,-35.546001,-179.516,-1.706,0.361,,,,,,,,2026-09-13 03:12:22.148
33705.9,-0.081403,0.275333,9.809045,-0.061443,0.291208,9.802133,0.000611,0.003054,0.000000,-0.102000,-30.513002,-35.119003,-179.516,-1.702,0.359,,,,,,,,2026-09-13 03:12:22.252
33801.9,-0.055067,0.287304,9.794679,-0.062266,0.291198,9.802128,0.001833,-0.000611,-0.000611,1.301000,-30.287001,-35.345001,-179.518,-1.702,0.364,,,,,,,,2026-09-13 03:12:22.348
33898.0,-0.071826,0.299275,9.794679,-0.061577,0.291336,9.802128,-0.001222,0.000000,0.000000,-0.716000,-30.944002,-35.977001,-179.500,-1.702,0.360,,,,,,,,2026-09-13 03:12:22.445
34002.0,-0.043096,0.265756,9.816227,-0.061833,0.291580,9.802119,0.000611,0.000000,-0.000611,-0.468000,-30.820002,-34.791000,-179.502,-1.704,0.361,,,,,,,,2026-09-13 03:12:22.549
34098.1,-0.062249,0.272939,9.823410,-0.061772,0.291400,9.802125,-0.001222,0.000611,0.000000,-0.270000,-31.177002,-36.303001,-179.505,-1.703,0.361,,,,,,,,2026-09-13 03:12:22.645
34202.2,-0.038307,0.308852,9.797073,-0.062230,0.290604,9.802146,0.000611,0.002443,-0.000611,1.006000,-31.058001,-37.067001,-179.504,-1.698,0.364,,,,,,,,2026-09-13 03:12:22.749
34298.2,-0.076614,0.277727,9.864111,-0.062353,0.291182,9.802128,0.000000,-0.002443,0.000000,-0.525000,-30.001001,-34.255001,-179.505,-1.701,0.364,,,,,,,,2026-09-13 03:12:22.845
34402.2,-0.031125,0.268151,9.801862,-0.062105,0.291951,9.802107,0.000000,0.000611,-0.001222,0.955000,-32.053001,-34.904003,-179.506,-1.706,0.363,,,,,,,,2026-09-13 03:12:22.949
34498.2,-0.086191,0.304064,9.828198,-0.061437,0.292122,9.802106,0.002443,0.004276,0.000000,0.481000,-30.371002,-35.879002,-179.508,-1.707,0.359,,,,,,,,2026-09-13 03:12:23.045
34602.2,-0.047884,0.270545,9.809045,-0.062276,0.292636,9.802085,0.000611,-0.002443,0.000611,-0.234000,-30.625002,-36.305000,-179.506,-1.710,0.364,,,,,,,,2026-09-13 03:12:23.149
34698.2,-0.033519,0.268151,9.849746,-0.061333,0.292798,9.802086,-0.001222,-0.004276,0.000000,-0.267000,-31.087002,-36.627003,-179.509,-1.711,0.359,,,,,,,,2026-09-13 03:12:23.245
34802.2,-0.043096,0.280122,9.792285,-0.061507,0.293213,9.802073,0.004276,0.004276,0.000611,1.088000,-31.682001,-35.986000,-179.510,-1.713,0.360,,,,,,,,2026-09-13 03:12:23.349
34898.3,-0.062249,0.292093,9.801862,-0.061122,0.293776,9.802058,0.001222,0.001222,-0.000611,-0.239000,-30.630001,-36.953003,-179.512,-1.717,0.357,,,,,,,,2026-09-13 03:12:23.445
35002.3,-0.031125,0.280122,9.806650,-0.061237,0.293978,9.802052,-0.000611,0.001833,0.000611,1.020000,-29.395000,-34.375000,-179.515,-1.718,0.358,,,,,,,,2026-09-13 03:12:23.549
35098.3,-0.071826,0.294487,9.809045,-0.060649,0.294062,9.802052,0.003054,0.003054,0.000000,-0.618000,-31.208002,-35.976002,-179.514,-1.718,0.355,,,,,,,,2026-09-13 03:12:23.645
35202.3,-0.035913,0.282516,9.830592,-0.061747,0.294625,9.802029,-0.002443,-0.001222,0.001833,0.653000,-29.531002,-35.776001,-179.514,-1.722,0.361,,,,,,,,2026-09-13 03:12:23.749
35298.3,-0.055067,0.280122,9.823410,-0.061085,0.294746,9.802030,0.000000,-0.001222,0.000611,0.432000,-31.277002,-34.256001,-179.501,-1.722,0.357,,,,,,,,2026-09-13 03:12:23.845
35402.3,-0.057461,0.301669,9.794679,-0.061480,0.295302,9.802011,0.001833,0.003054,0.000611,0.771000,-29.519001,-35.561001,-179.502,-1.726,0.359,,,,,,,,2026-09-13 03:12:23.949
35506.3,-0.062249,0.270545,9.813833,-0.061314,0.295623,9.802001,0.000611,-0.000611,0.000611,1.484000,-30.830002,-37.179001,-179.503,-1.727,0.358,,,,,,,,2026-09-13 03:12:24.053
35602.4,-0.050278,0.270545,9.821015,-0.061987,0.296020,9.801985,0.001222,0.000611,0.000000,0.322000,-30.938002,-36.524002,-179.503,-1.730,0.362,,,,,,,,2026-09-13 03:12:24.149
35698.4,-0.069432,0.301669,9.787497,-0.061577,0.296386,9.801977,-0.000611,-0.000611,-0.001833,0.141000,-30.394001,-34.473003,-179.441,-1.732,0.360,,,,,,,,2026-09-13 03:12:24.245
35802.4,-0.035913,0.270545,9.840169,-0.061949,0.296177,9.801980,0.000611,0.000611,0.000000,0.606000,-30.437002,-33.936001,-179.371,-1.731,0.362,,,,,,,,2026-09-13 03:12:24.349
35898.5,-0.069432,0.275333,9.842564,-0.061487,0.296739,9.801967,0.002443,0.001222,0.001222,0.928000,-28.781002,-36.752003,-179.373,-1.734,0.359,,,,,,,,2026-09-13 03:12:24.445
36002.5,-0.047884,0.292093,9.789890,-0.062333,0.296598,9.801965,-0.001222,-0.003665,0.000611,0.131000,-30.662001,-33.393002,-179.372,-1.733,0.364,,,,,,,,2026-09-13 03:12:24.549
36098.6,-0.045490,0.275333,9.804255,-0.061578,0.296193,9.801983,0.000000,-0.002443,-0.002443,0.159000,-30.119001,-34.583000,-179.375,-1.731,0.360,,,,,,,,2026-09-13 03:12:24.645
36202.6,-0.057461,0.280122,9.799467,-0.061844,0.296038,9.801986,0.001833,0.006109,0.001222,0.088000,-29.570002,-33.397003,-179.376,-1.730,0.361,,,,,,,,2026-09-13 03:12:24.749
36298.7,-0.069432,0.289698,9.799467,-0.061897,0.296706,9.801965,0.001833,-0.001222,-0.000611,-0.540000,-30.359001,-32.957001,-179.381,-1.734,0.362,,,,,,,,2026-09-13 03:12:24.845
36402.8,-0.043096,0.272939,9.816227,-0.061939,0.296644,9.801967,-0.000611,-0.001222,0.000000,-0.439000,-30.449001,-34.253002,-179.383,-1.733,0.362,,,,,,,,2026-09-13 03:12:24.949
36498.8,-0.071826,0.275333,9.832987,-0.061843,0.296648,9.801967,0.003054,0.004887,0.001222,-0.206000,-30.255001,-35.875000,-179.388,-1.733,0.361,,,,,,,,2026-09-13 03:12:25.045
36602.9,-0.059855,0.289698,9.787497,-0.063078,0.297169,9.801944,0.000000,-0.001833,0.000611,-0.294000,-31.715002,-34.573002,-179.369,-1.736,0.369,,,,,,,,2026-09-13 03:12:25.149
36698.9,-0.026336,0.282516,9.797073,-0.062312,0.296823,9.801959,-0.002443,-0.002443,0.000611,0.880000,-31.250002,-36.634003,-179.372,-1.734,0.364,,,,,,,,2026-09-13 03:12:25.245
36803.0,-0.064643,0.268151,9.809045,-0.062367,0.295927,9.801986,0.001222,0.004887,0.000000,0.097000,-30.953001,-35.550003,-179.373,-1.729,0.365,,,,,,,,2026-09-13 03:12:25.350
36899.0,-0.059855,0.304064,9.794679,-0.062235,0.295491,9.802000,0.000000,0.000611,-0.001833,0.555000,-31.174002,-34.257000,-179.378,-1.727,0.364,,,,,,,,2026-09-13 03:12:25.446
37003.0,-0.038307,0.265756,9.811439,-0.062160,0.294985,9.802015,-0.001222,-0.001222,0.000000,0.134000,-30.316002,-36.309002,-179.379,-1.724,0.363,,,,,,,,2026-09-13 03:12:25.550
37099.1,-0.043096,0.268151,9.823410,-0.061781,0.294175,9.802042,0.000611,0.003665,0.000611,0.657000,-31.263002,-35.337002,-179.380,-1.719,0.361,,,,,,,,2026-09-13 03:12:25.646
37203.1,-0.059855,0.304064,9.809045,-0.062402,0.294337,9.802033,-0.001222,-0.000611,0.000611,-0.079000,-30.147001,-35.337002,-179.384,-1.720,0.365,,,,,,,,2026-09-13 03:12:25.750
37299.1,-0.040701,0.284910,9.797073,-0.061824,0.294107,9.802044,0.000000,-0.001833,-0.001833,1.227000,-29.828001,-33.835003,-179.387,-1.719,0.361,,,,,,,,2026-09-13 03:12:25.846
37403.2,-0.067038,0.263362,9.809045,-0.061910,0.294079,9.802044,0.000000,-0.000611,0.000000,0.174000,-29.847002,-35.016003,-179.388,-1.718,0.362,,,,,,,,2026-09-13 03:12:25.950
37499.2,-0.038307,0.280122,9.871294,-0.061655,0.293271,9.802070,-0.001222,-0.000611,0.001222,-0.584000,-32.481003,-35.647003,-179.369,-1.714,0.360,,,,,,,,2026-09-13 03:12:26.046
37603.2,-0.062249,0.289698,9.768343,-0.062521,0.292961,9.802073,0.001833,0.004276,-0.001222,1.088000,-29.947001,-35.885002,-179.548,-1.712,0.365,,,,,,,,2026-09-13 03:12:26.150
37699.2,-0.050278,0.270545,9.809045,-0.062863,0.293064,9.802069,0.000000,-0.000611,0.000611,0.806000,-30.704002,-35.880001,-179.589,-1.712,0.367,,,,,,,,2026-09-13 03:12:26.246
37803.2,-0.040701,0.289698,9.806650,-0.062595,0.292544,9.802086,-0.000611,0.001222,0.001833,-0.291000,-29.806002,-35.768002,-179.591,-1.709,0.366,,,,,,,,2026-09-13 03:12:26.350
37899.2,-0.050278,0.299275,9.825804,-0.062757,0.292180,9.802095,0.001833,0.003665,-0.000611,0.336000,-30.924002,-34.688004,-179.594,-1.707,0.367,,,,,,,,2026-09-13 03:12:26.446
38003.2,-0.064643,0.280122,9.821015,-0.063141,0.291877,9.802102,-0.003665,-0.001222,0.000000,0.089000,-30.875002,-37.386002,-179.596,-1.706,0.369,,,,,,,,2026-09-13 03:12:26.550
38099.2,-0.019154,0.292093,9.806650,-0.062854,0.292100,9.802097,-0.000611,-0.002443,0.000611,0.691000,-30.714001,-35.663002,-179.596,-1.707,0.367,,,,,,,,2026-09-13 03:12:26.646
38203.2,-0.062249,0.284910,9.816227,-0.063289,0.291702,9.802107,0.002443,0.004887,0.001222,-0.069000,-30.051001,-34.797001,-179.597,-1.705,0.370,,,,,,,,2026-09-13 03:12:26.750
38299.2,-0.052672,0.284910,9.811439,-0.063524,0.291623,9.802107,0.000000,-0.001222,0.000611,-0.581000,-30.571001,-36.735001,-179.601,-1.704,0.371,,,,,,,,2026-09-13 03:12:26.846
38403.2,-0.052672,0.287304,9.792285,-0.062820,0.290995,9.802131,-0.000611,-0.000611,0.000611,-0.352000,-29.075001,-34.799000,-179.601,-1.700,0.367,,,,,,,,2026-09-13 03:12:26.950
38499.2,-0.055067,0.292093,9.835381,-0.062884,0.291087,9.802127,0.002443,0.001833,-0.000611,0.552000,-29.356001,-35.344002,-179.586,-1.701,0.368,,,,,,,,2026-09-13 03:12:27.046
38603.2,-0.071826,0.277727,9.801862,-0.063514,0.291059,9.802124,-0.002443,-0.000611,0.001222,1.911000,-29.861002,-35.027000,-179.588,-1.701,0.371,,,,,,,,2026-09-13 03:12:27.150
38699.3,-0.045490,0.277727,9.806650,-0.063571,0.290568,9.802139,-0.000611,-0.000611,0.000000,-0.688000,-30.487001,-36.303001,-179.590,-1.698,0.372,,,,,,,,2026-09-13 03:12:27.246
38803.3,-0.050278,0.287304,9.773131,-0.063669,0.290764,9.802133,0.000000,0.001833,0.000000,1.010000,-29.662001,-33.187000,-179.591,-1.699,0.372,,,,,,,,2026-09-13 03:12:27.350
38899.3,-0.028730,0.260968,9.811439,-0.063895,0.290444,9.802140,0.000611,0.001222,0.000611,-0.118000,-30.701002,-35.658001,-179.593,-1.697,0.373,,,,,,,,2026-09-13 03:12:27.446
39003.4,-0.071826,0.296881,9.806650,-0.063957,0.290766,9.802130,-0.001222,0.001222,0.000611,1.653000,-30.252001,-35.132000,-179.593,-1.699,0.374,,,,,,,,2026-09-13 03:12:27.550
39099.4,-0.038307,0.299275,9.799467,-0.064077,0.290464,9.802138,-0.001222,0.000611,0.000611,0.319000,-30.941002,-36.955002,-179.596,-1.697,0.375,,,,,,,,2026-09-13 03:12:27.646
39203.5,-0.064643,0.275333,9.828198,-0.063850,0.289690,9.802162,-0.000611,0.001222,-0.001222,0.086000,-31.307001,-33.713001,-179.597,-1.693,0.373,,,,,,,,2026-09-13 03:12:27.750
39299.5,-0.047884,0.292093,9.765948,-0.063487,0.289390,9.802174,0.001222,0.002443,0.002443,-0.041000,-31.330002,-35.224003,-179.598,-1.691,0.371,,,,,,,,2026-09-13 03:12:27.846
39403.5,-0.069432,0.287304,9.825804,-0.063908,0.289816,9.802158,-0.002443,-0.002443,0.000000,-0.087000,-30.327002,-34.796001,-179.601,-1.694,0.374,,,,,,,,2026-09-13 03:12:27.950
39499.6,-0.021548,0.260968,9.835381,-0.064127,0.289381,9.802170,-0.002443,-0.000611,0.000000,0.216000,-30.853001,-35.983002,-179.583,-1.691,0.375,,,,,,,,2026-09-13 03:12:28.046
39603.6,-0.083797,0.304064,9.809045,-0.064024,0.289074,9.802179,0.001222,0.003665,0.001222,0.254000,-30.300001,-35.770000,-179.585,-1.689,0.374,,,,,,,,2026-09-13 03:12:28.150
39699.7,-0.038307,0.289698,9.787497,-0.064575,0.288798,9.802184,0.001833,0.003665,0.001222,-0.062000,-29.959002,-34.690002,-179.586,-1.688,0.377,,,,,,,,2026-09-13 03:12:28.246
39803.7,-0.055067,0.275333,9.813833,-0.064349,0.288822,9.802185,-0.000611,0.000000,-0.001833,-0.090000,-30.502001,-33.608002,-179.587,-1.688,0.376,,,,,,,,2026-09-13 03:12:28.350
39899.7,-0.045490,0.294487,9.797073,-0.064701,0.288633,9.802188,0.002443,0.003665,0.000000,-1.171000,-30.978001,-34.462002,-179.585,-1.687,0.378,,,,,,,,2026-09-13 03:12:28.446
40003.8,-0.076614,0.280122,9.727641,-0.064836,0.288544,9.802190,-0.001222,-0.001833,-0.000611,0.621000,-30.079002,-35.234001,-179.587,-1.686,0.379,,,,,,,,2026-09-13 03:12:28.550
40099.8,-0.023942,0.275333,9.777920,-0.064753,0.289180,9.802172,0.000000,-0.002443,0.000000,-0.439000,-30.449001,-34.253002,-179.587,-1.690,0.378,,,,,,,,2026-09-13 03:12:28.646
40203.8,-0.069432,0.304064,9.785102,-0.063894,0.289725,9.802161,0.001833,0.004276,0.000000,-0.457000,-30.638002,-35.008003,-179.590,-1.693,0.373,,,,,,,,2026-09-13 03:12:28.750
40299.8,-0.052672,0.294487,9.830592,-0.064572,0.290280,9.802140,0.002443,-0.001222,0.000611,-0.775000,-30.039001,-36.412003,-179.592,-1.696,0.377,,,,,,,,2026-09-13 03:12:28.846
40403.8,-0.069432,0.280122,9.849746,-0.064026,0.290771,9.802130,0.001833,0.000611,-0.000611,0.164000,-30.114002,-33.935001,-179.504,-1.698,0.374,,,,,,,,2026-09-13 03:12:28.950
40499.9,-0.040701,0.275333,9.811439,-0.064361,0.290990,9.802120,0.002443,-0.000611,0.000000,-0.256000,-31.162001,-34.359001,-179.504,-1.700,0.376,,,,,,,,2026-09-13 03:12:29.046
40603.9,-0.062249,0.294487,9.816227,-0.063835,0.291473,9.802110,0.003665,0.001222,0.000000,-0.040000,-29.679001,-34.151001,-179.505,-1.703,0.373,,,,,,,,2026-09-13 03:12:29.150
40700.0,-0.035913,0.265756,9.813833,-0.064458,0.292289,9.802081,0.001222,0.001833,0.000000,0.613000,-30.172001,-35.449001,-179.505,-1.708,0.377,,,,,,,,2026-09-13 03:12:29.246
40804.0,-0.071826,0.294487,9.804255,-0.064076,0.292771,9.802070,-0.000611,0.000611,0.000611,-0.039000,-31.328001,-35.008003,-179.506,-1.711,0.375,,,,,,,,2026-09-13 03:12:29.351
40900.0,-0.028730,0.280122,9.789890,-0.064250,0.293508,9.802047,0.000611,-0.001833,0.001222,-0.009000,-30.955002,-34.254002,-179.507,-1.715,0.376,,,,,,,,2026-09-13 03:12:29.447
41004.1,-0.071826,0.275333,9.823410,-0.063459,0.293975,9.802037,0.002443,0.002443,0.001833,0.529000,-31.629002,-33.607002,-179.508,-1.718,0.371,,,,,,,,2026-09-13 03:12:29.551
41100.1,-0.055067,0.280122,9.777920,-0.063999,0.294501,9.802018,-0.001222,-0.000611,-0.000611,-2.164000,-29.907001,-37.375000,-179.511,-1.721,0.374,,,,,,,,2026-09-13 03:12:29.647
41204.1,-0.055067,0.287304,9.816227,-0.063349,0.294381,9.802026,-0.001222,-0.000611,0.000000,-0.299000,-31.635002,-36.085003,-179.514,-1.720,0.370,,,,,,,,2026-09-13 03:12:29.751
41300.1,-0.043096,0.272939,9.823410,-0.063847,0.294195,9.802029,0.002443,0.003665,-0.000611,1.235000,-31.297001,-35.233002,-179.515,-1.719,0.373,,,,,,,,2026-09-13 03:12:29.847
41404.1,-0.081403,0.296881,9.797073,-0.063807,0.294128,9.802031,-0.003665,-0.000611,0.000000,0.537000,-31.277002,-35.768002,-179.516,-1.719,0.373,,,,,,,,2026-09-13 03:12:29.951
41500.1,-0.028730,0.282516,9.789890,-0.064083,0.292912,9.802065,-0.001833,-0.003665,0.000000,1.501000,-30.555002,-37.289001,-179.518,-1.712,0.375,,,,,,,,2026-09-13 03:12:30.047
41604.1,-0.074220,0.270545,9.821015,-0.063483,0.292456,9.802083,0.000611,0.004887,-0.000611,0.486000,-31.929001,-36.844002,-179.519,-1.709,0.371,,,,,,,,2026-09-13 03:12:30.151
41700.2,-0.052672,0.287304,9.775525,-0.064346,0.292352,9.802080,0.000611,0.001833,-0.000611,-0.708000,-30.936001,-34.897003,-179.520,-1.708,0.376,,,,,,,,2026-09-13 03:12:30.247
41804.2,-0.057461,0.277727,9.813833,-0.063983,0.291724,9.802101,-0.002443,-0.001222,0.000000,0.197000,-31.044001,-36.846001,-179.523,-1.705,0.374,,,,,,,,2026-09-13 03:12:30.351
41900.2,-0.043096,0.275333,9.816227,-0.064211,0.291103,9.802118,0.000611,0.000611,0.000611,0.283000,-31.578001,-36.089001,-179.524,-1.701,0.375,,,,,,,,2026-09-13 03:12:30.447
42004.3,-0.067038,0.292093,9.818622,-0.063602,0.291330,9.802115,0.000000,0.001833,0.000611,0.606000,-30.265001,-35.557003,-179.526,-1.702,0.372,,,,,,,,2026-09-13 03:12:30.551
42100.3,-0.040701,0.301669,9.785102,-0.064201,0.291317,9.802113,0.000611,0.001222,0.000000,1.687000,-31.267002,-37.179001,-179.526,-1.702,0.375,,,,,,,,2026-09-13 03:12:30.647
42204.4,-0.062249,0.282516,9.830592,-0.063680,0.291471,9.802111,-0.000611,0.001222,0.000611,0.811000,-30.786001,-34.476002,-179.527,-1.703,0.372,,,,,,,,2026-09-13 03:12:30.751
42300.4,-0.040701,0.292093,9.787497,-0.064564,0.291670,9.802099,-0.000611,-0.001222,0.000611,-0.841000,-31.049002,-36.299004,-179.502,-1.704,0.377,,,,,,,,2026-09-13 03:12:30.847
42404.5,-0.067038,0.294487,9.804255,-0.063905,0.291397,9.802112,0.000611,0.002443,0.000611,-0.890000,-30.049002,-36.195004,-179.506,-1.703,0.374,,,,,,,,2026-09-13 03:12:30.951
42500.5,-0.050278,0.280122,9.797073,-0.064645,0.290966,9.802119,-0.000611,0.000000,0.000611,0.579000,-30.463001,-37.499001,-179.506,-1.700,0.378,,,,,,,,2026-09-13 03:12:31.047
42604.6,-0.055067,0.277727,9.840169,-0.063599,0.290755,9.802133,0.000611,0.001222,0.000611,-1.106000,-31.446001,-37.160004,-179.509,-1.699,0.372,,,,,,,,2026-09-13 03:12:31.151
42700.7,-0.057461,0.294487,9.792285,-0.064234,0.290921,9.802124,0.002443,0.005498,-0.001833,0.574000,-30.811001,-34.906002,-179.510,-1.700,0.375,,,,,,,,2026-09-13 03:12:31.247
42796.7,-0.067038,0.294487,9.797073,-0.064144,0.291567,9.802105,0.000611,0.002443,-0.000611,0.048000,-31.688002,-35.439003,-179.512,-1.704,0.375,,,,,,,,2026-09-13 03:12:31.343
42900.8,-0.047884,0.265756,9.825804,-0.064823,0.291720,9.802095,-0.001222,-0.000611,-0.000611,-0.475000,-29.007002,-36.526001,-179.510,-1.705,0.379,,,,,,,,2026-09-13 03:12:31.447
42996.9,-0.045490,0.287304,9.907207,-0.064054,0.291647,9.802103,0.001833,0.005498,0.004276,-0.545000,-30.363001,-33.605003,-179.512,-1.704,0.374,,,,,,,,2026-09-13 03:12:31.543
43100.9,-0.052672,0.287304,9.794679,-0.064883,0.291584,9.802099,0.000611,-0.001222,0.000000,-1.159000,-30.537001,-36.947002,-179.514,-1.704,0.379,,,,,,,,2026-09-13 03:12:31.647
43204.9,-0.045490,0.277727,9.799467,-0.063465,0.291729,9.802105,-0.001222,-0.001833,-0.000611,-0.626000,-31.302002,-36.192001,-179.558,-1.705,0.371,,,,,,,,2026-09-13 03:12:31.751
43301.0,-0.059855,0.292093,9.806650,-0.063375,0.291693,9.802106,0.002443,0.003665,0.000000,2.068000,-30.858002,-36.212002,-179.560,-1.704,0.370,,,,,,,,2026-09-13 03:12:31.848
43405.0,-0.055067,0.289698,9.821015,-0.063451,0.292187,9.802091,0.001222,-0.002443,0.001222,-0.734000,-29.484001,-35.875000,-179.563,-1.707,0.371,,,,,,,,2026-09-13 03:12:31.952
43501.1,-0.047884,0.272939,9.794679,-0.064215,0.292735,9.802070,-0.001222,0.000000,0.000611,0.500000,-30.180002,-34.908001,-179.563,-1.711,0.375,,,,,,,,2026-09-13 03:12:32.048
43605.1,-0.055067,0.294487,9.806650,-0.064138,0.293093,9.802059,-0.000611,-0.000611,0.000000,-0.681000,-30.480001,-35.331001,-179.566,-1.713,0.375,,,,,,,,2026-09-13 03:12:32.152
43701.2,-0.069432,0.289698,9.818622,-0.064133,0.293411,9.802050,0.000611,0.001222,-0.000611,0.077000,-29.581001,-34.908001,-179.571,-1.715,0.375,,,,,,,,2026-09-13 03:12:32.248
43797.2,-0.050278,0.272939,9.809045,-0.063591,0.294255,9.802029,0.001833,0.001833,0.000611,0.634000,-29.893002,-35.018002,-179.568,-1.719,0.372,,,,,,,,2026-09-13 03:12:32.344
43901.3,-0.071826,0.289698,9.785102,-0.064153,0.294315,9.802023,0.001833,-0.000611,0.000611,0.733000,-31.721001,-36.631001,-179.571,-1.720,0.375,,,,,,,,2026-09-13 03:12:32.448
43997.3,-0.043096,0.292093,9.768343,-0.063831,0.294777,9.802011,0.000611,0.001222,0.000000,-1.259000,-30.531002,-34.679001,-179.573,-1.723,0.373,,,,,,,,2026-09-13 03:12:32.544
44101.3,-0.067038,0.277727,9.809045,-0.064328,0.295156,9.801996,0.001833,0.003665,0.001222,-0.433000,-30.271002,-35.010002,-179.574,-1.725,0.376,,,,,,,,2026-09-13 03:12:32.648
44205.4,-0.038307,0.289698,9.816227,-0.064942,0.295655,9.801977,-0.001222,-0.002443,0.001833,-1.162000,-30.711002,-35.651001,-179.579,-1.728,0.380,,,,,,,,2026-09-13 03:12:32.752
44301.4,-0.043096,0.292093,9.792285,-0.064634,0.295500,9.801984,-0.001222,0.000611,-0.000611,-0.270000,-31.177002,-36.303001,-179.581,-1.727,0.378,,,,,,,,2026-09-13 03:12:32.848
44397.4,-0.040701,0.280122,9.832987,-0.064858,0.296517,9.801951,0.004276,0.003665,0.000611,-0.794000,-30.574001,-34.142002,-179.582,-1.733,0.379,,,,,,,,2026-09-13 03:12:32.944
44501.4,-0.081403,0.284910,9.777920,-0.065576,0.297545,9.801916,-0.001222,-0.000611,0.000000,0.586000,-30.629002,-35.015003,-179.563,-1.739,0.383,,,,,,,,2026-09-13 03:12:33.048
44605.5,-0.028730,0.203507,9.674969,-0.064833,0.297616,9.801919,-0.003054,-0.007941,0.000000,1.204000,-31.757002,-35.230003,-179.395,-1.739,0.379,,,,,,,,2026-09-13 03:12:33.152
44701.5,-0.076614,0.282516,9.856929,-0.064043,0.297567,9.801926,0.002443,0.004887,-0.001222,-0.718000,-29.296001,-35.336002,-179.519,-1.739,0.374,,,,,,,,2026-09-13 03:12:33.248
44805.5,-0.043096,0.289698,9.799467,-0.064881,0.297562,9.801920,0.001833,0.003054,0.000000,0.448000,-30.918001,-35.337002,-179.635,-1.739,0.379,,,,,,,,2026-09-13 03:12:33.352
44901.5,-0.040701,0.289698,9.792285,-0.064210,0.297189,9.801936,-0.000611,-0.003054,0.000611,0.585000,-30.458002,-36.743000,-179.636,-1.737,0.375,,,,,,,,2026-09-13 03:12:33.448
45005.6,-0.047884,0.268151,9.816227,-0.064361,0.297064,9.801938,0.002443,0.003054,0.000611,-0.395000,-31.110001,-38.137001,-179.637,-1.736,0.376,,,,,,,,2026-09-13 03:12:33.552
45101.6,-0.076614,0.284910,9.811439,-0.064032,0.297103,9.801940,0.003054,0.001222,0.000000,-0.026000,-29.408001,-34.800003,-179.638,-1.736,0.374,,,,,,,,2026-09-13 03:12:33.648
45197.7,-0.043096,0.282516,9.792285,-0.064082,0.296865,9.801947,0.001222,-0.001833,0.000611,0.833000,-30.506001,-33.938000,-179.639,-1.735,0.375,,,,,,,,2026-09-13 03:12:33.744
45301.8,-0.057461,0.280122,9.813833,-0.063734,0.297607,9.801926,0.000611,0.000611,-0.001222,0.696000,-30.623001,-35.772003,-179.641,-1.739,0.373,,,,,,,,2026-09-13 03:12:33.848
45397.9,-0.055067,0.268151,9.806650,-0.064037,0.297849,9.801917,0.001833,0.001222,0.000611,1.680000,-31.531002,-35.666000,-179.640,-1.740,0.374,,,,,,,,2026-09-13 03:12:33.944
45501.9,-0.071826,0.299275,9.794679,-0.063747,0.297947,9.801916,-0.000611,0.000000,-0.001222,0.650000,-31.270002,-36.308002,-179.642,-1.741,0.373,,,,,,,,2026-09-13 03:12:34.048
45597.9,-0.028730,0.265756,9.806650,-0.064214,0.298432,9.801897,0.000611,0.000000,0.002443,0.709000,-30.267002,-37.393002,-179.642,-1.744,0.375,,,,,,,,2026-09-13 03:12:34.144
45701.9,-0.059855,0.265756,9.821015,-0.063374,0.297853,9.801922,0.000000,0.003054,-0.000611,1.309000,-31.929001,-35.230003,-179.645,-1.740,0.370,,,,,,,,2026-09-13 03:12:34.248
45805.8,-0.045490,0.296881,9.780313,-0.063453,0.297245,9.801939,0.001222,0.000000,0.000000,-0.188000,-30.065001,-35.120003,-179.647,-1.737,0.371,,,,,,,,2026-09-13 03:12:34.352
45901.8,-0.074220,0.289698,9.804255,-0.062684,0.296542,9.801965,-0.001222,0.000000,0.000000,0.755000,-31.442001,-36.200001,-179.648,-1.733,0.366,,,,,,,,2026-09-13 03:12:34.448
46005.8,-0.043096,0.280122,9.780313,-0.061584,0.295938,9.801991,-0.001222,-0.000611,0.000611,-0.290000,-31.453001,-36.409000,-179.649,-1.729,0.360,,,,,,,,2026-09-13 03:12:34.552
46101.8,-0.083797,0.299275,9.816227,-0.061244,0.295455,9.802007,0.002443,0.003054,-0.000611,1.166000,-30.746002,-33.723003,-179.652,-1.726,0.358,,,,,,,,2026-09-13 03:12:34.648
46205.8,-0.038307,0.280122,9.799467,-0.061377,0.295621,9.802001,-0.000611,-0.002443,0.000000,1.507000,-30.721001,-34.913002,-179.634,-1.727,0.359,,,,,,,,2026-09-13 03:12:34.752
46301.9,-0.045490,0.256180,9.809045,-0.060401,0.295002,9.802026,0.000000,-0.002443,0.000000,-0.868000,-29.770002,-35.765003,-179.634,-1.724,0.353,,,,,,,,2026-09-13 03:12:34.848
46405.9,-0.043096,0.299275,9.832987,-0.060101,0.295487,9.802013,0.003054,0.004276,0.002443,0.565000,-29.257002,-34.373001,-179.903,-1.727,0.351,,,,,,,,2026-09-13 03:12:34.952
46501.9,-0.076614,0.275333,9.823410,-0.060153,0.295994,9.801998,0.001222,0.001222,0.000611,0.134000,-30.315001,-36.201000,-179.905,-1.730,0.352,,,,,,,,2026-09-13 03:12:35.048
46597.9,-0.040701,0.282516,9.739613,-0.059897,0.294774,9.802035,0.000000,-0.002443,0.001222,0.396000,-30.179001,-33.288002,-179.978,-1.722,0.350,,,,,,,,2026-09-13 03:12:35.144
46701.9,-0.064643,0.296881,9.787497,-0.059248,0.294896,9.802036,0.003054,0.003665,-0.000611,0.782000,-29.423002,-35.021000,-179.874,-1.723,0.346,,,,,,,,2026-09-13 03:12:35.248
46797.9,-0.038307,0.265756,9.739613,-0.059313,0.294017,9.802062,0.000000,0.000000,0.000611,-0.105000,-30.517002,-35.551003,179.745,-1.718,0.347,,,,,,,,2026-09-13 03:12:35.344
46901.9,0.069432,0.184354,8.887277,-0.055667,0.284426,9.802367,-0.002443,-0.006109,0.000000,0.911000,-31.048002,-34.152000,179.925,-1.662,0.325,,,,,,,,2026-09-13 03:12:35.448
47005.8,-0.016759,0.244209,9.421184,-0.054275,0.284103,9.802383,0.000000,-0.003054,0.000611,1.211000,-30.101002,-33.510002,-179.728,-1.660,0.317,,,,,,,,2026-09-13 03:12:35.552
47101.8,-0.043096,0.284910,9.550470,-0.054379,0.284465,9.802373,-0.005498,-0.004276,-0.000611,-0.689000,-30.659002,-34.791000,-179.728,-1.662,0.318,,,,,,,,2026-09-13 03:12:35.648
47197.9,-0.038307,0.287304,9.588778,-0.054957,0.284824,9.802360,-0.004276,-0.003054,0.000000,-0.652000,-31.671001,-36.406002,-179.673,-1.664,0.321,,,,,,,,2026-09-13 03:12:35.744
47301.9,-0.057461,0.287304,9.639056,-0.054444,0.284292,9.802378,-0.001833,-0.004276,0.001222,0.116000,-30.676001,-35.336002,-179.816,-1.661,0.318,,,,,,,,2026-09-13 03:12:35.848
47397.9,-0.021548,0.253785,9.737218,-0.054542,0.284176,9.802381,-0.002443,-0.006109,-0.000611,-0.018000,-30.878002,-36.198002,179.926,-1.661,0.319,,,,,,,,2026-09-13 03:12:35.944
47501.9,-0.074220,0.277727,9.775525,-0.053714,0.284188,9.802384,0.001222,0.003054,0.000000,-0.508000,-29.726002,-34.364002,179.697,-1.661,0.314,,,,,,,,2026-09-13 03:12:36.048
47597.9,-0.062249,0.292093,9.789890,-0.053859,0.284619,9.802371,0.000000,0.003054,0.000000,-0.974000,-29.771002,-34.360001,179.698,-1.663,0.315,,,,,,,,2026-09-13 03:12:36.144
47702.0,-0.023942,0.272939,9.821015,-0.053300,0.284678,9.802373,-0.004276,-0.004276,0.000000,-0.699000,-30.755001,-35.330002,179.696,-1.663,0.312,,,,,,,,2026-09-13 03:12:36.249
47798.0,-0.028730,0.260968,9.835381,-0.052742,0.284347,9.802385,0.002443,0.001222,0.001833,-0.097000,-30.422001,-35.227001,179.694,-1.662,0.308,,,,,,,,2026-09-13 03:12:36.345
47902.1,-0.071826,0.308852,9.782708,-0.053164,0.284571,9.802376,-0.001222,-0.003054,0.000000,0.698000,-30.707001,-34.800003,179.689,-1.663,0.311,,,,,,,,2026-09-13 03:12:36.449
47998.1,-0.019154,0.287304,9.804255,-0.052928,0.284139,9.802389,-0.003665,-0.004887,0.001222,0.466000,-30.642002,-35.338001,179.690,-1.660,0.309,,,,,,,,2026-09-13 03:12:36.545
48102.2,-0.064643,0.256180,9.844957,-0.052566,0.284054,9.802395,0.001222,0.004887,0.000611,-0.295000,-29.810001,-36.308002,179.689,-1.660,0.307,,,,,,,,2026-09-13 03:12:36.649
48198.2,-0.069432,0.272939,9.792285,-0.052869,0.284061,9.802393,0.001222,0.002443,0.001833,0.183000,-29.666002,-35.448002,179.689,-1.660,0.309,,,,,,,,2026-09-13 03:12:36.745
48302.2,-0.045490,0.272939,9.828198,-0.052692,0.284332,9.802385,-0.000611,-0.001833,0.000000,0.364000,-30.210001,-37.498001,179.686,-1.661,0.308,,,,,,,,2026-09-13 03:12:36.849
48398.3,-0.045490,0.265756,9.832987,-0.052745,0.283549,9.802408,0.000000,0.002443,0.001222,-0.123000,-30.791002,-35.442001,179.686,-1.657,0.308,,,,,,,,2026-09-13 03:12:36.945
48502.3,-0.064643,0.265756,9.818622,-0.052833,0.283858,9.802399,-0.000611,0.001833,0.001222,1.151000,-28.940001,-36.429001,179.683,-1.659,0.309,,,,,,,,2026-09-13 03:12:37.049
48606.3,-0.026336,0.268151,9.823410,-0.053295,0.283765,9.802399,-0.001833,-0.003054,-0.000611,-0.204000,-30.338001,-34.795002,179.700,-1.658,0.312,,,,,,,,2026-09-13 03:12:37.153
48702.3,-0.045490,0.256180,9.842564,-0.052664,0.283862,9.802400,0.000000,0.001222,0.000000,0.379000,-30.196001,-35.555000,179.698,-1.659,0.308,,,,,,,,2026-09-13 03:12:37.249
48806.4,-0.050278,0.292093,9.792285,-0.052873,0.283889,9.802398,-0.000611,-0.000611,-0.000611,-0.181000,-31.708002,-35.113003,179.699,-1.659,0.309,,,,,,,,2026-09-13 03:12:37.353
48902.4,-0.047884,0.280122,9.816227,-0.052310,0.284244,9.802390,-0.001833,-0.001222,-0.000611,0.193000,-31.134001,-36.630001,179.697,-1.661,0.306,,,,,,,,2026-09-13 03:12:37.449
48998.5,-0.059855,0.280122,9.811439,-0.052658,0.283365,9.802414,0.000611,-0.000611,0.000611,0.207000,-30.948002,-36.307003,179.697,-1.656,0.308,,,,,,,,2026-09-13 03:12:37.545
49102.5,-0.033519,0.256180,9.799467,-0.052321,0.283444,9.802414,-0.000611,-0.000611,0.002443,0.415000,-29.559002,-36.422001,179.697,-1.656,0.306,,,,,,,,2026-09-13 03:12:37.649
49198.5,-0.067038,0.296881,9.792285,-0.051969,0.283040,9.802427,0.001833,0.002443,-0.001222,-1.294000,-29.174002,-35.980003,179.694,-1.654,0.304,,,,,,,,2026-09-13 03:12:37.745
49302.6,-0.064643,0.272939,9.806650,-0.052002,0.283892,9.802402,0.000000,-0.001222,0.000000,-0.881000,-30.212002,-33.388000,179.694,-1.659,0.304,,,,,,,,2026-09-13 03:12:37.849
49398.6,-0.052672,0.265756,9.809045,-0.052287,0.283749,9.802404,-0.001833,-0.003665,0.001222,-0.019000,-30.793001,-37.170002,179.693,-1.658,0.306,,,,,,,,2026-09-13 03:12:37.945
49502.7,-0.059855,0.289698,9.785102,-0.051890,0.283943,9.802402,0.000611,0.005498,-0.000611,-0.438000,-30.362001,-34.901001,179.690,-1.659,0.303,,,,,,,,2026-09-13 03:12:38.049
49598.7,-0.076614,0.299275,9.799467,-0.052556,0.284088,9.802394,0.000611,0.001833,0.001833,0.375000,-30.457001,-33.611000,179.689,-1.660,0.307,,,,,,,,2026-09-13 03:12:38.145
49702.7,-0.026336,0.275333,9.825804,-0.052717,0.284368,9.802384,-0.001222,0.000000,0.000611,0.028000,-28.581001,-34.804001,179.686,-1.662,0.308,,,,,,,,2026-09-13 03:12:38.249
49798.7,-0.064643,0.282516,9.806650,-0.053168,0.284457,9.802380,0.001222,0.004276,-0.001222,-0.916000,-30.504002,-35.545002,179.683,-1.662,0.311,,,,,,,,2026-09-13 03:12:38.345
49902.7,-0.040701,0.284910,9.809045,-0.054097,0.285021,9.802358,-0.000611,0.001222,0.000000,0.502000,-30.092001,-35.449001,179.680,-1.665,0.316,,,,,,,,2026-09-13 03:12:38.449
49998.7,-0.045490,0.268151,9.830592,-0.054564,0.285101,9.802353,-0.001222,-0.002443,-0.000611,-0.009000,-30.783001,-35.874001,179.699,-1.666,0.319,,,,,,,,2026-09-13 03:12:38.545
50102.7,-0.043096,0.277727,9.804255,-0.054358,0.284600,9.802369,0.001222,0.003665,0.001222,0.817000,-30.522001,-36.097000,179.698,-1.663,0.318,,,,,,,,2026-09-13 03:12:38.649
50198.7,-0.069432,0.277727,9.809045,-0.055115,0.284985,9.802354,0.000611,0.001833,-0.000611,0.532000,-31.454002,-34.795002,179.696,-1.665,0.322,,,,,,,,2026-09-13 03:12:38.745
50302.7,-0.040701,0.258574,9.811439,-0.055615,0.284950,9.802352,-0.000611,-0.001833,0.000611,-0.150000,-31.333002,-34.144001,179.692,-1.665,0.325,,,,,,,,2026-09-13 03:12:38.849
50398.7,-0.059855,0.284910,9.804255,-0.055505,0.285025,9.802350,-0.000611,0.001833,-0.001222,0.130000,-30.492001,-35.229000,179.690,-1.666,0.324,,,,,,,,2026-09-13 03:12:38.945
50502.7,-0.035913,0.263362,9.818622,-0.056159,0.284969,9.802348,-0.001222,0.000000,0.000000,0.017000,-30.413002,-35.444000,179.688,-1.665,0.328,,,,,,,,2026-09-13 03:12:39.049
50598.7,-0.057461,0.275333,9.821015,-0.056517,0.284623,9.802356,0.000000,0.001222,-0.001222,1.020000,-30.958002,-35.988003,179.687,-1.663,0.330,,,,,,,,2026-09-13 03:12:39.145
50702.7,-0.045490,0.289698,9.801862,-0.057272,0.284943,9.802342,0.000000,0.000000,0.000611,0.589000,-30.711002,-33.719002,179.687,-1.665,0.335,,,,,,,,2026-09-13 03:12:39.249
50798.8,-0.040701,0.268151,9.823410,-0.057274,0.284840,9.802345,-0.001833,-0.002443,0.001222,-1.146000,-30.524002,-35.220001,179.687,-1.664,0.335,,,,,,,,2026-09-13 03:12:39.345
50902.9,-0.050278,0.289698,9.801862,-0.057110,0.284924,9.802343,0.000611,0.004887,0.000000,0.375000,-30.371002,-34.367001,179.686,-1.665,0.334,,,,,,,,2026-09-13 03:12:39.449
50998.9,-0.076614,0.287304,9.809045,-0.057822,0.285423,9.802325,0.000000,0.000000,-0.000611,0.316000,-31.030001,-36.523003,179.685,-1.668,0.338,,,,,,,,2026-09-13 03:12:39.545
51103.0,-0.026336,0.263362,9.837775,-0.057518,0.285080,9.802337,-0.001222,-0.003054,0.001222,0.041000,-29.960001,-36.418003,179.683,-1.666,0.336,,,,,,,,2026-09-13 03:12:39.650
51199.0,-0.052672,0.275333,9.830592,-0.057562,0.284667,9.802349,0.001222,0.003665,0.000611,0.815000,-30.524002,-36.313004,179.683,-1.663,0.336,,,,,,,,2026-09-13 03:12:39.746
51303.0,-0.050278,0.284910,9.811439,-0.058523,0.284649,9.802343,-0.000611,0.000611,0.000000,0.197000,-31.130001,-36.090000,179.701,-1.663,0.342,,,,,,,,2026-09-13 03:12:39.850
51399.1,-0.045490,0.270545,9.823410,-0.058602,0.284260,9.802355,-0.000611,-0.002443,0.000611,-0.155000,-29.432001,-36.419003,179.698,-1.661,0.343,,,,,,,,2026-09-13 03:12:39.946
51503.1,-0.043096,0.280122,9.821015,-0.058830,0.283963,9.802361,0.001222,0.004887,0.001222,-1.606000,-30.390001,-35.865002,179.698,-1.659,0.344,,,,,,,,2026-09-13 03:12:40.050
51599.1,-0.081403,0.292093,9.799467,-0.059330,0.284121,9.802354,0.000000,0.003054,-0.001833,-0.830000,-30.953001,-35.652000,179.695,-1.660,0.347,,,,,,,,2026-09-13 03:12:40.146
51703.1,-0.031125,0.265756,9.825804,-0.059610,0.284014,9.802356,-0.001222,-0.001222,0.001833,-0.695000,-30.666002,-35.654003,179.693,-1.660,0.348,,,,,,,,2026-09-13 03:12:40.250
51799.1,-0.071826,0.260968,9.832987,-0.059189,0.283596,9.802370,0.001222,0.003054,-0.001833,1.700000,-29.432001,-36.107002,179.691,-1.657,0.346,,,,,,,,2026-09-13 03:12:40.346
51903.1,-0.052672,0.282516,9.828198,-0.060178,0.284100,9.802349,0.002443,-0.000611,-0.001222,0.855000,-30.055002,-35.127003,179.690,-1.660,0.352,,,,,,,,2026-09-13 03:12:40.450
51999.0,-0.057461,0.275333,9.801862,-0.059661,0.283801,9.802361,0.001222,0.000611,0.000611,-0.162000,-29.610001,-35.662003,179.689,-1.658,0.349,,,,,,,,2026-09-13 03:12:40.546
52103.0,-0.047884,0.260968,9.821015,-0.059890,0.283533,9.802367,-0.001222,0.000611,0.001222,0.963000,-30.395002,-32.967003,179.687,-1.657,0.350,,,,,,,,2026-09-13 03:12:40.650
52199.0,-0.047884,0.284910,9.809045,-0.060025,0.283123,9.802379,0.000000,0.000000,-0.001833,-0.245000,-30.894001,-35.332001,179.688,-1.654,0.351,,,,,,,,2026-09-13 03:12:40.746
52303.0,-0.045490,0.265756,9.821015,-0.060323,0.283396,9.802368,0.001222,0.002443,0.000000,-1.031000,-30.343002,-37.057003,179.688,-1.656,0.353,,,,,,,,2026-09-13 03:12:40.850
52399.0,-0.064643,0.284910,9.816227,-0.060371,0.282968,9.802381,0.000000,-0.000611,0.000000,0.696000,-30.795002,-34.151001,179.688,-1.653,0.353,,,,,,,,2026-09-13 03:12:40.946
52503.0,-0.026336,0.282516,9.801862,-0.060764,0.282536,9.802391,0.000611,0.000611,0.000611,-0.025000,-30.970001,-36.305000,179.684,-1.651,0.355,,,,,,,,2026-09-13 03:12:41.050
52599.0,-0.057461,0.263362,9.830592,-0.061193,0.282510,9.802389,0.001222,0.004887,0.000000,0.434000,-31.447002,-32.420002,179.701,-1.651,0.358,,,,,,,,2026-09-13 03:12:41.146
52703.1,-0.057461,0.284910,9.789890,-0.062574,0.282803,9.802372,-0.001222,0.000611,0.001833,-0.418000,-29.913002,-36.307003,179.699,-1.653,0.366,,,,,,,,2026-09-13 03:12:41.250
52799.1,-0.045490,0.287304,9.801862,-0.062465,0.282540,9.802381,-0.001222,-0.003054,0.000000,1.119000,-31.222002,-35.880001,179.695,-1.651,0.365,,,,,,,,2026-09-13 03:12:41.346
52903.1,-0.050278,0.265756,9.832987,-0.062194,0.281958,9.802399,0.000611,0.004276,-0.000611,1.086000,-30.121002,-34.589001,179.695,-1.648,0.364,,,,,,,,2026-09-13 03:12:41.450
52999.1,-0.076614,0.275333,9.801862,-0.062232,0.282086,9.802395,0.001833,0.002443,0.001833,1.381000,-29.007002,-36.107002,179.692,-1.648,0.364,,,,,,,,2026-09-13 03:12:41.546
53103.2,-0.023942,0.277727,9.799467,-0.061925,0.282734,9.802378,-0.000611,-0.003054,-0.000611,0.517000,-29.992001,-34.369003,179.688,-1.652,0.362,,,,,,,,2026-09-13 03:12:41.650
53199.2,-0.045490,0.270545,9.830592,-0.061314,0.282948,9.802376,0.001833,0.002443,0.000000,-0.221000,-30.442001,-36.306004,179.685,-1.653,0.358,,,,,,,,2026-09-13 03:12:41.746
53303.2,-0.057461,0.296881,9.792285,-0.061379,0.283619,9.802357,-0.000611,-0.001222,0.000000,0.008000,-30.765001,-33.391003,179.685,-1.657,0.359,,,,,,,,2026-09-13 03:12:41.850
53399.3,-0.043096,0.299275,9.811439,-0.060164,0.283695,9.802361,0.000000,0.000611,0.001833,1.150000,-29.199001,-34.161003,179.683,-1.658,0.352,,,,,,,,2026-09-13 03:12:41.946
53503.3,-0.043096,0.258574,9.821015,-0.059683,0.283634,9.802365,0.001222,0.001222,0.001222,-0.965000,-31.067001,-37.162003,179.701,-1.657,0.349,,,,,,,,2026-09-13 03:12:42.050
53599.3,-0.050278,0.268151,9.809045,-0.059149,0.284108,9.802356,0.000000,-0.001833,0.000000,-0.204000,-30.253002,-35.659000,179.697,-1.660,0.346,,,,,,,,2026-09-13 03:12:42.146
53703.4,-0.047884,0.265756,9.809045,-0.058674,0.284670,9.802342,0.000611,0.000000,0.001222,0.657000,-31.348001,-34.473003,179.695,-1.663,0.343,,,,,,,,2026-09-13 03:12:42.250
53799.5,-0.059855,0.253785,9.823410,-0.057823,0.285441,9.802324,0.001222,0.000000,0.000611,-0.480000,-30.661001,-38.031002,179.694,-1.668,0.338,,,,,,,,2026-09-13 03:12:42.346
53903.5,-0.052672,0.284910,9.801862,-0.057543,0.285849,9.802314,0.000611,-0.000611,-0.000611,-0.977000,-31.423002,-35.649002,179.693,-1.670,0.336,,,,,,,,2026-09-13 03:12:42.450
53999.6,-0.047884,0.265756,9.825804,-0.056857,0.286163,9.802309,0.001222,0.001833,0.002443,0.082000,-29.490002,-35.016003,179.690,-1.672,0.332,,,,,,,,2026-09-13 03:12:42.546
54103.6,-0.067038,0.280122,9.818622,-0.057394,0.286219,9.802305,0.001833,-0.000611,0.001833,0.010000,-30.678001,-34.039001,179.688,-1.672,0.335,,,,,,,,2026-09-13 03:12:42.650
54199.7,-0.040701,0.282516,9.799467,-0.057744,0.286850,9.802284,0.000000,-0.002443,0.001222,-0.248000,-30.811001,-36.520000,179.685,-1.676,0.338,,,,,,,,2026-09-13 03:12:42.746
54303.7,-0.050278,0.268151,9.823410,-0.057629,0.287161,9.802276,0.003054,0.005498,0.001222,-0.528000,-31.652002,-35.435001,179.683,-1.678,0.337,,,,,,,,2026-09-13 03:12:42.850
54399.7,-0.064643,0.287304,9.809045,-0.058568,0.287599,9.802257,0.001833,0.002443,0.001222,-0.355000,-30.899002,-34.468002,179.682,-1.681,0.342,,,,,,,,2026-09-13 03:12:42.946
54503.8,-0.033519,0.287304,9.804255,-0.058756,0.287570,9.802257,-0.001222,-0.003665,-0.000611,1.041000,-30.680002,-35.666000,179.701,-1.680,0.343,,,,,,,,2026-09-13 03:12:43.050
54599.8,-0.045490,0.263362,9.832987,-0.058476,0.287958,9.802247,0.000611,0.003054,0.001833,0.332000,-31.015001,-34.472000,179.700,-1.683,0.342,,,,,,,,2026-09-13 03:12:43.146
54703.9,-0.064643,0.289698,9.794679,-0.059243,0.288566,9.802225,0.001833,0.004276,0.000000,0.470000,-30.553001,-35.662003,179.697,-1.686,0.346,,,,,,,,2026-09-13 03:12:43.250
54800.0,-0.038307,0.289698,9.813833,-0.059164,0.288691,9.802221,-0.001222,-0.001833,0.001222,0.342000,-30.661001,-36.309002,179.695,-1.687,0.346,,,,,,,,2026-09-13 03:12:43.347
54904.0,-0.057461,0.244209,9.823410,-0.058738,0.288650,9.802225,0.001833,0.000000,-0.000611,-0.475000,-30.999001,-34.143002,179.695,-1.687,0.343,,,,,,,,2026-09-13 03:12:43.451
55000.1,-0.050278,0.275333,9.813833,-0.058281,0.288738,9.802225,0.000611,0.002443,0.000000,-0.621000,-31.211002,-36.408001,179.693,-1.687,0.341,,,,,,,,2026-09-13 03:12:43.547
55104.1,-0.064643,0.284910,9.809045,-0.058884,0.289355,9.802203,0.001222,-0.001222,-0.000611,0.596000,-30.360001,-35.988003,179.691,-1.691,0.344,,,,,,,,2026-09-13 03:12:43.651
55200.1,-0.043096,0.260968,9.823410,-0.059397,0.289133,9.802207,0.000000,0.001222,0.002443,-1.047000,-30.701002,-35.868000,179.686,-1.690,0.347,,,,,,,,2026-09-13 03:12:43.747
55304.2,-0.057461,0.292093,9.799467,-0.059381,0.288695,9.802220,-0.001222,0.000000,0.000000,0.183000,-29.666002,-35.448002,179.687,-1.687,0.347,,,,,,,,2026-09-13 03:12:43.851
55400.2,-0.038307,0.277727,9.823410,-0.059578,0.288354,9.802229,0.000611,0.000611,-0.001222,-0.495000,-31.190001,-35.114002,179.686,-1.685,0.348,,,,,,,,2026-09-13 03:12:43.947
55504.3,-0.071826,0.284910,9.813833,-0.059598,0.288199,9.802234,-0.001222,-0.001222,-0.003054,-0.745000,-31.315001,-36.515003,179.687,-1.684,0.348,,,,,,,,2026-09-13 03:12:44.051
55600.3,-0.033519,0.268151,9.787497,-0.059383,0.287813,9.802246,-0.000611,-0.001833,-0.001222,1.034000,-30.859001,-35.017002,179.687,-1.682,0.347,,,,,,,,2026-09-13 03:12:44.147
55704.4,-0.062249,0.272939,9.809045,-0.059162,0.287514,9.802256,0.001833,0.004276,0.000611,0.931000,-30.771002,-34.045002,179.686,-1.680,0.346,,,,,,,,2026-09-13 03:12:44.251
55800.4,-0.059855,0.272939,9.828198,-0.059491,0.287711,9.802248,-0.000611,0.003054,-0.000611,-0.497000,-31.450001,-32.953003,179.684,-1.681,0.348,,,,,,,,2026-09-13 03:12:44.347
55904.4,-0.052672,0.282516,9.787497,-0.059666,0.287192,9.802262,-0.001833,-0.001833,0.000000,-0.171000,-31.526001,-35.330002,179.683,-1.678,0.349,,,,,,,,2026-09-13 03:12:44.451
56000.4,-0.026336,0.270545,9.811439,-0.060193,0.286413,9.802282,-0.000611,0.001833,0.000611,0.039000,-30.047001,-35.770000,179.699,-1.674,0.352,,,,,,,,2026-09-13 03:12:44.547
56096.4,-0.081403,0.268151,9.832987,-0.060875,0.286437,9.802277,0.000611,0.004887,0.000611,-0.015000,-30.874001,-35.766003,179.697,-1.674,0.356,,,,,,,,2026-09-13 03:12:44.643
56200.4,-0.047884,0.282516,9.809045,-0.061315,0.286619,9.802269,0.000000,-0.002443,0.001222,-0.001000,-30.775002,-34.795002,179.696,-1.675,0.358,,,,,,,,2026-09-13 03:12:44.747
56304.4,-0.052672,0.272939,9.832987,-0.060983,0.286586,9.802272,0.001833,0.003054,0.000611,0.894000,-29.330002,-36.426003,179.694,-1.675,0.356,,,,,,,,2026-09-13 03:12:44.851
56400.4,-0.043096,0.268151,9.825804,-0.061574,0.286338,9.802276,0.002443,0.001222,0.000000,0.025000,-30.491001,-33.608002,179.690,-1.673,0.360,,,,,,,,2026-09-13 03:12:44.947
56496.4,-0.071826,0.275333,9.816227,-0.061213,0.286551,9.802272,-0.001222,0.000000,0.000000,1.119000,-31.308001,-35.124001,179.690,-1.674,0.358,,,,,,,,2026-09-13 03:12:45.043
56600.4,-0.031125,0.277727,9.801862,-0.061697,0.286245,9.802278,0.000611,0.001833,0.000000,0.427000,-31.111002,-36.523003,179.689,-1.673,0.361,,,,,,,,2026-09-13 03:12:45.147
56704.4,-0.067038,0.272939,9.825804,-0.061784,0.285565,9.802297,0.001222,0.001222,0.000000,0.467000,-29.078001,-33.617001,179.689,-1.669,0.361,,,,,,,,2026-09-13 03:12:45.251
56800.4,-0.040701,0.289698,9.801862,-0.062360,0.285222,9.802303,0.000611,0.003054,0.000611,1.357000,-29.374001,-36.105003,179.685,-1.667,0.364,,,,,,,,2026-09-13 03:12:45.347
56896.4,-0.071826,0.287304,9.801862,-0.062589,0.285278,9.802300,0.001222,0.002443,-0.002443,0.750000,-29.969002,-34.371002,179.700,-1.667,0.366,,,,,,,,2026-09-13 03:12:45.443
57000.5,-0.031125,0.260968,9.806650,-0.063199,0.285679,9.802284,-0.001833,-0.001833,0.001833,0.684000,-30.635002,-37.391003,179.699,-1.669,0.369,,,,,,,,2026-09-13 03:12:45.547
57104.5,-0.081403,0.280122,9.813833,-0.062952,0.285273,9.802298,0.000611,0.003054,-0.001222,-0.298000,-31.634001,-35.977001,179.696,-1.667,0.368,,,,,,,,2026-09-13 03:12:45.651
57200.6,-0.047884,0.289698,9.797073,-0.063500,0.284915,9.802305,0.000611,0.002443,0.000000,1.285000,-30.389002,-36.640003,179.697,-1.665,0.371,,,,,,,,2026-09-13 03:12:45.747
57296.6,-0.062249,0.260968,9.821015,-0.062877,0.284768,9.802313,-0.001222,-0.000611,0.000000,1.151000,-29.198002,-34.053001,179.697,-1.664,0.368,,,,,,,,2026-09-13 03:12:45.843
57400.6,-0.023942,0.277727,9.789890,-0.062583,0.284451,9.802324,0.001833,0.001222,0.000000,0.163000,-30.029001,-34.799000,179.694,-1.662,0.366,,,,,,,,2026-09-13 03:12:45.947
57504.6,-0.083797,0.272939,9.821015,-0.062265,0.284900,9.802313,-0.000611,-0.000611,0.001222,1.174000,-30.396002,-35.992001,179.691,-1.665,0.364,,,,,,,,2026-09-13 03:12:46.051
57600.7,-0.038307,0.251391,9.825804,-0.061934,0.284863,9.802317,-0.002443,-0.001833,-0.000611,1.301000,-30.202002,-36.209003,179.689,-1.665,0.362,,,,,,,,2026-09-13 03:12:46.147
57704.7,-0.067038,0.296881,9.811439,-0.060835,0.284265,9.802341,0.001222,0.000611,0.000000,0.254000,-30.300001,-35.770000,179.688,-1.661,0.356,,,,,,,,2026-09-13 03:12:46.251
57800.8,-0.038307,0.282516,9.804255,-0.060917,0.283683,9.802357,0.001222,0.002443,0.000000,0.207000,-30.948002,-36.307003,179.688,-1.658,0.356,,,,,,,,2026-09-13 03:12:46.347
57904.8,-0.064643,0.272939,9.830592,-0.059981,0.283408,9.802371,-0.001833,-0.003665,0.001222,1.008000,-31.142002,-35.987003,179.685,-1.656,0.351,,,,,,,,2026-09-13 03:12:46.451
58000.8,-0.038307,0.299275,9.792285,-0.059638,0.283074,9.802382,-0.001222,0.000000,-0.001222,-1.159000,-30.708002,-35.219002,179.684,-1.654,0.349,,,,,,,,2026-09-13 03:12:46.547
58096.9,-0.052672,0.289698,9.811439,-0.058493,0.282853,9.802396,0.001222,0.000611,0.000611,-0.117000,-30.614002,-36.306004,179.700,-1.653,0.342,,,,,,,,2026-09-13 03:12:46.643
58200.9,-0.033519,0.275333,9.813833,-0.058415,0.283055,9.802390,0.000611,-0.001833,0.000000,-0.845000,-31.139002,-35.975002,179.697,-1.654,0.341,,,,,,,,2026-09-13 03:12:46.747
58297.0,-0.055067,0.299275,9.794679,-0.057813,0.282965,9.802397,0.000611,0.001833,0.000611,0.102000,-29.299002,-33.938000,179.697,-1.653,0.338,,,,,,,,2026-09-13 03:12:46.844
58401.0,-0.023942,0.251391,9.809045,-0.058001,0.283157,9.802390,-0.000611,-0.000611,-0.000611,0.296000,-31.479002,-35.118000,179.696,-1.655,0.339,,,,,,,,2026-09-13 03:12:46.948
58497.1,-0.050278,0.268151,9.828198,-0.057551,0.282978,9.802397,0.001222,-0.001222,0.000000,0.102000,-30.862001,-35.659000,179.696,-1.654,0.336,,,,,,,,2026-09-13 03:12:47.044
58601.1,-0.057461,0.289698,9.785102,-0.057855,0.282863,9.802399,0.000000,0.001222,0.000000,-0.256000,-29.513000,-33.503002,179.696,-1.653,0.338,,,,,,,,2026-09-13 03:12:47.148
58705.1,-0.052672,0.265756,9.816227,-0.056986,0.282696,9.802409,-0.001222,-0.001222,0.001222,1.217000,-29.751001,-35.887001,179.694,-1.652,0.333,,,,,,,,2026-09-13 03:12:47.252
58801.1,-0.031125,0.275333,9.787497,-0.057217,0.282650,9.802409,0.000611,0.000000,-0.000611,-0.407000,-31.551001,-35.652000,179.692,-1.652,0.334,,,,,,,,2026-09-13 03:12:47.348
58905.1,-0.081403,0.289698,9.801862,-0.057397,0.283257,9.802391,0.002443,0.000611,0.000611,0.736000,-29.983002,-36.206001,179.691,-1.655,0.335,,,,,,,,2026-09-13 03:12:47.452
59001.1,-0.031125,0.260968,9.801862,-0.057549,0.282949,9.802399,-0.001833,-0.003054,0.002443,-0.475000,-29.265001,-34.150002,179.688,-1.653,0.336,,,,,,,,2026-09-13 03:12:47.548
59105.2,-0.062249,0.294487,9.813833,-0.056923,0.282507,9.802415,0.000611,0.001222,0.002443,0.839000,-30.329002,-34.802002,179.686,-1.651,0.333,,,,,,,,2026-09-13 03:12:47.652
59201.2,-0.047884,0.277727,9.799467,-0.056934,0.282275,9.802422,0.000611,0.000611,0.001222,0.574000,-30.811001,-34.906002,179.686,-1.649,0.333,,,,,,,,2026-09-13 03:12:47.748
59297.2,-0.050278,0.265756,9.821015,-0.056390,0.282333,9.802423,-0.000611,-0.001222,-0.000611,-0.782000,-30.475002,-33.279003,179.684,-1.650,0.330,,,,,,,,2026-09-13 03:12:47.844
59401.2,-0.019154,0.277727,9.806650,-0.056448,0.282023,9.802432,-0.000611,0.001833,0.000611,1.510000,-30.719002,-34.589001,179.684,-1.648,0.330,,,,,,,,2026-09-13 03:12:47.948
59505.2,-0.067038,0.256180,9.832987,-0.056441,0.282212,9.802426,0.000000,-0.001222,-0.001222,-0.282000,-29.711002,-35.337002,179.699,-1.649,0.330,,,,,,,,2026-09-13 03:12:48.052
59601.2,-0.055067,0.270545,9.816227,-0.056526,0.281714,9.802440,-0.000611,0.000611,0.000611,-0.042000,-29.510002,-36.095001,179.700,-1.646,0.330,,,,,,,,2026-09-13 03:12:48.148
59705.2,-0.050278,0.284910,9.811439,-0.056997,0.281980,9.802429,0.001833,0.001833,0.000000,1.246000,-31.114002,-35.341003,179.700,-1.648,0.333,,,,,,,,2026-09-13 03:12:48.252
59801.2,-0.055067,0.282516,9.792285,-0.057002,0.282140,9.802425,0.000000,0.000611,0.001222,-0.683000,-30.654001,-34.035000,179.699,-1.649,0.333,,,,,,,,2026-09-13 03:12:48.348
59897.2,-0.035913,0.251391,9.816227,-0.056346,0.282452,9.802420,0.000611,0.001222,0.000611,-0.622000,-29.563002,-35.659000,179.697,-1.650,0.329,,,,,,,,2026-09-13 03:12:48.444
60001.2,-0.069432,0.287304,9.780313,-0.057475,0.282570,9.802409,0.001222,0.001222,0.000000,1.791000,-29.705002,-37.186001,179.696,-1.651,0.336,,,,,,,,2026-09-13 03:12:48.548
60105.2,-0.047884,0.277727,9.825804,-0.057551,0.282980,9.802397,-0.001222,-0.001833,0.001833,1.982000,-30.582001,-34.701000,179.692,-1.654,0.336,,,,,,,,2026-09-13 03:12:48.652
60201.2,-0.040701,0.260968,9.811439,-0.058027,0.282848,9.802399,0.000611,0.001833,0.000000,0.225000,-30.759001,-35.660000,179.690,-1.653,0.339,,,,,,,,2026-09-13 03:12:48.748
60305.2,-0.059855,0.294487,9.801862,-0.058601,0.283236,9.802383,0.000000,0.001222,0.000000,0.739000,-30.151001,-34.154003,179.688,-1.655,0.343,,,,,,,,2026-09-13 03:12:48.852
60401.2,-0.052672,0.275333,9.799467,-0.059164,0.283528,9.802372,-0.002443,-0.003054,0.000611,0.037000,-30.136002,-35.337002,179.686,-1.657,0.346,,,,,,,,2026-09-13 03:12:48.948
60497.2,-0.014365,0.263362,9.818622,-0.058845,0.283093,9.802386,-0.001222,-0.000611,0.000611,1.165000,-30.661001,-34.695004,179.682,-1.654,0.344,,,,,,,,2026-09-13 03:12:49.044
60601.2,-0.076614,0.280122,9.801862,-0.059648,0.283296,9.802376,0.000000,0.002443,-0.000611,-0.838000,-31.132002,-35.111000,179.701,-1.655,0.349,,,,,,,,2026-09-13 03:12:49.148
60697.2,-0.059855,0.296881,9.801862,-0.059581,0.283399,9.802373,0.000000,-0.000611,0.001222,-1.032000,-30.687002,-33.924000,179.698,-1.656,0.348,,,,,,,,2026-09-13 03:12:49.244
60801.1,-0.047884,0.268151,9.813833,-0.059577,0.283107,9.802382,0.000611,0.001222,0.000611,-0.509000,-29.641001,-35.336002,179.697,-1.654,0.348,,,,,,,,2026-09-13 03:12:49.348
60905.1,-0.064643,0.289698,9.804255,-0.059848,0.283374,9.802372,0.002443,0.003665,-0.001833,0.318000,-29.465002,-34.586002,179.696,-1.656,0.350,,,,,,,,2026-09-13 03:12:49.452
61001.1,-0.047884,0.268151,9.797073,-0.060565,0.283597,9.802361,-0.001833,-0.002443,-0.001222,1.264000,-30.753002,-36.207001,179.695,-1.657,0.354,,,,,,,,2026-09-13 03:12:49.548
61105.1,-0.045490,0.280122,9.801862,-0.060032,0.282748,9.802389,0.000000,0.003054,0.001222,0.787000,-30.895002,-36.743000,179.692,-1.652,0.351,,,,,,,,2026-09-13 03:12:49.652
61201.2,-0.064643,0.282516,9.782708,-0.060588,0.282922,9.802381,-0.000611,0.001833,0.000611,0.683000,-29.073002,-35.886002,179.690,-1.653,0.354,,,,,,,,2026-09-13 03:12:49.748
61305.2,-0.045490,0.270545,9.811439,-0.060255,0.282359,9.802400,0.000000,-0.000611,0.000000,-0.165000,-31.434002,-35.331001,179.686,-1.650,0.352,,,,,,,,2026-09-13 03:12:49.852
61401.2,-0.055067,0.272939,9.821015,-0.060615,0.282576,9.802391,-0.000611,0.001833,0.000611,-0.586000,-30.919001,-34.142002,179.686,-1.651,0.354,,,,,,,,2026-09-13 03:12:49.948
61505.2,-0.040701,0.289698,9.809045,-0.060516,0.281993,9.802408,-0.000611,-0.001222,0.001222,1.053000,-30.668001,-34.046001,179.683,-1.648,0.354,,,,,,,,2026-09-13 03:12:50.052
61601.2,-0.057461,0.289698,9.804255,-0.060929,0.281900,9.802408,0.001833,0.000000,0.000000,-0.636000,-29.835001,-35.118000,179.701,-1.647,0.356,,,,,,,,2026-09-13 03:12:50.148
61705.3,-0.052672,0.270545,9.816227,-0.060527,0.282021,9.802407,-0.003054,0.000611,0.000611,0.836000,-30.417002,-34.370003,179.698,-1.648,0.354,,,,,,,,2026-09-13 03:12:50.252
61801.3,-0.059855,0.260968,9.801862,-0.060905,0.281519,9.802420,-0.001833,0.001222,0.000611,-0.393000,-31.365002,-35.437000,179.696,-1.645,0.356,,,,,,,,2026-09-13 03:12:50.348
61897.4,-0.035913,0.282516,9.837775,-0.060737,0.281037,9.802434,0.001222,-0.001222,0.000611,0.249000,-30.392002,-35.662003,179.695,-1.642,0.355,,,,,,,,2026-09-13 03:12:50.444
62001.4,-0.079009,0.268151,9.811439,-0.061479,0.281107,9.802427,0.000611,0.003054,0.001222,-0.230000,-30.622002,-35.873001,179.695,-1.643,0.359,,,,,,,,2026-09-13 03:12:50.548
62105.4,-0.040701,0.282516,9.799467,-0.061311,0.280882,9.802435,-0.003054,-0.003665,0.001222,-0.607000,-31.198002,-34.573002,179.690,-1.641,0.358,,,,,,,,2026-09-13 03:12:50.652
62201.5,-0.038307,0.275333,9.809045,-0.060912,0.280733,9.802442,-0.000611,-0.001833,0.000000,0.110000,-28.862001,-36.963001,179.688,-1.640,0.356,,,,,,,,2026-09-13 03:12:50.748
62297.5,-0.047884,0.260968,9.813833,-0.060484,0.280011,9.802465,0.003665,0.004276,0.001222,1.276000,-30.656002,-35.451000,179.686,-1.636,0.354,,,,,,,,2026-09-13 03:12:50.844
62401.5,-0.057461,0.280122,9.782708,-0.061177,0.279937,9.802464,-0.002443,-0.004276,0.000611,0.755000,-29.878002,-34.480003,179.701,-1.636,0.358,,,,,,,,2026-09-13 03:12:50.948
62505.5,-0.026336,0.263362,9.809045,-0.060490,0.280129,9.802462,0.001222,0.001833,0.001833,0.937000,-28.772001,-35.565002,179.701,-1.637,0.354,,,,,,,,2026-09-13 03:12:51.052
62601.6,-0.079009,0.272939,9.809045,-0.060868,0.280020,9.802463,-0.001222,0.001833,0.000611,1.677000,-31.706001,-34.478001,179.698,-1.636,0.356,,,,,,,,2026-09-13 03:12:51.148
62697.6,-0.045490,0.296881,9.809045,-0.060657,0.279728,9.802472,-0.001222,0.000611,0.000000,-1.430000,-31.455002,-33.811001,179.697,-1.635,0.355,,,,,,,,2026-09-13 03:12:51.244
62801.6,-0.045490,0.280122,9.804255,-0.060151,0.279740,9.802475,0.000000,0.000611,0.000611,0.361000,-30.385002,-36.310001,179.696,-1.635,0.352,,,,,,,,2026-09-13 03:12:51.348
62905.6,-0.038307,0.268151,9.811439,-0.060342,0.279453,9.802482,0.000611,0.003054,0.001222,-0.498000,-31.107002,-36.301003,179.693,-1.633,0.353,,,,,,,,2026-09-13 03:12:51.452
63001.6,-0.057461,0.289698,9.785102,-0.060582,0.279564,9.802477,-0.000611,0.000611,-0.001833,0.637000,-31.626001,-34.795002,179.691,-1.634,0.354,,,,,,,,2026-09-13 03:12:51.548
63097.6,-0.035913,0.284910,9.804255,-0.061000,0.279070,9.802489,0.000611,0.000611,0.003054,0.871000,-30.039001,-32.968002,179.689,-1.631,0.357,,,,,,,,2026-09-13 03:12:51.644
63201.6,-0.069432,0.272939,9.806650,-0.061349,0.279526,9.802473,0.000000,0.000000,0.000000,0.769000,-29.606001,-35.021000,179.686,-1.633,0.359,,,,,,,,2026-09-13 03:12:51.748
63297.6,-0.014365,0.280122,9.801862,-0.061151,0.279626,9.802472,0.000611,0.001222,0.000611,0.680000,-29.333002,-33.834003,179.685,-1.634,0.357,,,,,,,,2026-09-13 03:12:51.844
63401.7,-0.074220,0.284910,9.818622,-0.061034,0.279478,9.802477,0.001833,0.001222,-0.000611,0.844000,-30.238001,-34.910000,179.701,-1.633,0.357,,,,,,,,2026-09-13 03:12:51.948
63505.7,-0.031125,0.260968,9.799467,-0.061312,0.279648,9.802470,-0.001222,-0.004276,0.000000,-0.204000,-30.253002,-35.659000,179.702,-1.634,0.358,,,,,,,,2026-09-13 03:12:52.052
63601.7,-0.045490,0.277727,9.809045,-0.060808,0.279376,9.802481,0.001222,0.002443,0.000611,0.689000,-30.630001,-36.743000,179.700,-1.632,0.355,,,,,,,,2026-09-13 03:12:52.148
63697.7,-0.038307,0.282516,9.811439,-0.061506,0.279763,9.802466,0.000611,0.003665,-0.001222,0.841000,-30.241001,-35.342003,179.696,-1.635,0.359,,,,,,,,2026-09-13 03:12:52.244
63801.7,-0.076614,0.289698,9.804255,-0.061900,0.279780,9.802463,-0.001833,-0.001222,0.000000,-0.254000,-31.074001,-34.900002,179.695,-1.635,0.362,,,,,,,,2026-09-13 03:12:52.348
63897.8,-0.014365,0.282516,9.794679,-0.062340,0.279885,9.802458,0.000000,-0.001833,0.000611,0.126000,-30.409002,-36.524002,179.695,-1.635,0.364,,,,,,,,2026-09-13 03:12:52.444
64001.8,-0.074220,0.258574,9.832987,-0.062090,0.280034,9.802454,0.000000,0.004276,0.001222,-1.183000,-30.989002,-35.973003,179.692,-1.636,0.363,,,,,,,,2026-09-13 03:12:52.548
64105.8,-0.033519,0.287304,9.789890,-0.062502,0.279530,9.802466,-0.001222,-0.003054,0.001833,-0.848000,-31.056002,-37.163002,179.689,-1.633,0.365,,,,,,,,2026-09-13 03:12:52.652
64201.9,-0.052672,0.287304,9.799467,-0.061527,0.279832,9.802464,-0.001222,0.001222,0.000611,0.562000,-30.995001,-34.905003,179.686,-1.635,0.360,,,,,,,,2026-09-13 03:12:52.748
64297.9,-0.023942,0.275333,9.816227,-0.061280,0.279829,9.802465,0.001222,0.000611,0.000000,1.628000,-30.791002,-33.510002,179.683,-1.635,0.358,,,,,,,,2026-09-13 03:12:52.844
64402.0,-0.074220,0.265756,9.828198,-0.060429,0.279533,9.802480,-0.000611,-0.000611,0.001222,2.572000,-30.262001,-36.217003,179.701,-1.633,0.353,,,,,,,,2026-09-13 03:12:52.949
64498.0,-0.043096,0.282516,9.785102,-0.060114,0.279714,9.802476,-0.001833,-0.001833,0.002443,0.780000,-31.160002,-35.338001,179.699,-1.634,0.351,,,,,,,,2026-09-13 03:12:53.045
64602.1,-0.052672,0.272939,9.818622,-0.059758,0.279802,9.802476,0.000611,-0.001833,-0.000611,0.104000,-30.774002,-36.199001,179.695,-1.635,0.349,,,,,,,,2026-09-13 03:12:53.149
64698.1,-0.023942,0.270545,9.806650,-0.060008,0.279457,9.802485,-0.000611,-0.001222,0.000000,0.549000,-31.094002,-35.769001,179.693,-1.633,0.351,,,,,,,,2026-09-13 03:12:53.245
64802.2,-0.071826,0.294487,9.806650,-0.058672,0.279670,9.802486,0.000611,0.000000,0.000000,-0.053000,-31.513002,-35.115002,179.692,-1.634,0.343,,,,,,,,2026-09-13 03:12:53.349
64898.2,-0.045490,0.270545,9.809045,-0.058674,0.279382,9.802494,0.000000,-0.003054,-0.000611,0.216000,-30.940001,-35.227001,179.692,-1.633,0.343,,,,,,,,2026-09-13 03:12:53.445
65002.2,-0.062249,0.260968,9.816227,-0.057810,0.279837,9.802486,-0.000611,-0.001833,-0.000611,1.216000,-30.010002,-33.618000,179.692,-1.635,0.338,,,,,,,,2026-09-13 03:12:53.549
65098.2,-0.047884,0.287304,9.818622,-0.057657,0.279743,9.802489,0.001222,0.003665,0.000611,0.463000,-30.732002,-35.014000,179.690,-1.635,0.337,,,,,,,,2026-09-13 03:12:53.645
65202.3,-0.062249,0.284910,9.832987,-0.057941,0.280254,9.802473,-0.003054,-0.003054,0.001833,1.433000,-30.090002,-35.023003,179.688,-1.638,0.339,,,,,,,,2026-09-13 03:12:53.749
65298.3,-0.038307,0.260968,9.816227,-0.058074,0.279825,9.802485,0.000000,-0.001833,-0.000611,0.061000,-29.769001,-35.339001,179.686,-1.635,0.339,,,,,,,,2026-09-13 03:12:53.845
65402.3,-0.059855,0.287304,9.852140,-0.057959,0.279971,9.802482,0.000000,0.004276,0.000000,0.275000,-30.109001,-34.691002,179.685,-1.636,0.339,,,,,,,,2026-09-13 03:12:53.949
65498.3,-0.052672,0.275333,9.806650,-0.059300,0.280018,9.802472,-0.001222,-0.000611,-0.001222,1.136000,-31.034002,-35.341003,179.685,-1.636,0.347,,,,,,,,2026-09-13 03:12:54.045
65602.3,-0.062249,0.263362,9.818622,-0.058755,0.280101,9.802473,0.000000,-0.001222,0.000611,0.525000,-31.461002,-35.767002,179.685,-1.637,0.343,,,,,,,,2026-09-13 03:12:54.149
65698.3,-0.052672,0.280122,9.804255,-0.059064,0.279992,9.802474,0.001222,0.003054,0.000611,0.589000,-30.539001,-35.339001,179.685,-1.636,0.345,,,,,,,,2026-09-13 03:12:54.245
65802.2,-0.069432,0.272939,9.825804,-0.059465,0.280368,9.802461,-0.000611,-0.001222,-0.000611,0.599000,-30.358002,-35.664001,179.682,-1.638,0.348,,,,,,,,2026-09-13 03:12:54.349
65898.2,-0.033519,0.268151,9.823410,-0.059737,0.279365,9.802488,-0.000611,0.000611,0.000000,0.113000,-30.766001,-35.011002,179.699,-1.632,0.349,,,,,,,,2026-09-13 03:12:54.445
66002.2,-0.059855,0.294487,9.816227,-0.059361,0.279837,9.802477,0.001222,0.001833,0.001833,0.468000,-30.727001,-34.366001,179.695,-1.635,0.347,,,,,,,,2026-09-13 03:12:54.549
66098.2,-0.028730,0.280122,9.782708,-0.060080,0.279646,9.802478,-0.001222,0.000000,0.000611,0.271000,-31.933001,-34.468002,179.695,-1.634,0.351,,,,,,,,2026-09-13 03:12:54.645
66202.2,-0.059855,0.287304,9.818622,-0.059849,0.279841,9.802474,0.000000,0.001222,-0.001222,0.707000,-30.441002,-35.988003,179.691,-1.635,0.350,,,,,,,,2026-09-13 03:12:54.749
66298.1,-0.043096,0.282516,9.785102,-0.060845,0.279939,9.802465,0.000611,0.000611,-0.000611,0.701000,-30.618002,-35.124001,179.689,-1.636,0.356,,,,,,,,2026-09-13 03:12:54.845
66402.1,-0.057461,0.263362,9.830592,-0.060615,0.280525,9.802450,0.000611,0.002443,0.000611,0.042000,-30.303001,-33.070000,179.687,-1.639,0.354,,,,,,,,2026-09-13 03:12:54.949
66498.1,-0.057461,0.263362,9.813833,-0.061466,0.280756,9.802438,0.001222,0.002443,-0.001222,0.957000,-30.402002,-33.831001,179.687,-1.641,0.359,,,,,,,,2026-09-13 03:12:55.045
66602.1,-0.040701,0.294487,9.794679,-0.061096,0.281518,9.802418,0.001222,-0.003054,0.001222,1.136000,-31.206001,-33.721001,179.685,-1.645,0.357,,,,,,,,2026-09-13 03:12:55.149
66698.1,-0.023942,0.270545,9.787497,-0.061623,0.281933,9.802403,0.001833,-0.001222,0.000000,0.355000,-32.298000,-35.546001,179.685,-1.647,0.360,,,,,,,,2026-09-13 03:12:55.245
66802.1,-0.069432,0.272939,9.825804,-0.061620,0.282528,9.802386,0.001833,0.004276,0.000611,-0.723000,-31.122002,-35.220001,179.682,-1.651,0.360,,,,,,,,2026-09-13 03:12:55.349
66898.1,-0.052672,0.294487,9.777920,-0.062650,0.283090,9.802362,0.000611,-0.001222,-0.000611,1.413000,-30.453001,-34.374001,179.700,-1.654,0.366,,,,,,,,2026-09-13 03:12:55.445
67002.1,-0.040701,0.270545,9.830592,-0.061821,0.283608,9.802353,0.000611,-0.001222,0.001222,-1.167000,-30.802002,-35.543003,179.700,-1.657,0.361,,,,,,,,2026-09-13 03:12:55.549
67098.1,-0.052672,0.277727,9.804255,-0.062329,0.284023,9.802339,0.003054,0.005498,0.000611,0.048000,-29.781002,-37.066002,179.698,-1.660,0.364,,,,,,,,2026-09-13 03:12:55.645
67202.1,-0.059855,0.294487,9.799467,-0.062181,0.285085,9.802308,0.000611,-0.001222,0.000611,-2.218000,-31.077002,-34.131001,179.693,-1.666,0.363,,,,,,,,2026-09-13 03:12:55.749
67306.1,-0.031125,0.260968,9.823410,-0.061527,0.285618,9.802297,0.001222,0.001222,-0.000611,-0.701000,-30.929001,-34.034000,179.692,-1.669,0.360,,,,,,,,2026-09-13 03:12:55.853
67402.1,-0.064643,0.272939,9.818622,-0.061202,0.285321,9.802308,0.001222,0.003665,0.000000,1.177000,-30.392002,-35.560001,179.688,-1.667,0.358,,,,,,,,2026-09-13 03:12:55.949
67498.2,-0.069432,0.280122,9.804255,-0.061960,0.285097,9.802309,-0.000611,0.001833,-0.000611,0.274000,-30.195002,-33.935001,179.689,-1.666,0.362,,,,,,,,2026-09-13 03:12:56.045
67602.2,-0.045490,0.282516,9.828198,-0.061689,0.285139,9.802309,0.000611,0.000000,-0.001833,0.235000,-30.663002,-35.121002,179.688,-1.666,0.361,,,,,,,,2026-09-13 03:12:56.149
67698.3,-0.045490,0.270545,9.818622,-0.061871,0.284732,9.802320,0.001222,0.001833,0.000000,-1.374000,-30.455002,-35.327003,179.689,-1.664,0.362,,,,,,,,2026-09-13 03:12:56.245
67802.3,-0.064643,0.292093,9.818622,-0.061860,0.284517,9.802327,0.001833,0.000000,0.000611,-0.164000,-31.348001,-36.087002,179.687,-1.663,0.362,,,,,,,,2026-09-13 03:12:56.349
67898.3,-0.043096,0.292093,9.792285,-0.062072,0.284301,9.802332,0.001833,0.000000,0.000000,-0.818000,-30.854002,-34.789001,179.686,-1.661,0.363,,,,,,,,2026-09-13 03:12:56.445
68002.4,-0.050278,0.268151,9.813833,-0.062078,0.284573,9.802323,0.000611,0.001833,0.000611,0.072000,-31.407001,-34.793003,179.684,-1.663,0.363,,,,,,,,2026-09-13 03:12:56.549
68098.4,-0.050278,0.265756,9.780313,-0.062234,0.284224,9.802333,-0.000611,0.001222,0.000000,1.050000,-30.585001,-35.234001,179.684,-1.661,0.364,,,,,,,,2026-09-13 03:12:56.645
68202.4,-0.059855,0.280122,9.799467,-0.062264,0.283778,9.802345,0.000611,0.001222,0.000611,1.155000,-30.671001,-35.990002,179.700,-1.658,0.364,,,,,,,,2026-09-13 03:12:56.749
68298.4,-0.052672,0.260968,9.789890,-0.062634,0.283521,9.802350,-0.001222,-0.002443,-0.000611,0.391000,-30.097002,-34.692001,179.699,-1.657,0.366,,,,,,,,2026-09-13 03:12:56.845
68402.4,-0.031125,0.284910,9.789890,-0.061639,0.283450,9.802360,-0.000611,0.001222,0.000000,0.393000,-31.830002,-34.469002,179.697,-1.656,0.360,,,,,,,,2026-09-13 03:12:56.949
68498.4,-0.071826,0.294487,9.780313,-0.062205,0.283379,9.802358,0.001222,0.003665,0.001222,0.324000,-29.202002,-36.315002,179.699,-1.656,0.364,,,,,,,,2026-09-13 03:12:57.045
68602.4,-0.057461,0.265756,9.825804,-0.062541,0.283642,9.802347,-0.001833,-0.003054,0.001222,0.693000,-30.712002,-35.447002,179.695,-1.657,0.366,,,,,,,,2026-09-13 03:12:57.149
68698.5,-0.038307,0.265756,9.801862,-0.062565,0.283431,9.802354,-0.002443,-0.003054,0.001222,0.260000,-30.380001,-34.150002,179.696,-1.656,0.366,,,,,,,,2026-09-13 03:12:57.245
68802.6,-0.057461,0.275333,9.823410,-0.062187,0.283615,9.802351,0.004276,0.004276,0.001222,2.293000,-31.188002,-34.160000,179.692,-1.657,0.363,,,,,,,,2026-09-13 03:12:57.349
68898.6,-0.057461,0.268151,9.818622,-0.062890,0.283969,9.802336,-0.001833,-0.000611,0.000000,0.545000,-29.448002,-35.452003,179.691,-1.659,0.368,,,,,,,,2026-09-13 03:12:57.445
69002.6,-0.023942,0.277727,9.813833,-0.061536,0.283612,9.802355,0.000611,-0.000611,0.000000,1.187000,-30.296001,-35.020000,179.689,-1.657,0.360,,,,,,,,2026-09-13 03:12:57.549
69098.6,-0.064643,0.292093,9.811439,-0.061204,0.283683,9.802355,0.000611,0.002443,0.000000,0.057000,-31.679001,-34.251003,179.687,-1.658,0.358,,,,,,,,2026-09-13 03:12:57.645
69202.6,-0.052672,0.263362,9.804255,-0.061506,0.283930,9.802345,0.001222,0.000000,0.000000,-0.532000,-31.485001,-37.595001,179.683,-1.659,0.360,,,,,,,,2026-09-13 03:12:57.749
69298.6,-0.062249,0.284910,9.770737,-0.062029,0.283821,9.802346,-0.000611,-0.002443,0.000000,-1.175000,-30.810001,-36.622002,179.682,-1.658,0.363,,,,,,,,2026-09-13 03:12:57.845
69402.7,-0.043096,0.268151,9.809045,-0.061955,0.284081,9.802339,-0.001222,0.000611,-0.000611,0.039000,-30.219002,-34.149002,179.701,-1.660,0.362,,,,,,,,2026-09-13 03:12:57.949
69498.7,-0.055067,0.251391,9.804255,-0.062080,0.284030,9.802340,-0.001833,0.002443,-0.000611,1.124000,-29.311001,-36.859001,179.700,-1.660,0.363,,,,,,,,2026-09-13 03:12:58.045
69602.7,-0.045490,0.294487,9.804255,-0.061989,0.283709,9.802349,0.000000,0.001833,-0.001222,0.739000,-29.980001,-35.775002,179.698,-1.658,0.362,,,,,,,,2026-09-13 03:12:58.149
69698.7,-0.062249,0.280122,9.801862,-0.062543,0.283183,9.802361,-0.001222,-0.000611,0.000000,-0.349000,-28.986002,-35.232002,179.699,-1.655,0.366,,,,,,,,2026-09-13 03:12:58.245
69802.7,-0.047884,0.256180,9.837775,-0.062130,0.282667,9.802379,0.001833,0.000611,-0.001222,1.021000,-29.223001,-35.888000,179.696,-1.652,0.363,,,,,,,,2026-09-13 03:12:58.349
69898.7,-0.064643,0.292093,9.806650,-0.062378,0.282975,9.802368,0.002443,0.004887,-0.000611,1.637000,-30.439001,-35.563004,179.696,-1.654,0.365,,,,,,,,2026-09-13 03:12:58.445
70002.8,-0.043096,0.277727,9.818622,-0.062618,0.283053,9.802364,-0.001222,-0.003665,-0.000611,-0.472000,-30.653002,-36.951000,179.696,-1.654,0.366,,,,,,,,2026-09-13 03:12:58.549
70098.8,-0.052672,0.263362,9.832987,-0.062275,0.282664,9.802378,0.000000,-0.001833,-0.001833,0.365000,-30.467001,-34.906002,179.696,-1.652,0.364,,,,,,,,2026-09-13 03:12:58.645
70202.8,-0.055067,0.287304,9.809045,-0.062192,0.282588,9.802381,0.001222,0.003665,-0.001222,-1.091000,-31.346001,-36.081001,179.695,-1.651,0.364,,,,,,,,2026-09-13 03:12:58.749
70298.9,-0.076614,0.277727,9.811439,-0.062498,0.282339,9.802386,-0.001222,0.000000,0.001222,-0.298000,-30.156002,-33.500000,179.692,-1.650,0.365,,,,,,,,2026-09-13 03:12:58.845
70403.0,-0.021548,0.272939,9.789890,-0.062248,0.282235,9.802390,-0.000611,-0.000611,0.000611,1.505000,-30.637001,-35.993000,179.690,-1.649,0.364,,,,,,,,2026-09-13 03:12:58.950
70499.0,-0.064643,0.287304,9.794679,-0.061975,0.282317,9.802389,0.002443,0.003665,0.000000,0.599000,-30.443001,-34.800003,179.690,-1.650,0.362,,,,,,,,2026-09-13 03:12:59.046
70603.1,-0.050278,0.265756,9.811439,-0.062825,0.282237,9.802386,-0.000611,-0.001222,-0.000611,-0.201000,-30.250002,-35.227001,179.687,-1.649,0.367,,,,,,,,2026-09-13 03:12:59.150
70699.2,-0.064643,0.277727,9.806650,-0.062335,0.282175,9.802391,-0.000611,-0.001222,0.001222,0.937000,-30.508001,-35.666000,179.684,-1.649,0.364,,,,,,,,2026-09-13 03:12:59.246
70803.2,-0.047884,0.277727,9.811439,-0.062176,0.282050,9.802396,0.000611,0.001222,0.000611,0.880000,-29.772001,-34.157001,179.683,-1.648,0.363,,,,,,,,2026-09-13 03:12:59.350
70899.1,-0.059855,0.270545,9.835381,-0.062047,0.281320,9.802418,0.000000,0.001833,0.000000,-1.130000,-30.250002,-35.437000,179.682,-1.644,0.363,,,,,,,,2026-09-13 03:12:59.446
71003.2,-0.050278,0.284910,9.804255,-0.062288,0.281575,9.802409,-0.001222,-0.000611,0.000000,1.585000,-29.614002,-34.378002,179.698,-1.645,0.364,,,,,,,,2026-09-13 03:12:59.550
71099.2,-0.052672,0.289698,9.818622,-0.062245,0.281508,9.802411,0.000611,0.000000,-0.000611,-0.925000,-30.770002,-34.357002,179.699,-1.645,0.364,,,,,,,,2026-09-13 03:12:59.646
71203.3,-0.038307,0.277727,9.775525,-0.062235,0.282684,9.802378,0.001833,-0.000611,-0.000611,0.609000,-30.433001,-33.505001,-179.425,-1.652,0.364,,,,,,,,2026-09-13 03:12:59.750
71299.3,-0.067038,0.265756,9.694122,-0.062194,0.281815,9.802403,0.000000,0.001833,-0.001222,0.074000,-29.669001,-34.368000,-179.722,-1.647,0.364,,,,,,,,2026-09-13 03:12:59.846
71403.4,-0.038307,0.256180,9.725247,-0.063415,0.282754,9.802368,-0.000611,-0.001222,0.000000,0.129000,-30.578001,-34.472000,179.968,-1.652,0.371,,,,,,,,2026-09-13 03:12:59.950
71499.4,-0.038307,0.241814,9.691729,-0.062939,0.282384,9.802382,-0.003665,-0.005498,0.001222,-0.017000,-30.962002,-35.226002,-179.090,-1.650,0.368,,,,,,,,2026-09-13 03:13:00.046
71603.5,-0.055067,0.284910,9.713276,-0.063111,0.283385,9.802352,0.001833,0.004276,0.000000,1.272000,-30.660002,-35.991001,-179.739,-1.656,0.369,,,,,,,,2026-09-13 03:13:00.150
71699.5,-0.067038,0.272939,9.763555,-0.063620,0.284789,9.802307,0.001222,0.003665,0.000611,-1.311000,-29.449001,-35.871002,-179.722,-1.664,0.372,,,,,,,,2026-09-13 03:13:00.246
71803.5,-0.016759,0.251391,9.782708,-0.063532,0.284191,9.802325,0.001222,-0.004276,-0.000611,-0.778000,-31.950001,-35.324001,-179.718,-1.661,0.371,,,,,,,,2026-09-13 03:13:00.350
71899.6,-0.074220,0.275333,9.804255,-0.063159,0.286044,9.802275,0.002443,0.004276,0.000000,-0.331000,-30.617001,-33.713001,-179.932,-1.671,0.369,,,,,,,,2026-09-13 03:13:00.446
72003.6,-0.059855,0.294487,9.777920,-0.064328,0.286087,9.802265,0.000000,-0.000611,0.000611,0.308000,-29.647001,-34.370003,179.867,-1.672,0.376,,,,,,,,2026-09-13 03:13:00.550
72099.6,-0.057461,0.294487,9.883265,-0.064311,0.286377,9.802257,-0.003054,-0.002443,0.000000,-0.261000,-31.339001,-33.495003,179.880,-1.673,0.376,,,,,,,,2026-09-13 03:13:00.646
72203.6,-0.031125,0.280122,9.792285,-0.063875,0.285919,9.802273,0.001222,0.000611,0.001833,0.019000,-30.411001,-35.228001,179.803,-1.671,0.373,,,,,,,,2026-09-13 03:13:00.750
72299.6,-0.059855,0.308852,9.821015,-0.063739,0.286237,9.802264,-0.001222,0.001222,0.001833,0.489000,-30.363001,-34.800003,179.801,-1.673,0.373,,,,,,,,2026-09-13 03:13:00.846
72403.6,-0.050278,0.268151,9.806650,-0.063043,0.282706,9.802372,-0.006109,-0.002443,0.000000,0.599000,-30.443001,-34.800003,179.798,-1.652,0.368,,,,,,,,2026-09-13 03:13:00.950
72499.7,-0.069432,0.277727,9.797073,-0.061660,0.281333,9.802420,0.003665,0.002443,0.000000,0.963000,-30.138000,-35.451000,179.988,-1.644,0.360,,,,,,,,2026-09-13 03:13:01.046
72603.6,-0.047884,0.268151,9.785102,-0.061945,0.281874,9.802403,0.000611,0.001833,0.000611,0.979000,-29.865002,-35.777000,179.989,-1.647,0.362,,,,,,,,2026-09-13 03:13:01.150
72699.6,-0.047884,0.258574,9.811439,-0.061850,0.280932,9.802430,0.001833,0.001222,-0.000611,0.606000,-30.179001,-36.313004,179.986,-1.642,0.362,,,,,,,,2026-09-13 03:13:01.246
72803.6,-0.045490,0.277727,9.777920,-0.062530,0.281270,9.802416,0.000611,-0.002443,0.001833,0.126000,-30.323002,-37.280003,179.983,-1.644,0.365,,,,,,,,2026-09-13 03:13:01.350
72899.7,-0.040701,0.284910,9.787497,-0.062187,0.281326,9.802417,0.000000,0.000000,0.001222,1.331000,-31.563002,-35.448002,179.980,-1.644,0.363,,,,,,,,2026-09-13 03:13:01.446
73003.8,-0.062249,0.265756,9.821015,-0.062893,0.281289,9.802414,0.001222,0.003665,-0.001222,0.201000,-31.126001,-35.550003,179.978,-1.644,0.368,,,,,,,,2026-09-13 03:13:01.550
73099.8,-0.079009,0.280122,9.799467,-0.062785,0.281346,9.802412,0.000000,0.000611,0.000000,0.357000,-30.646002,-34.366001,179.977,-1.644,0.367,,,,,,,,2026-09-13 03:13:01.646
73203.9,-0.021548,0.284910,9.806650,-0.062429,0.281327,9.802415,-0.001222,-0.000611,-0.001222,-0.103000,-30.600002,-34.471001,179.975,-1.644,0.365,,,,,,,,2026-09-13 03:13:01.750
73300.0,-0.045490,0.270545,9.837775,-0.062632,0.281228,9.802417,0.003054,0.003665,0.000000,-0.146000,-31.157001,-35.224003,179.991,-1.643,0.366,,,,,,,,2026-09-13 03:13:01.846
73404.0,-0.067038,0.289698,9.794679,-0.063444,0.281582,9.802402,-0.001833,-0.001222,0.001222,0.053000,-31.597002,-35.655003,179.991,-1.645,0.371,,,,,,,,2026-09-13 03:13:01.951
73500.0,-0.035913,0.270545,9.809045,-0.062673,0.281570,9.802407,-0.000611,-0.002443,0.000000,1.587000,-31.347002,-34.155003,179.987,-1.645,0.366,,,,,,,,2026-09-13 03:13:02.047
73604.1,-0.076614,0.258574,9.837775,-0.062097,0.281210,9.802421,0.001222,0.003054,-0.001222,-0.130000,-29.149002,-35.556004,179.986,-1.643,0.363,,,,,,,,2026-09-13 03:13:02.151
73700.1,-0.047884,0.275333,9.830592,-0.061541,0.281117,9.802427,0.000000,0.001833,0.001833,1.385000,-30.910002,-34.048000,179.985,-1.643,0.360,,,,,,,,2026-09-13 03:13:02.247
73804.2,-0.043096,0.289698,9.816227,-0.061687,0.281041,9.802428,-0.002443,-0.003054,-0.000611,1.877000,-30.238001,-36.321003,179.984,-1.642,0.361,,,,,,,,2026-09-13 03:13:02.351
73900.3,-0.038307,0.253785,9.825804,-0.061024,0.280558,9.802445,0.002443,0.001222,0.000000,0.511000,-31.732002,-35.118000,179.981,-1.639,0.357,,,,,,,,2026-09-13 03:13:02.447
74004.4,-0.067038,0.287304,9.801862,-0.060845,0.280848,9.802439,0.001833,-0.000611,0.000611,-0.462000,-30.558001,-36.520000,179.979,-1.641,0.356,,,,,,,,2026-09-13 03:13:02.551
74100.4,-0.040701,0.275333,9.794679,-0.060265,0.280948,9.802440,0.000611,-0.001222,-0.000611,0.093000,-31.128002,-34.362003,179.978,-1.642,0.352,,,,,,,,2026-09-13 03:13:02.647
74204.5,-0.067038,0.260968,9.811439,-0.060167,0.280704,9.802447,0.001222,-0.001222,-0.000611,-0.510000,-29.814001,-33.824001,179.975,-1.640,0.352,,,,,,,,2026-09-13 03:13:02.751
74300.6,-0.035913,0.277727,9.806650,-0.059605,0.280981,9.802443,0.001222,-0.001222,-0.001222,2.025000,-29.938002,-34.596001,179.975,-1.642,0.348,,,,,,,,2026-09-13 03:13:02.847
74404.6,-0.064643,0.284910,9.806650,-0.059145,0.280752,9.802452,0.000000,0.001833,0.001222,1.344000,-31.380001,-35.449001,179.975,-1.641,0.346,,,,,,,,2026-09-13 03:13:02.951
74500.7,-0.043096,0.270545,9.809045,-0.058744,0.280829,9.802452,-0.001222,-0.001833,0.000611,-0.672000,-30.385002,-35.008003,179.974,-1.641,0.343,,,,,,,,2026-09-13 03:13:03.047
74604.8,-0.062249,0.277727,9.823410,-0.058442,0.280770,9.802456,-0.000611,0.000611,0.000000,1.794000,-29.959002,-34.270000,179.972,-1.641,0.342,,,,,,,,2026-09-13 03:13:03.151
74700.8,-0.055067,0.296881,9.801862,-0.058798,0.280710,9.802456,0.001833,0.003665,0.000000,0.694000,-30.454002,-37.716003,179.990,-1.640,0.344,,,,,,,,2026-09-13 03:13:03.247
74804.9,-0.059855,0.265756,9.813833,-0.059529,0.280747,9.802450,-0.001222,-0.001222,0.001833,-0.579000,-30.741001,-34.899002,179.989,-1.640,0.348,,,,,,,,2026-09-13 03:13:03.351
74901.0,-0.038307,0.268151,9.842564,-0.059420,0.280629,9.802454,-0.001222,-0.003054,0.000000,-0.008000,-30.782001,-35.658001,179.984,-1.640,0.347,,,,,,,,2026-09-13 03:13:03.448
74997.1,-0.074220,0.299275,9.832987,-0.058959,0.280465,9.802462,0.000000,0.002443,-0.001222,0.539000,-31.190001,-36.308002,179.981,-1.639,0.345,,,,,,,,2026-09-13 03:13:03.544
75101.1,-0.052672,0.275333,9.821015,-0.059847,0.280744,9.802448,0.001222,0.000611,-0.000611,-0.273000,-31.351002,-35.006001,179.978,-1.640,0.350,,,,,,,,2026-09-13 03:13:03.648
75197.2,-0.047884,0.265756,9.818622,-0.059510,0.280466,9.802458,-0.001222,-0.000611,-0.000611,-0.912000,-32.150002,-35.970001,179.977,-1.639,0.348,,,,,,,,2026-09-13 03:13:03.744
75301.2,-0.043096,0.284910,9.804255,-0.060421,0.280157,9.802462,0.002443,0.002443,0.000611,-1.155000,-30.618002,-35.543003,179.975,-1.637,0.353,,,,,,,,2026-09-13 03:13:03.848
75405.2,-0.062249,0.270545,9.809045,-0.060739,0.280813,9.802441,0.000611,0.000611,-0.001222,0.044000,-30.129002,-34.366001,179.989,-1.641,0.355,,,,,,,,2026-09-13 03:13:03.952
75501.3,-0.043096,0.270545,9.794679,-0.061555,0.280525,9.802444,-0.001222,0.000000,-0.001222,-0.214000,-30.520002,-34.470001,179.989,-1.639,0.360,,,,,,,,2026-09-13 03:13:04.048
75597.4,-0.052672,0.282516,9.823410,-0.061679,0.282727,9.802381,0.000611,-0.000611,0.000000,0.264000,-30.291002,-34.475002,179.988,-1.652,0.361,,,,,,,,2026-09-13 03:13:04.144
75701.4,-0.043096,0.284910,9.823410,-0.061885,0.283969,9.802342,0.002443,0.000611,0.001222,1.302000,-30.373001,-34.481003,179.986,-1.659,0.362,,,,,,,,2026-09-13 03:13:04.248
75805.5,-0.062249,0.277727,9.816227,-0.061151,0.283869,9.802350,0.001222,0.000000,0.000611,0.367000,-30.122002,-37.931004,179.982,-1.659,0.357,,,,,,,,2026-09-13 03:13:04.352
75901.6,-0.045490,0.296881,9.801862,-0.062079,0.285164,9.802306,0.006720,0.010385,0.001222,-0.303000,-29.989002,-35.768002,179.981,-1.666,0.363,,,,,,,,2026-09-13 03:13:04.448
76005.7,-0.050278,0.272939,9.852140,-0.060901,0.285604,9.802301,-0.004887,-0.009774,0.004887,-0.577000,-30.481001,-37.059002,179.979,-1.669,0.356,,,,,,,,2026-09-13 03:13:04.552
76101.8,-0.045490,0.265756,9.854534,-0.055887,0.284493,9.802363,-0.001222,-0.001222,0.000611,-0.234000,-30.626001,-36.413002,179.863,-1.662,0.327,,,,,,,,2026-09-13 03:13:04.648
76205.8,-0.045490,0.296881,9.787497,-0.053432,0.284571,9.802375,-0.001833,-0.004887,-0.001222,-0.239000,-30.459002,-38.681004,179.861,-1.663,0.312,,,,,,,,2026-09-13 03:13:04.752
76301.9,-0.045490,0.294487,9.799467,-0.061357,0.289187,9.802194,-0.006720,-0.020769,0.001222,0.398000,-30.005001,-34.585003,179.864,-1.690,0.359,,,,,,,,2026-09-13 03:13:04.848
76405.9,-0.076614,0.280122,9.854534,-0.058559,0.288476,9.802231,0.005498,0.006720,0.001222,0.865000,-29.616001,-37.828003,179.595,-1.686,0.342,,,,,,,,2026-09-13 03:13:04.952
76502.0,-0.074220,0.299275,9.763555,-0.059214,0.289198,9.802206,0.003054,0.003665,0.000611,-0.266000,-29.352001,-36.526001,179.779,-1.690,0.346,,,,,,,,2026-09-13 03:13:05.049
76606.0,-0.088585,0.289698,9.730036,-0.065579,0.292687,9.802062,0.007941,0.014050,0.000000,-1.043000,-30.354002,-38.568001,179.502,-1.710,0.383,,,,,,,,2026-09-13 03:13:05.153
76702.1,-0.052672,0.270545,9.856929,-0.058280,0.290294,9.802179,-0.007330,-0.017104,0.001222,-0.380000,-30.837002,-38.571003,178.992,-1.696,0.341,,,,,,,,2026-09-13 03:13:05.249
76806.1,-0.052672,0.301669,9.828198,-0.051887,0.288475,9.802269,0.002443,0.002443,0.001222,0.783000,-30.727001,-38.903004,179.479,-1.686,0.303,,,,,,,,2026-09-13 03:13:05.353
76902.1,-0.031125,0.275333,9.794679,-0.051449,0.288572,9.802269,-0.002443,-0.002443,0.000611,0.187000,-31.054001,-38.250000,179.516,-1.686,0.301,,,,,,,,2026-09-13 03:13:05.449
76998.1,-0.038307,0.277727,9.797073,-0.055342,0.291025,9.802175,0.009163,0.017104,0.001833,-0.321000,-30.007002,-38.143002,179.546,-1.701,0.323,,,,,,,,2026-09-13 03:13:05.545
77102.1,-0.059855,0.308852,9.787497,-0.056915,0.291123,9.802163,-0.001833,-0.001222,0.001222,-0.035000,-28.988001,-39.984001,179.259,-1.701,0.333,,,,,,,,2026-09-13 03:13:05.649
77198.2,-0.045490,0.294487,9.794679,-0.056430,0.290959,9.802171,-0.001222,-0.000611,0.000611,0.924000,-30.521002,-37.393002,179.258,-1.700,0.330,,,,,,,,2026-09-13 03:13:05.745
77302.2,-0.035913,0.280122,9.818622,-0.056271,0.291123,9.802166,-0.001833,0.000611,0.000611,0.251000,-30.047001,-38.686001,179.677,-1.701,0.329,,,,,,,,2026-09-13 03:13:05.849
77398.3,-0.043096,0.282516,9.801862,-0.056439,0.290788,9.802176,0.001222,0.000000,0.000611,-0.910000,-29.983002,-39.650002,179.675,-1.699,0.330,,,,,,,,2026-09-13 03:13:05.945
77502.3,-0.055067,0.284910,9.813833,-0.055892,0.290731,9.802180,0.000000,0.001222,-0.000611,1.647000,-29.828001,-39.884003,179.676,-1.699,0.327,,,,,,,,2026-09-13 03:13:06.049
77606.4,-0.057461,0.289698,9.816227,-0.056399,0.290813,9.802176,0.000611,0.000611,-0.000611,0.017000,-30.241001,-37.064003,179.676,-1.699,0.330,,,,,,,,2026-09-13 03:13:06.153
77702.4,-0.050278,0.292093,9.797073,-0.056269,0.290726,9.802178,-0.000611,-0.004276,0.002443,-0.432000,-30.012001,-37.278000,179.674,-1.699,0.329,,,,,,,,2026-09-13 03:13:06.249
77798.4,-0.045490,0.296881,9.799467,-0.055818,0.290466,9.802189,0.000611,0.001833,0.000611,-0.126000,-30.623001,-37.493000,179.671,-1.697,0.326,,,,,,,,2026-09-13 03:13:06.345
77902.5,-0.076614,0.287304,9.806650,-0.055956,0.290600,9.802184,0.001222,-0.001222,0.000000,-0.262000,-29.176001,-37.607002,179.669,-1.698,0.327,,,,,,,,2026-09-13 03:13:06.449
77998.6,-0.038307,0.294487,9.804255,-0.055531,0.290918,9.802176,0.000000,-0.002443,0.001222,-0.240000,-30.460001,-38.789001,179.668,-1.700,0.325,,,,,,,,2026-09-13 03:13:06.545
78102.6,-0.059855,0.282516,9.832987,-0.055154,0.291341,9.802166,0.001833,0.004276,0.000611,0.086000,-29.400002,-35.233002,179.664,-1.702,0.322,,,,,,,,2026-09-13 03:13:06.649
78198.6,-0.064643,0.277727,9.818622,-0.055197,0.292276,9.802138,-0.000611,0.002443,0.000611,-0.388000,-30.932001,-38.894001,179.661,-1.708,0.323,,,,,,,,2026-09-13 03:13:06.745
78302.6,-0.050278,0.299275,9.804255,-0.055781,0.292555,9.802127,-0.002443,-0.003054,-0.000611,-0.791000,-30.141001,-37.707001,179.661,-1.710,0.326,,,,,,,,2026-09-13 03:13:06.849
78398.6,-0.016759,0.280122,9.828198,-0.055799,0.293088,9.802111,-0.000611,0.003054,0.000000,-0.521000,-29.567001,-37.711002,179.659,-1.713,0.326,,,,,,,,2026-09-13 03:13:06.945
78502.7,-0.079009,0.292093,9.794679,-0.056786,0.294212,9.802072,0.001222,0.000611,-0.001222,0.797000,-30.455002,-39.444000,179.656,-1.719,0.332,,,,,,,,2026-09-13 03:13:07.049
78598.7,-0.045490,0.296881,9.773131,-0.056940,0.294942,9.802049,-0.000611,-0.001833,0.000611,0.591000,-30.451002,-35.880001,179.657,-1.723,0.333,,,,,,,,2026-09-13 03:13:07.145
78702.7,-0.059855,0.280122,9.825804,-0.056981,0.295507,9.802032,-0.001222,0.000000,-0.002443,-1.011000,-29.893002,-38.354000,179.655,-1.726,0.333,,,,,,,,2026-09-13 03:13:07.249
78798.7,-0.045490,0.270545,9.811439,-0.057212,0.296292,9.802006,0.000611,0.003054,0.000000,-1.058000,-30.626001,-38.135002,179.655,-1.731,0.334,,,,,,,,2026-09-13 03:13:07.345
78902.7,-0.059855,0.299275,9.830592,-0.058518,0.296721,9.801985,0.002443,0.004276,-0.001222,-0.078000,-29.803001,-38.469002,179.671,-1.734,0.342,,,,,,,,2026-09-13 03:13:07.449
78998.8,-0.035913,0.289698,9.837775,-0.061287,0.298403,9.801917,0.001833,0.004276,0.000000,-0.023000,-30.453001,-40.842003,179.670,-1.744,0.358,,,,,,,,2026-09-13 03:13:07.545
79102.8,-0.076614,0.299275,9.844957,-0.066199,0.300631,9.801817,-0.000611,0.004276,0.001222,-0.803000,-30.325001,-37.706001,179.670,-1.757,0.387,,,,,,,,2026-09-13 03:13:07.649
79198.9,-0.035913,0.296881,9.818622,-0.059161,0.297582,9.801955,0.002443,0.003665,0.000000,-0.324000,-30.010002,-38.466003,179.666,-1.739,0.346,,,,,,,,2026-09-13 03:13:07.745
79303.0,-0.069432,0.289698,9.823410,-0.059851,0.298058,9.801936,0.000000,-0.001222,0.001833,1.883000,-30.061001,-37.185001,179.665,-1.742,0.350,,,,,,,,2026-09-13 03:13:07.850
79399.0,-0.043096,0.268151,9.804255,-0.059805,0.298305,9.801930,-0.001833,-0.004276,0.003665,-0.192000,-29.726002,-38.900002,179.663,-1.743,0.350,,,,,,,,2026-09-13 03:13:07.946
79503.1,-0.076614,0.301669,9.825804,-0.059538,0.299050,9.801908,0.002443,0.004276,0.001222,0.610000,-30.003002,-37.393002,179.661,-1.747,0.348,,,,,,,,2026-09-13 03:13:08.050
79599.2,-0.047884,0.306458,9.828198,-0.060910,0.300405,9.801859,0.007330,0.013439,0.001222,-1.334000,-29.471001,-38.894001,179.678,-1.755,0.356,,,,,,,,2026-09-13 03:13:08.146
79703.2,-0.050278,0.268151,9.847352,-0.061700,0.300085,9.801864,-0.005498,-0.011606,-0.001222,-0.669000,-30.039001,-37.816002,179.675,-1.754,0.361,,,,,,,,2026-09-13 03:13:08.250
79799.3,-0.016759,0.287304,9.816227,-0.060839,0.299163,9.801897,0.001222,0.001222,0.000000,-0.620000,-29.390001,-37.063004,179.670,-1.748,0.356,,,,,,,,2026-09-13 03:13:08.346
79903.4,-0.088585,0.294487,9.825804,-0.061212,0.299861,9.801874,-0.000611,0.001222,-0.001222,-0.843000,-29.059002,-38.899002,179.667,-1.752,0.358,,,,,,,,2026-09-13 03:13:08.450
79999.5,-0.040701,0.275333,9.777920,-0.061448,0.299409,9.801886,-0.001833,-0.003665,0.000000,1.267000,-30.407001,-39.015003,179.662,-1.750,0.359,,,,,,,,2026-09-13 03:13:08.546
80103.5,-0.067038,0.296881,9.806650,-0.060797,0.299098,9.801899,0.001222,0.001833,-0.003665,-0.717000,-30.687002,-38.461002,179.661,-1.748,0.355,,,,,,,,2026-09-13 03:13:08.650
80199.6,-0.040701,0.294487,9.789890,-0.061623,0.299544,9.801881,0.003054,0.002443,0.000000,-0.742000,-31.227001,-36.947002,179.661,-1.750,0.360,,,,,,,,2026-09-13 03:13:08.746
80303.7,-0.074220,0.277727,9.823410,-0.061112,0.299842,9.801874,0.000000,-0.001222,0.001222,0.070000,-29.502001,-36.528000,179.657,-1.752,0.357,,,,,,,,2026-09-13 03:13:08.850
80399.7,-0.035913,0.284910,9.806650,-0.061164,0.300123,9.801866,0.001222,0.000000,0.000611,-0.337000,-30.624001,-34.577003,179.656,-1.754,0.358,,,,,,,,2026-09-13 03:13:08.946
80503.8,-0.052672,0.282516,9.818622,-0.060711,0.300195,9.801867,0.001222,0.000000,-0.000611,-0.784000,-30.048002,-37.599003,179.654,-1.754,0.355,,,,,,,,2026-09-13 03:13:09.050
80599.9,-0.043096,0.277727,9.813833,-0.061304,0.300292,9.801860,0.000611,-0.000611,0.000000,0.492000,-30.016001,-37.608002,179.650,-1.755,0.358,,,,,,,,2026-09-13 03:13:09.146
80704.0,-0.067038,0.301669,9.809045,-0.060705,0.300411,9.801860,0.000611,0.000611,-0.000611,-0.525000,-29.657001,-37.495003,179.668,-1.755,0.355,,,,,,,,2026-09-13 03:13:09.251
80800.0,-0.043096,0.294487,9.787497,-0.061441,0.299989,9.801868,-0.000611,0.000611,-0.001833,1.788000,-29.879002,-35.890003,179.668,-1.753,0.359,,,,,,,,2026-09-13 03:13:09.347
80904.1,-0.059855,0.265756,9.821015,-0.060799,0.299281,9.801894,0.000611,0.004276,0.001222,1.197000,-30.115002,-35.345001,179.669,-1.749,0.355,,,,,,,,2026-09-13 03:13:09.451
81000.1,-0.055067,0.287304,9.842564,-0.061744,0.298461,9.801913,-0.004276,0.001833,-0.001833,0.368000,-30.292002,-36.095001,179.667,-1.744,0.361,,,,,,,,2026-09-13 03:13:09.547
81104.2,-0.045490,0.272939,9.890448,-0.059620,0.291259,9.802142,-0.007330,-0.001222,0.000000,0.568000,-30.732002,-36.526001,179.712,-1.702,0.348,,,,,,,,2026-09-13 03:13:09.651
81200.2,-0.047884,0.280122,9.844957,-0.059559,0.290065,9.802178,0.000611,0.001222,0.000000,0.457000,-30.823002,-34.905003,-179.957,-1.695,0.348,,,,,,,,2026-09-13 03:13:09.747
81296.3,-0.067038,0.280122,9.830592,-0.058984,0.290158,9.802179,0.003054,0.006109,0.000000,-1.065000,-31.062002,-35.002003,-179.958,-1.696,0.345,,,,,,,,2026-09-13 03:13:09.843
81400.3,-0.038307,0.284910,9.799467,-0.059925,0.290513,9.802163,-0.000611,-0.003665,0.000611,1.165000,-30.833002,-33.075001,-179.958,-1.698,0.350,,,,,,,,2026-09-13 03:13:09.947
81504.4,-0.057461,0.280122,9.842564,-0.058352,0.290101,9.802185,0.002443,0.002443,0.001222,-0.596000,-31.101002,-33.926003,-179.962,-1.695,0.341,,,,,,,,2026-09-13 03:13:10.051
81600.4,-0.074220,0.280122,9.785102,-0.059108,0.290147,9.802178,0.002443,0.003665,0.000611,-0.569000,-30.645002,-34.360001,-179.961,-1.695,0.345,,,,,,,,2026-09-13 03:13:10.147
81704.5,-0.035913,0.275333,9.821015,-0.058243,0.290253,9.802181,-0.001222,-0.004887,0.000611,0.001000,-30.686001,-35.119003,-179.963,-1.696,0.340,,,,,,,,2026-09-13 03:13:10.251
81800.5,-0.052672,0.272939,9.821015,-0.058018,0.290001,9.802190,0.001833,0.001222,-0.000611,-1.002000,-31.791002,-35.647003,-179.964,-1.695,0.339,,,,,,,,2026-09-13 03:13:10.347
81904.6,-0.064643,0.294487,9.804255,-0.057912,0.290224,9.802183,0.001833,0.001222,0.001222,1.212000,-30.186001,-32.538002,-179.965,-1.696,0.339,,,,,,,,2026-09-13 03:13:10.451
82000.6,-0.040701,0.292093,9.780313,-0.058451,0.290187,9.802181,-0.000611,-0.001833,0.001222,0.783000,-29.507002,-34.049000,-179.965,-1.696,0.342,,,,,,,,2026-09-13 03:13:10.547
82104.7,-0.045490,0.268151,9.794679,-0.057539,0.290209,9.802186,0.001833,0.001833,0.000611,0.980000,-29.950001,-34.805000,-179.967,-1.696,0.336,,,,,,,,2026-09-13 03:13:10.651
82200.7,-0.069432,0.272939,9.811439,-0.058272,0.290246,9.802180,-0.000611,0.000611,0.000611,0.929000,-30.859001,-33.505001,-179.968,-1.696,0.341,,,,,,,,2026-09-13 03:13:10.747
82304.7,-0.035913,0.282516,9.799467,-0.057777,0.290411,9.802178,0.001833,-0.001833,0.000611,-0.473000,-30.825001,-35.439003,-179.971,-1.697,0.338,,,,,,,,2026-09-13 03:13:10.851
82400.7,-0.062249,0.260968,9.804255,-0.057927,0.290409,9.802178,0.000000,0.000000,-0.000611,0.614000,-30.257002,-34.477001,-179.974,-1.697,0.339,,,,,,,,2026-09-13 03:13:10.947
82504.8,-0.028730,0.289698,9.806650,-0.057168,0.290166,9.802190,0.000611,-0.002443,-0.000611,-0.022000,-31.139002,-34.253002,-179.975,-1.696,0.334,,,,,,,,2026-09-13 03:13:11.051
82600.8,-0.059855,0.287304,9.792285,-0.057592,0.289655,9.802202,0.000000,0.001222,0.000000,1.396000,-30.555002,-35.777000,-179.975,-1.693,0.337,,,,,,,,2026-09-13 03:13:11.147
82704.9,-0.052672,0.275333,9.825804,-0.057850,0.289062,9.802218,0.000000,0.003665,-0.000611,0.608000,-30.263000,-35.233002,-179.954,-1.689,0.338,,,,,,,,2026-09-13 03:13:11.251
82800.9,-0.067038,0.280122,9.787497,-0.058594,0.288509,9.802230,-0.000611,-0.002443,0.001222,-0.069000,-30.051001,-34.797001,-179.956,-1.686,0.342,,,,,,,,2026-09-13 03:13:11.347
82904.9,-0.026336,0.277727,9.823410,-0.058252,0.287886,9.802251,0.001833,0.002443,0.000000,0.454000,-30.826002,-35.337002,-179.960,-1.682,0.340,,,,,,,,2026-09-13 03:13:11.451
83001.0,-0.071826,0.268151,9.813833,-0.058991,0.287601,9.802255,0.001222,0.003665,-0.001222,0.300000,-29.740002,-34.585003,-179.963,-1.681,0.345,,,,,,,,2026-09-13 03:13:11.548
83105.0,-0.023942,0.277727,9.787497,-0.058752,0.287227,9.802267,-0.000611,-0.004887,0.000000,-0.728000,-29.392002,-35.875000,-179.966,-1.678,0.343,,,,,,,,2026-09-13 03:13:11.652
83201.1,-0.059855,0.277727,9.809045,-0.058360,0.286591,9.802288,0.000611,0.002443,-0.001833,0.639000,-29.889002,-34.479000,-179.966,-1.675,0.341,,,,,,,,2026-09-13 03:13:11.748
83305.1,-0.055067,0.284910,9.811439,-0.059125,0.286485,9.802287,0.001833,0.001222,0.001833,0.975000,-29.955002,-35.452003,-179.966,-1.674,0.346,,,,,,,,2026-09-13 03:13:11.852
83401.1,-0.067038,0.284910,9.799467,-0.059409,0.286419,9.802287,-0.000611,-0.005498,0.000000,0.023000,-28.586000,-35.452003,-179.965,-1.674,0.347,,,,,,,,2026-09-13 03:13:11.948
83497.1,-0.014365,0.275333,9.797073,-0.058826,0.286339,9.802293,-0.001222,-0.000611,0.001222,1.612000,-30.807001,-35.669003,-179.967,-1.673,0.344,,,,,,,,2026-09-13 03:13:12.044
83601.1,-0.074220,0.265756,9.832987,-0.059022,0.285691,9.802310,0.003054,0.002443,0.000000,-0.145000,-31.071001,-35.980003,-179.970,-1.669,0.345,,,,,,,,2026-09-13 03:13:12.148
83697.1,-0.045490,0.270545,9.832987,-0.059142,0.285822,9.802305,0.001222,0.001222,-0.001222,-0.732000,-31.131002,-36.408001,-179.971,-1.670,0.346,,,,,,,,2026-09-13 03:13:12.244
83801.2,-0.057461,0.292093,9.813833,-0.059350,0.285388,9.802317,0.000000,0.000000,0.000611,0.382000,-30.192001,-35.123001,-179.973,-1.668,0.347,,,,,,,,2026-09-13 03:13:12.348
83905.2,-0.043096,0.258574,9.816227,-0.059828,0.285039,9.802324,0.000611,0.002443,0.001222,1.026000,-30.867001,-36.097000,-179.972,-1.666,0.350,,,,,,,,2026-09-13 03:13:12.452
84001.3,-0.074220,0.277727,9.806650,-0.059599,0.284495,9.802341,0.000611,0.002443,0.000611,-0.347000,-30.719002,-35.009003,-179.973,-1.662,0.348,,,,,,,,2026-09-13 03:13:12.548
84097.3,-0.033519,0.280122,9.797073,-0.059606,0.284437,9.802343,0.001222,-0.000611,0.001222,1.256000,-29.369001,-33.945004,-179.972,-1.662,0.348,,,,,,,,2026-09-13 03:13:12.644
84201.3,-0.071826,0.265756,9.818622,-0.059200,0.284326,9.802349,-0.000611,-0.001222,-0.000611,0.152000,-31.775002,-36.303001,-179.955,-1.661,0.346,,,,,,,,2026-09-13 03:13:12.748
84305.4,-0.038307,0.277727,9.780313,-0.059255,0.283967,9.802360,0.000000,0.001833,0.001833,-0.610000,-31.200001,-34.897003,-179.961,-1.659,0.346,,,,,,,,2026-09-13 03:13:12.852
84401.5,-0.081403,0.284910,9.804255,-0.059267,0.283696,9.802366,0.000611,0.001222,0.000000,-0.050000,-31.424002,-35.547001,-179.965,-1.658,0.346,,,,,,,,2026-09-13 03:13:12.948
84497.5,-0.023942,0.277727,9.806650,-0.059495,0.283465,9.802372,-0.002443,-0.001222,0.000000,-0.208000,-30.429001,-34.579002,-179.967,-1.656,0.348,,,,,,,,2026-09-13 03:13:13.044
84601.6,-0.067038,0.268151,9.806650,-0.058450,0.283147,9.802388,0.000000,0.001833,-0.001222,0.690000,-30.543001,-37.391003,-179.972,-1.655,0.342,,,,,,,,2026-09-13 03:13:13.148
84705.7,-0.052672,0.292093,9.797073,-0.059743,0.282843,9.802388,0.000000,-0.000611,0.000000,1.423000,-31.749002,-37.175003,-179.970,-1.653,0.349,,,,,,,,2026-09-13 03:13:13.252
84801.7,-0.062249,0.268151,9.809045,-0.059598,0.282575,9.802397,0.000000,-0.002443,0.000611,-0.809000,-32.324001,-36.186001,-179.972,-1.651,0.348,,,,,,,,2026-09-13 03:13:13.348
84905.7,-0.028730,0.284910,9.777920,-0.059491,0.282310,9.802405,0.000611,0.001833,-0.001222,-0.162000,-31.174002,-37.383003,-179.955,-1.650,0.348,,,,,,,,2026-09-13 03:13:13.452
85001.7,-0.079009,0.296881,9.813833,-0.059389,0.282562,9.802399,0.000611,0.003054,0.000611,1.849000,-30.609001,-36.751003,-179.955,-1.651,0.347,,,,,,,,2026-09-13 03:13:13.548
85105.7,-0.031125,0.268151,9.813833,-0.060030,0.282178,9.802406,-0.001833,-0.003665,0.000000,-0.868000,-31.676001,-34.137001,-179.955,-1.649,0.351,,,,,,,,2026-09-13 03:13:13.652
85201.7,-0.045490,0.270545,9.816227,-0.059815,0.282173,9.802407,0.000000,0.001222,0.001833,-0.205000,-33.638000,-36.725002,-179.954,-1.649,0.350,,,,,,,,2026-09-13 03:13:13.748
85305.7,-0.050278,0.277727,9.780313,-0.061062,0.282030,9.802403,-0.000611,0.001222,0.000000,-0.367000,-32.474003,-37.700001,-179.957,-1.648,0.357,,,,,,,,2026-09-13 03:13:13.852
85401.8,-0.052672,0.270545,9.825804,-0.060632,0.281694,9.802416,-0.001222,-0.002443,0.001833,-0.889000,-31.698002,-36.944000,-179.957,-1.646,0.354,,,,,,,,2026-09-13 03:13:13.948
85505.8,-0.045490,0.270545,9.787497,-0.061522,0.281589,9.802414,0.001833,0.001222,0.001222,0.995000,-29.763000,-34.374001,-179.958,-1.645,0.360,,,,,,,,2026-09-13 03:13:14.052
85601.9,-0.074220,0.277727,9.789890,-0.061326,0.281611,9.802414,0.001222,0.003054,0.000000,1.262000,-30.927002,-34.910000,-179.960,-1.646,0.358,,,,,,,,2026-09-13 03:13:14.148
85706.0,-0.035913,0.275333,9.804255,-0.062642,0.281402,9.802411,-0.000611,0.000611,0.000000,0.007000,-30.508001,-35.983002,-179.963,-1.644,0.366,,,,,,,,2026-09-13 03:13:14.252
85802.0,-0.062249,0.272939,9.801862,-0.062414,0.281408,9.802413,-0.000611,0.001222,0.000611,1.108000,-31.491001,-35.015003,-179.966,-1.644,0.365,,,,,,,,2026-09-13 03:13:14.349
85898.0,-0.043096,0.277727,9.785102,-0.063460,0.280775,9.802424,-0.001833,-0.000611,0.001222,-0.217000,-30.523001,-34.902000,-179.966,-1.641,0.371,,,,,,,,2026-09-13 03:13:14.445
85994.1,-0.038307,0.275333,9.785102,-0.062413,0.280531,9.802438,-0.001222,-0.001833,0.001222,0.817000,-30.694002,-34.477001,-179.967,-1.639,0.365,,,,,,,,2026-09-13 03:13:14.541
86098.1,-0.059855,0.272939,9.792285,-0.062943,0.280685,9.802430,0.000000,0.004276,0.001222,-1.252000,-30.438002,-34.572002,-179.970,-1.640,0.368,,,,,,,,2026-09-13 03:13:14.645
86202.2,-0.059855,0.289698,9.780313,-0.062510,0.280686,9.802433,-0.003054,-0.001833,0.001833,0.858000,-30.138000,-33.939003,-179.955,-1.640,0.365,,,,,,,,2026-09-13 03:13:14.749
86298.3,-0.023942,0.294487,9.785102,-0.063169,0.280516,9.802434,-0.001222,-0.000611,0.001222,-0.350000,-30.637001,-36.304001,-179.956,-1.639,0.369,,,,,,,,2026-09-13 03:13:14.845
86402.3,-0.086191,0.275333,9.821015,-0.062598,0.280558,9.802436,0.001833,0.001222,0.001222,0.913000,-30.703001,-37.176003,-179.958,-1.639,0.366,,,,,,,,2026-09-13 03:13:14.949
86498.4,-0.047884,0.284910,9.785102,-0.063012,0.280689,9.802430,-0.002443,-0.001222,0.000000,-0.285000,-31.278002,-37.490002,-179.959,-1.640,0.368,,,,,,,,2026-09-13 03:13:15.045
86602.4,-0.035913,0.268151,9.809045,-0.061914,0.280440,9.802444,0.000611,-0.001833,0.000000,-0.024000,-31.227001,-33.821003,-179.962,-1.639,0.362,,,,,,,,2026-09-13 03:13:15.149
86698.5,-0.062249,0.277727,9.811439,-0.061917,0.280459,9.802444,0.001833,0.004276,0.001222,0.882000,-31.420002,-34.798000,-179.965,-1.639,0.362,,,,,,,,2026-09-13 03:13:15.245
86802.5,-0.050278,0.277727,9.785102,-0.061563,0.280488,9.802444,0.000611,-0.002443,0.000611,0.245000,-30.396002,-36.201000,-179.969,-1.639,0.360,,,,,,,,2026-09-13 03:13:15.349
86898.5,-0.016759,0.282516,9.763555,-0.062125,0.281212,9.802421,-0.001222,-0.001222,-0.000611,0.655000,-29.444002,-36.316002,-179.970,-1.643,0.363,,,,,,,,2026-09-13 03:13:15.445
87002.6,-0.052672,0.272939,9.828198,-0.061684,0.282004,9.802401,0.000611,0.003054,0.000611,-0.533000,-31.830002,-34.571003,-179.973,-1.648,0.361,,,,,,,,2026-09-13 03:13:15.549
87098.6,-0.062249,0.268151,9.799467,-0.062590,0.282731,9.802374,0.000611,0.004276,0.001222,0.373000,-30.201002,-36.311001,-179.954,-1.652,0.366,,,,,,,,2026-09-13 03:13:15.645
87202.6,-0.040701,0.292093,9.799467,-0.062540,0.282846,9.802371,0.001833,-0.000611,0.001222,-1.046000,-30.872002,-34.140003,-179.956,-1.653,0.366,,,,,,,,2026-09-13 03:13:15.749
87298.6,-0.059855,0.270545,9.801862,-0.062926,0.282963,9.802365,0.001833,0.001833,-0.000611,-0.619000,-31.381002,-34.572002,-179.956,-1.653,0.368,,,,,,,,2026-09-13 03:13:15.845
87402.6,-0.050278,0.277727,9.799467,-0.062424,0.283635,9.802349,0.000611,0.001222,-0.000611,0.062000,-31.417002,-36.088001,-179.956,-1.657,0.365,,,,,,,,2026-09-13 03:13:15.949
87506.6,-0.047884,0.277727,9.768343,-0.062742,0.284153,9.802332,0.000000,0.001222,-0.000611,0.502000,-30.178001,-34.693001,-179.956,-1.660,0.367,,,,,,,,2026-09-13 03:13:16.053
87602.7,-0.045490,0.263362,9.789890,-0.062187,0.284719,9.802319,-0.000611,-0.000611,0.001222,1.176000,-30.479002,-34.804001,-179.956,-1.664,0.363,,,,,,,,2026-09-13 03:13:16.149
87698.7,-0.057461,0.260968,9.698911,-0.062314,0.285644,9.802291,0.003054,0.001833,-0.000611,0.116000,-30.849001,-33.823002,-179.958,-1.669,0.364,,,,,,,,2026-09-13 03:13:16.245
87802.7,-0.050278,0.282516,9.823410,-0.062729,0.286688,9.802258,0.000611,0.001833,0.001833,-0.148000,-29.682001,-33.071003,-179.841,-1.675,0.367,,,,,,,,2026-09-13 03:13:16.349
87898.8,-0.045490,0.280122,9.818622,-0.063653,0.288162,9.802209,-0.001222,-0.003054,0.000611,2.377000,-29.731001,-36.002003,-179.326,-1.684,0.372,,,,,,,,2026-09-13 03:13:16.445
88002.8,-0.033519,0.280122,9.780313,-0.062743,0.289335,9.802180,0.001222,-0.001833,0.000611,0.518000,-31.639002,-35.010002,-179.326,-1.691,0.367,,,,,,,,2026-09-13 03:13:16.549
88098.9,-0.079009,0.294487,9.809045,-0.063613,0.291250,9.802118,0.002443,0.001222,-0.000611,0.017000,-30.413002,-35.444000,-179.327,-1.702,0.372,,,,,,,,2026-09-13 03:13:16.645
88202.9,-0.043096,0.280122,9.816227,-0.063200,0.292792,9.802074,-0.001222,0.000000,0.001222,0.751000,-30.054001,-33.399002,-179.329,-1.711,0.369,,,,,,,,2026-09-13 03:13:16.749
88298.9,-0.045490,0.263362,9.792285,-0.063447,0.293071,9.802065,0.000000,-0.001833,0.000000,0.482000,-30.369001,-35.663002,-179.328,-1.713,0.371,,,,,,,,2026-09-13 03:13:16.845
88402.9,-0.059855,0.289698,9.794679,-0.062805,0.293445,9.802057,0.001833,0.004887,-0.001222,0.200000,-31.213001,-34.902000,-179.331,-1.715,0.367,,,,,,,,2026-09-13 03:13:16.949
88498.9,-0.069432,0.284910,9.801862,-0.063476,0.293830,9.802042,0.000000,0.001222,0.000611,1.586000,-29.613001,-34.162003,-179.331,-1.717,0.371,,,,,,,,2026-09-13 03:13:17.045
88602.9,-0.033519,0.280122,9.809045,-0.063367,0.293613,9.802049,0.001222,-0.001833,0.000611,1.158000,-30.496002,-37.179001,-179.333,-1.716,0.370,,,,,,,,2026-09-13 03:13:17.149
88699.0,-0.067038,0.292093,9.792285,-0.063262,0.294305,9.802029,0.001222,0.002443,0.000611,1.097000,-31.673002,-34.798000,-179.333,-1.720,0.370,,,,,,,,2026-09-13 03:13:17.245
88803.0,-0.043096,0.275333,9.804255,-0.063618,0.294580,9.802018,0.001222,0.000611,0.001833,-0.236000,-30.628002,-36.629002,-179.334,-1.721,0.372,,,,,,,,2026-09-13 03:13:17.350
88899.0,-0.055067,0.277727,9.806650,-0.063649,0.294818,9.802011,0.000611,0.003054,0.000000,1.486000,-29.436001,-33.623001,-179.335,-1.723,0.372,,,,,,,,2026-09-13 03:13:17.446
89003.0,-0.038307,0.284910,9.794679,-0.063571,0.294988,9.802006,0.000611,-0.000611,0.000611,0.580000,-30.720001,-34.907001,-179.335,-1.724,0.372,,,,,,,,2026-09-13 03:13:17.550
89099.1,-0.064643,0.270545,9.816227,-0.063185,0.294697,9.802018,0.001222,0.000000,0.001222,0.356000,-30.647001,-34.474003,-179.338,-1.722,0.369,,,,,,,,2026-09-13 03:13:17.646
89203.1,-0.052672,0.289698,9.804255,-0.063368,0.294565,9.802020,0.000000,0.000611,0.000611,0.756000,-29.706001,-35.992001,-179.340,-1.721,0.370,,,,,,,,2026-09-13 03:13:17.750
89299.1,-0.064643,0.296881,9.785102,-0.063221,0.294099,9.802035,-0.000611,0.001222,0.000000,-0.614000,-31.204002,-35.437000,-179.342,-1.719,0.370,,,,,,,,2026-09-13 03:13:17.846
89403.1,-0.033519,0.275333,9.825804,-0.063635,0.293881,9.802039,0.001222,-0.000611,-0.000611,2.050000,-29.742001,-32.977001,-179.323,-1.717,0.372,,,,,,,,2026-09-13 03:13:17.950
89499.1,-0.074220,0.287304,9.818622,-0.063586,0.293832,9.802041,0.001833,0.004276,-0.001833,1.017000,-29.484001,-33.943001,-179.324,-1.717,0.372,,,,,,,,2026-09-13 03:13:18.046
89603.1,-0.033519,0.311246,9.811439,-0.063587,0.293473,9.802052,-0.001833,-0.005498,0.001222,-0.506000,-31.202002,-36.625000,-179.324,-1.715,0.372,,,,,,,,2026-09-13 03:13:18.150
89699.2,-0.047884,0.272939,9.847352,-0.063372,0.292786,9.802073,-0.002443,-0.001833,0.000000,0.074000,-31.319002,-35.333000,-179.327,-1.711,0.370,,,,,,,,2026-09-13 03:13:18.246
89803.2,-0.057461,0.292093,9.816227,-0.063669,0.292414,9.802083,0.001833,0.004276,-0.000611,0.055000,-29.946001,-34.475002,-179.350,-1.709,0.372,,,,,,,,2026-09-13 03:13:18.350
89899.2,-0.064643,0.296881,9.789890,-0.064449,0.292598,9.802073,-0.001222,-0.001222,-0.000611,2.554000,-30.708002,-34.488003,-179.343,-1.710,0.377,,,,,,,,2026-09-13 03:13:18.446
90003.2,-0.038307,0.268151,9.809045,-0.063849,0.292768,9.802072,0.000000,0.001222,0.000611,0.319000,-31.113001,-35.335003,-179.346,-1.711,0.373,,,,,,,,2026-09-13 03:13:18.550
90099.2,-0.081403,0.275333,9.804255,-0.063861,0.292505,9.802078,0.003665,0.005498,0.000000,0.435000,-31.017002,-36.308002,-179.347,-1.709,0.373,,,,,,,,2026-09-13 03:13:18.646
90203.2,-0.040701,0.277727,9.818622,-0.064459,0.292949,9.802062,-0.000611,-0.002443,-0.001222,0.140000,-30.224001,-36.309002,-179.349,-1.712,0.377,,,,,,,,2026-09-13 03:13:18.750
90299.2,-0.062249,0.280122,9.823410,-0.064441,0.293739,9.802038,0.000000,0.000000,0.000000,0.713000,-32.084000,-36.089001,-179.349,-1.716,0.377,,,,,,,,2026-09-13 03:13:18.846
90403.2,-0.069432,0.287304,9.792285,-0.064766,0.293629,9.802039,0.002443,0.003054,-0.000611,0.399000,-29.832001,-36.097000,-179.350,-1.716,0.379,,,,,,,,2026-09-13 03:13:18.950
90499.2,-0.067038,0.301669,9.818622,-0.064758,0.293858,9.802033,0.000611,0.001833,0.000611,0.896000,-31.235001,-34.583000,-179.351,-1.717,0.379,,,,,,,,2026-09-13 03:13:19.046
90603.2,-0.043096,0.265756,9.801862,-0.064889,0.293985,9.802028,0.001833,0.000000,0.001222,0.543000,-31.272001,-35.012001,-179.352,-1.718,0.379,,,,,,,,2026-09-13 03:13:19.150
90699.2,-0.074220,0.277727,9.816227,-0.065371,0.294321,9.802015,-0.000611,0.000000,0.000611,-0.358000,-30.902002,-34.900002,-179.354,-1.720,0.382,,,,,,,,2026-09-13 03:13:19.246
90803.2,-0.040701,0.289698,9.828198,-0.065341,0.294797,9.802000,0.000611,-0.000611,-0.000611,0.656000,-29.528002,-35.344002,-179.354,-1.723,0.382,,,,,,,,2026-09-13 03:13:19.350
90899.3,-0.071826,0.292093,9.816227,-0.064675,0.294674,9.802009,0.001222,0.003665,-0.002443,0.385000,-30.104002,-35.556004,-179.353,-1.722,0.378,,,,,,,,2026-09-13 03:13:19.446
91003.2,-0.033519,0.282516,9.794679,-0.064863,0.294591,9.802010,-0.001833,-0.001222,0.000000,1.145000,-30.853001,-35.666000,-179.354,-1.721,0.379,,,,,,,,2026-09-13 03:13:19.550
91099.2,-0.067038,0.280122,9.852140,-0.064148,0.294219,9.802026,0.001222,-0.000611,-0.000611,0.284000,-29.756001,-36.636002,-179.353,-1.719,0.375,,,,,,,,2026-09-13 03:13:19.646
91203.2,-0.062249,0.268151,9.830592,-0.064531,0.294850,9.802005,0.001833,0.003054,0.000611,0.570000,-30.816002,-35.446003,-179.355,-1.723,0.377,,,,,,,,2026-09-13 03:13:19.750
91299.2,-0.057461,0.270545,9.797073,-0.064493,0.295345,9.801990,-0.000611,-0.001222,0.001222,0.363000,-30.469002,-35.230003,-179.356,-1.726,0.377,,,,,,,,2026-09-13 03:13:19.846
91403.3,-0.035913,0.294487,9.797073,-0.064150,0.295874,9.801976,0.001222,-0.001222,-0.000611,-0.152000,-31.250002,-35.331001,-179.359,-1.729,0.375,,,,,,,,2026-09-13 03:13:19.950
91499.3,-0.057461,0.294487,9.622296,-0.063447,0.296333,9.801967,-0.001833,0.002443,0.000000,-0.325000,-30.526001,-33.822002,-179.587,-1.732,0.371,,,,,,,,2026-09-13 03:13:20.046
91603.3,-0.040701,0.280122,9.758766,-0.063974,0.296489,9.801958,0.000000,0.000000,0.001222,0.873000,-29.866001,-34.372002,-179.769,-1.733,0.374,,,,,,,,2026-09-13 03:13:20.150
91699.3,-0.050278,0.294487,9.785102,-0.063620,0.297131,9.801941,-0.003054,-0.002443,0.000000,-0.257000,-31.164001,-34.575001,-179.673,-1.736,0.372,,,,,,,,2026-09-13 03:13:20.246
91803.4,-0.047884,0.260968,9.806650,-0.064551,0.296062,9.801968,0.004276,0.004276,-0.000611,-1.049000,-30.875002,-34.571003,-179.796,-1.730,0.377,,,,,,,,2026-09-13 03:13:20.350
91899.4,-0.055067,0.280122,9.761160,-0.065119,0.296766,9.801943,-0.000611,0.000611,0.000000,0.341000,-30.662001,-36.525002,-179.796,-1.734,0.381,,,,,,,,2026-09-13 03:13:20.446
92003.4,-0.028730,0.294487,9.777920,-0.064640,0.297412,9.801926,0.000611,-0.001222,0.002443,0.743000,-30.062002,-34.479000,-179.598,-1.738,0.378,,,,,,,,2026-09-13 03:13:20.550
92099.5,-0.052672,0.289698,9.813833,-0.064729,0.297628,9.801919,0.000611,0.003054,-0.002443,-1.063000,-32.710003,-35.643002,-179.671,-1.739,0.378,,,,,,,,2026-09-13 03:13:20.646
92203.5,-0.043096,0.287304,9.713276,-0.065589,0.297527,9.801916,-0.000611,0.000000,0.001833,1.428000,-30.095001,-35.671001,-179.670,-1.739,0.383,,,,,,,,2026-09-13 03:13:20.750
92299.6,-0.057461,0.284910,9.780313,-0.064579,0.297301,9.801929,0.001222,-0.000611,0.001222,0.672000,-31.162001,-34.150002,-179.577,-1.737,0.377,,,,,,,,2026-09-13 03:13:20.846
92395.6,-0.050278,0.299275,9.775525,-0.064931,0.297221,9.801929,0.000611,-0.000611,0.000000,-0.548000,-30.367001,-34.037003,-179.579,-1.737,0.380,,,,,,,,2026-09-13 03:13:20.942
92499.6,-0.047884,0.282516,9.816227,-0.064561,0.297230,9.801932,0.000611,0.000611,0.000611,-0.035000,-31.323002,-34.360001,-179.581,-1.737,0.377,,,,,,,,2026-09-13 03:13:21.046
92603.7,-0.057461,0.292093,9.782708,-0.065416,0.297249,9.801926,0.001833,0.001833,0.001222,0.471000,-30.637001,-34.690002,-179.581,-1.737,0.382,,,,,,,,2026-09-13 03:13:21.150
92699.7,-0.062249,0.296881,9.797073,-0.065376,0.297537,9.801917,0.001222,-0.001222,-0.001222,0.597000,-30.446001,-35.124001,-179.582,-1.739,0.382,,,,,,,,2026-09-13 03:13:21.246
92803.8,-0.045490,0.265756,9.806650,-0.065577,0.297368,9.801922,0.001222,0.001222,-0.001833,0.123000,-30.756001,-33.716003,-179.584,-1.738,0.383,,,,,,,,2026-09-13 03:13:21.350
92899.8,-0.055067,0.287304,9.821015,-0.065303,0.297742,9.801911,0.002443,0.003665,-0.000611,-1.560000,-29.744001,-35.544003,-179.586,-1.740,0.382,,,,,,,,2026-09-13 03:13:21.446
93003.9,-0.040701,0.294487,9.823410,-0.066206,0.297896,9.801901,0.000000,-0.003054,0.001833,0.564000,-29.258001,-34.589001,-179.587,-1.741,0.387,,,,,,,,2026-09-13 03:13:21.550
93099.9,-0.028730,0.277727,9.832987,-0.065731,0.298003,9.801901,0.001222,-0.000611,0.001833,0.772000,-31.082001,-37.174004,-179.589,-1.741,0.384,,,,,,,,2026-09-13 03:13:21.646
93204.0,-0.062249,0.296881,9.792285,-0.065971,0.298378,9.801888,0.001833,0.003054,-0.000611,-0.186000,-30.064001,-34.904003,-179.592,-1.744,0.386,,,,,,,,2026-09-13 03:13:21.751
93300.0,-0.071826,0.306458,9.794679,-0.066014,0.299183,9.801863,-0.000611,0.000000,0.000000,0.220000,-30.763002,-36.200001,-179.575,-1.748,0.386,,,,,,,,2026-09-13 03:13:21.847
93404.1,-0.035913,0.260968,9.811439,-0.065276,0.298547,9.801888,-0.000611,-0.000611,0.000000,-1.768000,-31.220001,-34.673000,-179.573,-1.745,0.382,,,,,,,,2026-09-13 03:13:21.951
93500.1,-0.064643,0.282516,9.811439,-0.064205,0.298010,9.801910,0.001222,0.004276,0.001222,1.624000,-30.624001,-35.670002,-179.574,-1.741,0.375,,,,,,,,2026-09-13 03:13:22.047
93604.1,-0.067038,0.304064,9.720459,-0.065109,0.297650,9.801916,-0.003054,-0.001833,0.000611,0.433000,-31.277002,-34.148003,-179.603,-1.739,0.381,,,,,,,,2026-09-13 03:13:22.151
93700.1,-0.026336,0.277727,9.830592,-0.065364,0.297406,9.801922,-0.001833,-0.003665,0.000611,-0.160000,-31.344002,-35.547001,179.960,-1.738,0.382,,,,,,,,2026-09-13 03:13:22.247
93804.1,-0.071826,0.294487,9.806650,-0.065075,0.297135,9.801931,0.001222,0.001833,-0.000611,-0.504000,-29.636002,-34.688004,179.960,-1.736,0.380,,,,,,,,2026-09-13 03:13:22.351
93900.1,-0.059855,0.299275,9.797073,-0.064155,0.296776,9.801949,0.000611,0.000000,0.000000,0.375000,-30.371002,-34.367001,179.959,-1.734,0.375,,,,,,,,2026-09-13 03:13:22.447
94004.1,-0.067038,0.277727,9.813833,-0.063455,0.296509,9.801961,-0.001833,0.000611,-0.001222,0.888000,-29.507002,-35.562000,179.959,-1.733,0.371,,,,,,,,2026-09-13 03:13:22.551
94100.2,-0.043096,0.277727,9.809045,-0.063181,0.296558,9.801961,0.000000,-0.000611,0.000000,-0.117000,-30.872002,-33.930000,179.958,-1.733,0.369,,,,,,,,2026-09-13 03:13:22.647
94204.2,-0.050278,0.287304,9.804255,-0.063107,0.296051,9.801977,0.000000,-0.000611,0.000611,-0.644000,-31.749002,-34.570004,179.956,-1.730,0.369,,,,,,,,2026-09-13 03:13:22.751
94300.2,-0.067038,0.270545,9.837775,-0.062511,0.296047,9.801982,0.002443,0.001222,0.001833,0.085000,-31.136002,-35.441002,179.954,-1.730,0.365,,,,,,,,2026-09-13 03:13:22.847
94396.2,-0.067038,0.277727,9.799467,-0.062195,0.295269,9.802007,0.000611,0.000611,-0.000611,0.467000,-30.556002,-36.094002,179.953,-1.725,0.364,,,,,,,,2026-09-13 03:13:22.943
94500.3,-0.050278,0.292093,9.811439,-0.061528,0.295210,9.802012,0.001222,-0.001833,-0.000611,1.665000,-30.154001,-34.269001,179.952,-1.725,0.360,,,,,,,,2026-09-13 03:13:23.047
94596.2,-0.064643,0.287304,9.801862,-0.060979,0.294645,9.802033,0.000611,0.000000,-0.000611,0.700000,-30.533001,-36.096001,179.951,-1.722,0.356,,,,,,,,2026-09-13 03:13:23.143
94700.2,-0.057461,0.287304,9.794679,-0.060599,0.294408,9.802042,-0.000611,-0.000611,0.001222,0.380000,-30.367001,-33.827003,179.950,-1.720,0.354,,,,,,,,2026-09-13 03:13:23.247
94804.3,-0.043096,0.272939,9.734824,-0.060294,0.294051,9.802055,-0.001222,0.001222,0.000000,0.466000,-31.072002,-31.342001,179.964,-1.718,0.352,,,,,,,,2026-09-13 03:13:23.351
94900.3,-0.047884,0.282516,9.835381,-0.060908,0.294009,9.802052,-0.001833,0.003054,0.001222,1.471000,-29.451002,-35.566002,179.949,-1.718,0.356,,,,,,,,2026-09-13 03:13:23.447
95004.3,-0.057461,0.289698,9.797073,-0.061674,0.294330,9.802038,0.000611,-0.002443,0.000611,0.122000,-30.585001,-35.444000,-179.880,-1.720,0.360,,,,,,,,2026-09-13 03:13:23.551
95100.3,-0.038307,0.287304,9.799467,-0.061634,0.294464,9.802034,-0.003054,-0.003665,-0.000611,-0.262000,-29.519001,-34.366001,-179.882,-1.721,0.360,,,,,,,,2026-09-13 03:13:23.647
95204.3,-0.076614,0.277727,9.809045,-0.061319,0.294704,9.802030,0.002443,0.003054,0.000611,1.544000,-30.256001,-34.159000,-179.883,-1.722,0.358,,,,,,,,2026-09-13 03:13:23.751
95300.3,-0.055067,0.313640,9.787497,-0.061624,0.295128,9.802015,0.001833,0.001833,0.000611,0.356000,-30.647001,-34.474003,-179.886,-1.725,0.360,,,,,,,,2026-09-13 03:13:23.847
95404.4,-0.045490,0.277727,9.804255,-0.060997,0.295483,9.802008,-0.001222,-0.000611,0.000611,1.166000,-30.661001,-34.587002,-179.886,-1.727,0.357,,,,,,,,2026-09-13 03:13:23.951
95500.4,-0.040701,0.272939,9.825804,-0.061199,0.295918,9.801993,0.000611,0.003665,0.000611,0.424000,-31.285002,-35.335003,-179.888,-1.729,0.358,,,,,,,,2026-09-13 03:13:24.047
95604.4,-0.071826,0.296881,9.816227,-0.061570,0.296210,9.801982,0.001222,-0.000611,0.000611,-0.229000,-30.707001,-34.901001,-179.891,-1.731,0.360,,,,,,,,2026-09-13 03:13:24.151
95700.4,-0.050278,0.275333,9.821015,-0.061394,0.296190,9.801984,-0.001222,-0.001833,0.001833,0.874000,-30.036001,-32.536003,-179.893,-1.731,0.359,,,,,,,,2026-09-13 03:13:24.247
95804.4,-0.069432,0.287304,9.811439,-0.061562,0.296178,9.801983,0.001222,-0.000611,-0.001222,-0.488000,-31.098001,-35.006001,-179.893,-1.731,0.360,,,,,,,,2026-09-13 03:13:24.351
95900.4,-0.043096,0.299275,9.804255,-0.061109,0.296418,9.801979,-0.001222,-0.000611,0.000611,-0.452000,-30.547001,-35.116001,-179.895,-1.732,0.357,,,,,,,,2026-09-13 03:13:24.447
96004.4,-0.071826,0.277727,9.816227,-0.060982,0.296387,9.801980,0.001222,0.004276,0.000611,-0.159000,-31.428001,-34.575001,-179.897,-1.732,0.356,,,,,,,,2026-09-13 03:13:24.551
96100.4,-0.059855,0.282516,9.806650,-0.061401,0.296510,9.801974,0.000611,0.000611,0.002443,1.454000,-29.553001,-36.969002,-179.880,-1.733,0.359,,,,,,,,2026-09-13 03:13:24.647
96196.4,-0.059855,0.292093,9.821015,-0.061256,0.295905,9.801994,-0.002443,-0.003054,0.001222,-0.985000,-31.689001,-34.244003,-179.885,-1.729,0.358,,,,,,,,2026-09-13 03:13:24.743
96300.4,-0.047884,0.268151,9.840169,-0.061125,0.295251,9.802013,0.001833,0.004887,0.000611,-0.700000,-30.584002,-37.058002,-179.888,-1.725,0.357,,,,,,,,2026-09-13 03:13:24.847
96396.4,-0.076614,0.289698,9.821015,-0.061837,0.294967,9.802018,0.002443,0.001833,0.001222,-0.270000,-29.528002,-35.446003,-179.889,-1.724,0.361,,,,,,,,2026-09-13 03:13:24.943
96500.4,-0.038307,0.292093,9.799467,-0.062200,0.294927,9.802016,-0.001833,-0.002443,-0.000611,1.400000,-30.466002,-36.101002,-179.891,-1.723,0.364,,,,,,,,2026-09-13 03:13:25.047
96604.5,-0.067038,0.270545,9.825804,-0.061654,0.294437,9.802034,0.003054,0.003665,0.000000,0.249000,-30.392002,-35.662003,-179.892,-1.721,0.360,,,,,,,,2026-09-13 03:13:25.151
96700.5,-0.050278,0.292093,9.787497,-0.062376,0.294659,9.802024,0.000000,0.001833,0.000000,0.593000,-30.535002,-34.800003,-179.893,-1.722,0.365,,,,,,,,2026-09-13 03:13:25.247
96804.6,-0.035913,0.284910,9.811439,-0.062371,0.294085,9.802041,-0.001222,-0.001222,0.001222,-1.093000,-31.519001,-34.676003,-179.891,-1.718,0.365,,,,,,,,2026-09-13 03:13:25.351
96900.7,-0.045490,0.265756,9.825804,-0.062397,0.293867,9.802048,0.001222,0.002443,-0.001222,0.775000,-29.343002,-36.641003,-179.894,-1.717,0.365,,,,,,,,2026-09-13 03:13:25.447
97004.8,-0.067038,0.287304,9.782708,-0.062863,0.293757,9.802049,0.000000,0.000611,-0.001222,-0.676000,-30.647001,-33.171001,-179.876,-1.717,0.367,,,,,,,,2026-09-13 03:13:25.551
97100.8,-0.050278,0.289698,9.801862,-0.063456,0.293859,9.802041,-0.000611,-0.001833,0.000000,0.300000,-29.655001,-35.449001,-179.876,-1.717,0.371,,,,,,,,2026-09-13 03:13:25.647
97196.9,-0.035913,0.277727,9.818622,-0.063060,0.293424,9.802057,-0.000611,0.000611,0.000611,1.065000,-28.663002,-34.811001,-179.941,-1.715,0.369,,,,,,,,2026-09-13 03:13:25.743
97300.9,-0.057461,0.294487,9.809045,-0.063450,0.293355,9.802055,-0.000611,0.001833,-0.000611,0.589000,-28.890001,-34.483002,-179.943,-1.714,0.371,,,,,,,,2026-09-13 03:13:25.847
97404.9,-0.059855,0.280122,9.818622,-0.063081,0.293171,9.802064,0.001833,0.002443,0.000611,0.841000,-30.155001,-36.098003,-179.943,-1.713,0.369,,,,,,,,2026-09-13 03:13:25.951
97500.9,-0.055067,0.275333,9.811439,-0.063538,0.293048,9.802065,0.000000,0.000000,0.002443,1.276000,-30.484001,-37.072002,-179.945,-1.712,0.371,,,,,,,,2026-09-13 03:13:26.047
97604.9,-0.040701,0.294487,9.799467,-0.063054,0.292847,9.802073,-0.001222,-0.001833,0.000611,0.128000,-30.579002,-34.580002,-179.948,-1.711,0.369,,,,,,,,2026-09-13 03:13:26.151
97700.9,-0.035913,0.277727,9.818622,-0.063307,0.292388,9.802086,0.001222,0.001222,0.000000,-0.505000,-31.373001,-34.897003,-179.948,-1.709,0.370,,,,,,,,2026-09-13 03:13:26.247
97797.0,-0.062249,0.287304,9.806650,-0.063133,0.291904,9.802101,0.000611,0.000611,0.000611,1.296000,-30.292002,-35.993000,-179.950,-1.706,0.369,,,,,,,,2026-09-13 03:13:26.344
97901.1,-0.043096,0.280122,9.785102,-0.063037,0.291843,9.802104,-0.001222,-0.002443,-0.000611,0.482000,-32.276001,-34.144001,-179.953,-1.705,0.368,,,,,,,,2026-09-13 03:13:26.448
97997.1,-0.033519,0.301669,9.816227,-0.062813,0.291326,9.802121,0.000000,0.001222,0.000000,-0.907000,-30.495001,-34.358002,-179.953,-1.702,0.367,,,,,,,,2026-09-13 03:13:26.544
98101.1,-0.083797,0.280122,9.782708,-0.063552,0.292065,9.802094,0.001222,0.004276,-0.001222,0.249000,-30.392002,-35.662003,-179.976,-1.707,0.371,,,,,,,,2026-09-13 03:13:26.648
98197.2,-0.050278,0.289698,9.809045,-0.063844,0.292194,9.802089,-0.000611,-0.001222,-0.000611,-0.161000,-31.516001,-34.035000,-179.976,-1.707,0.373,,,,,,,,2026-09-13 03:13:26.744
98301.3,-0.038307,0.294487,9.809045,-0.063751,0.292532,9.802078,0.001833,0.004276,0.000000,1.499000,-30.815001,-35.128002,-179.976,-1.709,0.373,,,,,,,,2026-09-13 03:13:26.848
98405.4,-0.057461,0.277727,9.811439,-0.063995,0.293222,9.802056,0.000000,0.000000,0.000000,-0.269000,-29.526001,-35.230003,-179.978,-1.713,0.374,,,,,,,,2026-09-13 03:13:26.952
98501.4,-0.059855,0.289698,9.785102,-0.064058,0.292785,9.802069,-0.002443,-0.001222,0.000611,-0.809000,-30.502001,-36.842003,-179.977,-1.711,0.374,,,,,,,,2026-09-13 03:13:27.048
98597.5,-0.028730,0.325611,9.873688,-0.063691,0.292495,9.802080,0.000000,-0.000611,0.001833,0.049000,-31.773001,-34.575001,-179.979,-1.709,0.372,,,,,,,,2026-09-13 03:13:27.144
98701.6,-0.067038,0.280122,9.797073,-0.064275,0.292086,9.802089,-0.000611,0.000611,0.000611,0.451000,-29.008001,-36.532001,-179.988,-1.707,0.376,,,,,,,,2026-09-13 03:13:27.248
98797.7,-0.047884,0.294487,9.787497,-0.064190,0.291882,9.802095,0.000000,0.001222,0.001222,0.298000,-31.306002,-36.522003,-179.990,-1.706,0.375,,,,,,,,2026-09-13 03:13:27.344
98901.8,-0.052672,0.296881,9.792285,-0.065012,0.292069,9.802084,0.000000,0.003054,0.000611,0.371000,-30.461002,-34.151001,-179.991,-1.707,0.380,,,,,,,,2026-09-13 03:13:27.448
98997.9,-0.035913,0.268151,9.840169,-0.065311,0.291590,9.802096,-0.001222,0.000000,0.000000,0.130000,-30.577002,-34.364002,-179.996,-1.704,0.382,,,,,,,,2026-09-13 03:13:27.544
99102.0,-0.071826,0.284910,9.821015,-0.065516,0.291465,9.802098,0.002443,0.004276,0.001833,0.885000,-29.424002,-36.749001,-179.896,-1.703,0.383,,,,,,,,2026-09-13 03:13:27.649
99198.1,-0.055067,0.292093,9.775525,-0.065515,0.291367,9.802102,0.000611,0.003054,0.000611,0.475000,-30.462002,-35.879002,-179.871,-1.703,0.383,,,,,,,,2026-09-13 03:13:27.745
99302.2,-0.059855,0.277727,9.813833,-0.065613,0.291248,9.802105,-0.000611,-0.001833,0.000000,0.974000,-30.042002,-34.804001,-179.871,-1.702,0.384,,,,,,,,2026-09-13 03:13:27.849
99398.3,-0.033519,0.287304,9.804255,-0.065491,0.290725,9.802121,0.001833,0.002443,-0.001222,1.410000,-30.456001,-34.805000,-179.871,-1.699,0.383,,,,,,,,2026-09-13 03:13:27.945
99502.3,-0.081403,0.311246,9.811439,-0.065810,0.291348,9.802101,0.001833,0.002443,-0.000611,0.414000,-29.818001,-34.154003,-179.873,-1.702,0.385,,,,,,,,2026-09-13 03:13:28.049
99598.4,-0.035913,0.282516,9.811439,-0.065784,0.290922,9.802114,-0.000611,-0.003054,-0.000611,0.929000,-30.944002,-32.641003,-179.876,-1.700,0.385,,,,,,,,2026-09-13 03:13:28.145
99702.5,-0.055067,0.294487,9.809045,-0.065019,0.290878,9.802120,0.001222,0.002443,-0.001222,0.298000,-31.477001,-34.902000,-179.878,-1.700,0.380,,,,,,,,2026-09-13 03:13:28.249
99798.5,-0.055067,0.294487,9.818622,-0.065395,0.291941,9.802086,0.002443,0.003054,0.000000,0.626000,-29.901001,-36.098003,-179.880,-1.706,0.382,,,,,,,,2026-09-13 03:13:28.345
99902.6,-0.057461,0.280122,9.794679,-0.065293,0.292658,9.802065,-0.001833,-0.003054,0.000611,-0.480000,-29.355001,-33.934002,-179.880,-1.710,0.382,,,,,,,,2026-09-13 03:13:28.449
99998.6,-0.028730,0.282516,9.828198,-0.065100,0.293077,9.802054,-0.000611,-0.001222,0.001222,-0.287000,-31.279001,-37.706001,-179.880,-1.713,0.381,,,,,,,,2026-09-13 03:13:28.545
100102.7,-0.081403,0.275333,9.811439,-0.064979,0.292978,9.802057,0.000000,0.001833,-0.000611,-0.549000,-30.110001,-36.521000,-179.882,-1.712,0.380,,,,,,,,2026-09-13 03:13:28.649
100198.7,-0.038307,0.306458,9.811439,-0.065238,0.293216,9.802049,0.000000,0.000000,0.000611,0.687000,-30.890001,-34.583000,-179.883,-1.713,0.381,,,,,,,,2026-09-13 03:13:28.745
100302.8,-0.062249,0.296881,9.809045,-0.064497,0.293919,9.802032,0.000000,0.002443,0.000611,0.106000,-30.944002,-34.363003,-179.885,-1.717,0.377,,,,,,,,2026-09-13 03:13:28.849
100398.8,-0.045490,0.289698,9.813833,-0.064964,0.294034,9.802026,0.001222,-0.000611,0.001222,0.504000,-30.175001,-34.369003,-179.885,-1.718,0.380,,,,,,,,2026-09-13 03:13:28.945
100502.9,-0.062249,0.272939,9.821015,-0.064709,0.294382,9.802016,0.000000,0.001222,0.000000,-0.203000,-30.251001,-35.443001,-179.869,-1.720,0.378,,,,,,,,2026-09-13 03:13:29.049
100599.0,-0.055067,0.294487,9.806650,-0.064932,0.294503,9.802012,-0.000611,0.001833,0.001833,-0.518000,-31.471001,-35.760002,-179.870,-1.721,0.380,,,,,,,,2026-09-13 03:13:29.146
100703.0,-0.055067,0.294487,9.823410,-0.064624,0.294637,9.802011,0.000611,0.000000,0.002443,0.161000,-29.860001,-36.743000,-179.873,-1.722,0.378,,,,,,,,2026-09-13 03:13:29.250
100799.1,-0.028730,0.275333,9.792285,-0.064729,0.294803,9.802005,0.000611,0.000611,0.000611,0.291000,-31.485001,-35.873001,-179.873,-1.723,0.378,,,,,,,,2026-09-13 03:13:29.346
100903.1,-0.081403,0.282516,9.789890,-0.064825,0.295853,9.801972,-0.000611,0.000611,0.000000,-0.810000,-30.761002,-34.573002,-179.977,-1.729,0.379,,,,,,,,2026-09-13 03:13:29.450
100999.1,-0.050278,0.316035,9.842564,-0.065326,0.296284,9.801956,0.001222,-0.002443,0.001222,0.782000,-29.423002,-35.021000,-179.846,-1.731,0.382,,,,,,,,2026-09-13 03:13:29.546
101103.2,-0.081403,0.260968,9.935937,-0.064320,0.295942,9.801972,0.003665,0.007941,-0.000611,-0.580000,-29.178001,-33.394001,-179.947,-1.729,0.376,,,,,,,,2026-09-13 03:13:29.650
101199.2,-0.062249,0.292093,9.756371,-0.065430,0.296283,9.801955,0.002443,0.003054,0.000000,1.028000,-30.693001,-37.393002,-179.810,-1.731,0.382,,,,,,,,2026-09-13 03:13:29.746
101303.3,-0.052672,0.294487,9.789890,-0.064788,0.296325,9.801958,-0.001222,-0.003665,-0.000611,0.791000,-31.148001,-33.827003,-179.810,-1.732,0.379,,,,,,,,2026-09-13 03:13:29.850
101399.3,-0.038307,0.268151,9.852140,-0.064646,0.296718,9.801947,0.000000,0.000000,0.001833,0.417000,-29.729002,-34.586002,-179.810,-1.734,0.378,,,,,,,,2026-09-13 03:13:29.946
101503.4,-0.071826,0.296881,9.794679,-0.064702,0.296734,9.801946,0.001222,0.002443,0.000000,-0.403000,-29.898001,-34.364002,-179.810,-1.734,0.378,,,,,,,,2026-09-13 03:13:30.050
101599.4,-0.052672,0.299275,9.794679,-0.065345,0.297146,9.801929,0.000611,-0.002443,0.001222,0.426000,-29.720001,-33.398003,-179.810,-1.736,0.382,,,,,,,,2026-09-13 03:13:30.146
101703.4,-0.050278,0.272939,9.852140,-0.064334,0.296569,9.801953,0.001833,0.002443,0.000000,1.183000,-30.472002,-33.940002,-179.813,-1.733,0.376,,,,,,,,2026-09-13 03:13:30.250
101799.5,-0.067038,0.296881,9.816227,-0.064722,0.296649,9.801949,0.001222,0.001222,-0.000611,0.149000,-30.387001,-33.502003,-179.812,-1.733,0.378,,,,,,,,2026-09-13 03:13:30.346
101903.5,-0.057461,0.301669,9.859323,-0.064042,0.296741,9.801950,0.001222,-0.001222,0.000000,0.061000,-31.504002,-35.440002,-179.815,-1.734,0.374,,,,,,,,2026-09-13 03:13:30.450
101999.5,-0.050278,0.277727,9.811439,-0.064274,0.296840,9.801946,0.000611,0.000611,0.000000,0.723000,-30.253002,-35.449001,-179.812,-1.735,0.376,,,,,,,,2026-09-13 03:13:30.546
102103.5,-0.064643,0.287304,9.806650,-0.064156,0.297443,9.801929,0.001833,-0.000611,-0.000611,-0.321000,-30.264002,-35.658001,-179.815,-1.738,0.375,,,,,,,,2026-09-13 03:13:30.650
102199.5,-0.040701,0.292093,9.835381,-0.064053,0.298393,9.801900,-0.001222,0.001222,0.000611,1.054000,-30.495001,-35.559002,-179.622,-1.744,0.374,,,,,,,,2026-09-13 03:13:30.746
102303.5,-0.057461,0.277727,9.859323,-0.063391,0.297444,9.801933,0.001222,0.001833,0.000611,-1.445000,-31.641001,-34.134003,-179.624,-1.738,0.371,,,,,,,,2026-09-13 03:13:30.850
102399.5,-0.067038,0.280122,9.821015,-0.063619,0.297318,9.801935,-0.001833,-0.001833,0.003054,0.908000,-29.315001,-34.483002,-179.624,-1.737,0.372,,,,,,,,2026-09-13 03:13:30.946
102503.5,-0.059855,0.284910,9.816227,-0.063082,0.297214,9.801942,0.003054,0.003665,0.000611,-0.057000,-31.518002,-35.763000,-179.627,-1.737,0.369,,,,,,,,2026-09-13 03:13:31.050
102599.5,-0.064643,0.308852,9.797073,-0.063655,0.298080,9.801912,0.000000,0.003054,0.000000,1.177000,-30.392002,-35.560001,-179.628,-1.742,0.372,,,,,,,,2026-09-13 03:13:31.146
102703.5,-0.050278,0.299275,9.821015,-0.063435,0.298169,9.801910,0.000611,-0.004276,0.000611,-0.157000,-29.605001,-35.014000,-179.630,-1.742,0.371,,,,,,,,2026-09-13 03:13:31.250
102799.5,-0.043096,0.292093,9.806650,-0.063631,0.298552,9.801898,0.000000,0.000611,0.000000,-0.094000,-30.505001,-34.039001,-179.632,-1.745,0.372,,,,,,,,2026-09-13 03:13:31.346
102903.5,-0.069432,0.275333,9.818622,-0.063706,0.298528,9.801898,0.000000,0.001222,0.000611,1.481000,-31.004002,-35.883003,-179.633,-1.744,0.372,,,,,,,,2026-09-13 03:13:31.450
102999.5,-0.069432,0.287304,9.811439,-0.063995,0.298652,9.801892,-0.000611,-0.002443,0.002443,-0.126000,-30.881001,-35.117001,-179.633,-1.745,0.374,,,,,,,,2026-09-13 03:13:31.546
103103.5,-0.021548,0.294487,9.811439,-0.063257,0.298437,9.801904,0.001222,0.001833,0.001222,0.161000,-30.203001,-33.503002,-179.636,-1.744,0.370,,,,,,,,2026-09-13 03:13:31.650
103199.5,-0.071826,0.292093,9.811439,-0.063497,0.298607,9.801897,0.001833,0.002443,0.001222,0.437000,-31.186001,-34.364002,-179.637,-1.745,0.371,,,,,,,,2026-09-13 03:13:31.746
103303.6,-0.043096,0.306458,9.804255,-0.063077,0.298998,9.801888,0.000000,-0.002443,0.000000,-0.594000,-31.099001,-33.710003,-179.638,-1.747,0.369,,,,,,,,2026-09-13 03:13:31.850
103399.6,-0.040701,0.289698,9.801862,-0.062826,0.299213,9.801884,0.000000,-0.000611,0.000000,-0.226000,-30.532001,-36.090000,-179.637,-1.748,0.367,,,,,,,,2026-09-13 03:13:31.946
103503.7,-0.067038,0.277727,9.806650,-0.062580,0.299459,9.801877,0.000611,0.001222,0.000000,-0.573000,-30.735001,-34.143002,-179.637,-1.750,0.366,,,,,,,,2026-09-13 03:13:32.050
103599.8,-0.083797,0.272939,9.708488,-0.062877,0.299463,9.801875,0.000611,0.001222,-0.000611,0.110000,-30.768002,-35.335003,-179.659,-1.750,0.368,,,,,,,,2026-09-13 03:13:32.146
103703.9,-0.021548,0.277727,9.801862,-0.062621,0.299770,9.801867,0.001222,-0.001833,0.000000,-1.338000,-29.904001,-35.329002,-179.689,-1.752,0.366,,,,,,,,2026-09-13 03:13:32.250
103800.0,-0.043096,0.282516,9.696517,-0.061993,0.299833,9.801869,-0.000611,-0.001833,-0.000611,0.810000,-30.786001,-34.584003,-179.693,-1.752,0.362,,,,,,,,2026-09-13 03:13:32.347
103904.0,-0.011971,0.289698,9.701305,-0.061758,0.298807,9.801902,0.001833,0.003054,-0.001222,0.699000,-30.792002,-33.828003,-179.615,-1.746,0.361,,,,,,,,2026-09-13 03:13:32.451
104000.1,-0.052672,0.270545,9.785102,-0.062248,0.298239,9.801917,0.001833,0.001222,-0.001222,1.883000,-30.061001,-37.185001,-179.284,-1.743,0.364,,,,,,,,2026-09-13 03:13:32.547
104096.1,-0.043096,0.280122,9.811439,-0.061963,0.298088,9.801923,-0.001222,-0.001833,0.000000,-0.190000,-30.067001,-35.336002,-179.164,-1.742,0.362,,,,,,,,2026-09-13 03:13:32.643
104200.2,-0.059855,0.296881,9.828198,-0.061432,0.297634,9.801940,0.000611,0.000611,-0.000611,0.593000,-30.707001,-33.287003,-179.165,-1.739,0.359,,,,,,,,2026-09-13 03:13:32.747
104296.2,-0.050278,0.284910,9.823410,-0.061642,0.297474,9.801944,0.001222,0.001222,0.000611,0.608000,-31.826002,-36.954002,-179.166,-1.738,0.360,,,,,,,,2026-09-13 03:13:32.843
104400.3,-0.064643,0.277727,9.806650,-0.061519,0.297936,9.801930,-0.001222,-0.001222,-0.001222,-0.016000,-31.048002,-34.362003,-179.168,-1.741,0.360,,,,,,,,2026-09-13 03:13:32.947
104504.3,-0.031125,0.289698,9.828198,-0.061966,0.298116,9.801922,0.001833,0.001222,0.001222,0.754000,-31.528002,-35.444000,-179.169,-1.742,0.362,,,,,,,,2026-09-13 03:13:33.051
104592.3,-0.057461,0.301669,9.806650,-0.062056,0.298128,9.801922,0.003054,0.004276,0.000611,0.734000,-31.634001,-37.387001,-179.171,-1.742,0.363,,,,,,,,2026-09-13 03:13:33.139
104696.3,-0.043096,0.280122,9.816227,-0.063203,0.299233,9.801880,0.002443,-0.001222,0.000000,1.131000,-29.475002,-34.268002,-179.171,-1.749,0.369,,,,,,,,2026-09-13 03:13:33.243
104800.4,-0.062249,0.299275,9.813833,-0.062699,0.299508,9.801874,-0.000611,0.000611,0.000611,0.340000,-30.920002,-34.149002,-179.175,-1.750,0.366,,,,,,,,2026-09-13 03:13:33.347
104904.4,-0.055067,0.282516,9.813833,-0.063082,0.299722,9.801866,0.002443,0.004276,0.000000,-1.655000,-31.211002,-35.106003,-179.178,-1.751,0.369,,,,,,,,2026-09-13 03:13:33.451
105000.4,-0.083797,0.292093,9.797073,-0.063484,0.300398,9.801843,0.000000,-0.001222,0.001222,-0.368000,-30.912001,-36.195004,-179.179,-1.755,0.371,,,,,,,,2026-09-13 03:13:33.547
105104.4,-0.026336,0.301669,9.804255,-0.063710,0.300694,9.801832,0.000611,-0.001222,-0.000611,-0.640000,-31.745001,-34.031002,-179.181,-1.757,0.372,,,,,,,,2026-09-13 03:13:33.651
105200.4,-0.069432,0.289698,9.818622,-0.063487,0.301030,9.801824,0.002443,0.001222,-0.000611,0.145000,-30.476002,-33.177002,-179.183,-1.759,0.371,,,,,,,,2026-09-13 03:13:33.747
105304.5,-0.038307,0.292093,9.792285,-0.063211,0.300539,9.801840,0.000000,0.001833,-0.001833,-1.393000,-32.724003,-33.050003,-179.186,-1.756,0.369,,,,,,,,2026-09-13 03:13:33.851
105400.5,-0.069432,0.304064,9.792285,-0.062858,0.300030,9.801858,0.001222,0.001222,0.000000,0.575000,-30.639002,-36.418003,-179.159,-1.753,0.367,,,,,,,,2026-09-13 03:13:33.947
105504.6,-0.035913,0.260968,9.797073,-0.063582,0.300041,9.801853,0.000000,0.000000,0.000000,0.767000,-31.343002,-35.337002,-179.160,-1.753,0.372,,,,,,,,2026-09-13 03:13:34.051
105600.6,-0.074220,0.275333,9.816227,-0.063459,0.299243,9.801878,0.000000,0.001833,-0.001222,-0.634000,-31.653002,-34.031002,-179.163,-1.749,0.371,,,,,,,,2026-09-13 03:13:34.147
105704.6,-0.050278,0.287304,9.801862,-0.063988,0.299109,9.801879,0.000000,0.000611,0.001222,0.639000,-30.061001,-32.859001,-179.162,-1.748,0.374,,,,,,,,2026-09-13 03:13:34.251
105800.7,-0.062249,0.282516,9.799467,-0.063908,0.298891,9.801886,0.000000,-0.002443,0.000000,1.157000,-29.192001,-33.297001,-179.165,-1.747,0.374,,,,,,,,2026-09-13 03:13:34.347
105904.8,-0.016759,0.287304,9.773131,-0.063825,0.298972,9.801884,0.003054,0.000611,0.000000,0.637000,-29.891001,-34.695004,-179.164,-1.747,0.373,,,,,,,,2026-09-13 03:13:34.451
106000.8,-0.071826,0.296881,9.804255,-0.062851,0.299248,9.801882,0.001833,0.003665,-0.000611,1.538000,-30.347002,-34.051003,-179.166,-1.749,0.367,,,,,,,,2026-09-13 03:13:34.547
106104.9,-0.045490,0.280122,9.797073,-0.063672,0.299441,9.801870,0.000611,-0.002443,0.001833,-0.056000,-29.781002,-35.554001,-179.168,-1.750,0.372,,,,,,,,2026-09-13 03:13:34.651
106201.0,-0.050278,0.292093,9.806650,-0.062740,0.299256,9.801882,0.000611,0.000000,-0.000611,0.868000,-29.698002,-36.532001,-179.171,-1.749,0.367,,,,,,,,2026-09-13 03:13:34.748
106305.0,-0.055067,0.292093,9.782708,-0.062827,0.298705,9.801899,-0.000611,0.002443,0.001222,-0.098000,-30.252001,-37.063004,-179.171,-1.745,0.367,,,,,,,,2026-09-13 03:13:34.852
106401.1,-0.076614,0.287304,9.818622,-0.062672,0.299853,9.801864,0.001833,0.001222,0.000000,1.439000,-29.998001,-35.023003,-179.174,-1.752,0.366,,,,,,,,2026-09-13 03:13:34.948
106497.1,-0.035913,0.277727,9.811439,-0.063211,0.300373,9.801846,0.000611,-0.000611,-0.000611,0.411000,-31.470001,-35.442001,-179.174,-1.755,0.369,,,,,,,,2026-09-13 03:13:35.044
106601.2,-0.052672,0.292093,9.821015,-0.062336,0.300791,9.801838,0.003054,0.000000,0.001222,1.510000,-30.547001,-36.209003,-179.174,-1.758,0.364,,,,,,,,2026-09-13 03:13:35.148
106705.2,-0.052672,0.284910,9.785102,-0.063019,0.301023,9.801826,0.001222,0.000611,-0.000611,-0.464000,-30.731001,-35.116001,-179.175,-1.759,0.368,,,,,,,,2026-09-13 03:13:35.252
106801.2,-0.057461,0.289698,9.811439,-0.062167,0.301082,9.801830,0.000000,0.000611,0.000000,0.997000,-31.410002,-35.015003,-179.178,-1.759,0.363,,,,,,,,2026-09-13 03:13:35.348
106905.3,-0.026336,0.275333,9.782708,-0.062633,0.301230,9.801823,0.000611,0.001833,0.000000,0.014000,-30.502001,-35.120003,-179.178,-1.760,0.366,,,,,,,,2026-09-13 03:13:35.452
107001.3,-0.062249,0.268151,9.864111,-0.062155,0.301918,9.801805,0.002443,0.000611,0.000000,2.853000,-29.762001,-33.846001,-179.131,-1.764,0.363,,,,,,,,2026-09-13 03:13:35.548
107105.3,-0.067038,0.306458,9.777920,-0.062286,0.302031,9.801801,0.003665,0.000611,0.001222,0.067000,-31.497002,-34.576000,-178.650,-1.765,0.364,,,,,,,,2026-09-13 03:13:35.652
107201.4,-0.059855,0.263362,9.830592,-0.062498,0.301995,9.801800,-0.003665,0.001222,-0.000611,1.154000,-30.672001,-36.098003,-178.773,-1.765,0.365,,,,,,,,2026-09-13 03:13:35.748
107305.5,-0.035913,0.292093,9.789890,-0.062097,0.301076,9.801831,-0.000611,0.003054,0.000000,-0.091000,-30.331001,-35.336002,-178.783,-1.759,0.363,,,,,,,,2026-09-13 03:13:35.852
107401.6,-0.062249,0.296881,9.823410,-0.061642,0.300802,9.801842,0.000611,0.003665,0.001222,1.557000,-29.985001,-34.808002,-178.786,-1.758,0.360,,,,,,,,2026-09-13 03:13:35.948
107505.6,-0.047884,0.284910,9.794679,-0.062637,0.300754,9.801837,0.000611,-0.001222,-0.000611,0.993000,-31.500002,-34.690002,-178.788,-1.757,0.366,,,,,,,,2026-09-13 03:13:36.052
107601.7,-0.038307,0.265756,9.830592,-0.061682,0.300561,9.801849,-0.001222,-0.001222,0.000611,0.539000,-31.104002,-37.172001,-178.790,-1.756,0.361,,,,,,,,2026-09-13 03:13:36.148
107697.8,-0.071826,0.282516,9.818622,-0.061429,0.300403,9.801856,0.000611,0.004276,0.000000,1.123000,-31.218002,-35.340000,-178.790,-1.755,0.359,,,,,,,,2026-09-13 03:13:36.244
107801.9,-0.057461,0.313640,9.799467,-0.062042,0.301269,9.801826,0.000000,0.000000,-0.001222,0.229000,-30.841002,-34.256001,-178.791,-1.760,0.363,,,,,,,,2026-09-13 03:13:36.348
107897.9,-0.045490,0.270545,9.768343,-0.062683,0.301286,9.801820,-0.001222,-0.001833,0.000000,-0.252000,-30.986002,-35.440002,-178.791,-1.761,0.366,,,,,,,,2026-09-13 03:13:36.444
108002.0,-0.055067,0.294487,9.809045,-0.062086,0.301270,9.801825,0.001833,0.003665,0.000000,0.124000,-30.583002,-35.120003,-178.795,-1.760,0.363,,,,,,,,2026-09-13 03:13:36.549
108098.1,-0.069432,0.301669,9.804255,-0.062775,0.301969,9.801799,0.001222,0.000611,0.002443,0.170000,-30.022001,-33.935001,-178.796,-1.765,0.367,,,,,,,,2026-09-13 03:13:36.645
108202.1,-0.035913,0.268151,9.792285,-0.062139,0.301530,9.801817,0.001222,-0.001222,-0.000611,2.337000,-30.371002,-35.568001,-178.781,-1.762,0.363,,,,,,,,2026-09-13 03:13:36.749
108306.2,-0.067038,0.299275,9.792285,-0.062677,0.301703,9.801807,0.002443,0.000611,0.000611,-0.973000,-29.942001,-32.632000,-178.780,-1.763,0.366,,,,,,,,2026-09-13 03:13:36.853
108402.2,-0.052672,0.292093,9.813833,-0.062370,0.301877,9.801804,0.001222,-0.001222,0.001222,-0.063000,-31.437002,-37.275002,-178.782,-1.764,0.365,,,,,,,,2026-09-13 03:13:36.949
108498.2,-0.057461,0.272939,9.823410,-0.062439,0.301944,9.801802,-0.000611,0.001222,0.000000,-0.352000,-30.638002,-36.520000,-178.782,-1.764,0.365,,,,,,,,2026-09-13 03:13:37.045
108602.3,-0.057461,0.301669,9.816227,-0.062412,0.301826,9.801805,0.000611,0.001222,0.000000,0.289000,-29.923002,-34.476002,-178.784,-1.764,0.365,,,,,,,,2026-09-13 03:13:37.149
108706.3,-0.050278,0.268151,9.825804,-0.062427,0.301900,9.801804,0.000000,0.001222,0.001222,-0.100000,-30.425001,-35.659000,-178.786,-1.764,0.365,,,,,,,,2026-09-13 03:13:37.253
108802.4,-0.050278,0.277727,9.837775,-0.061890,0.301641,9.801814,0.000611,0.002443,0.001222,1.665000,-30.068001,-35.133003,-178.786,-1.763,0.362,,,,,,,,2026-09-13 03:13:37.349
108898.5,-0.076614,0.301669,9.782708,-0.062826,0.301479,9.801814,0.000000,0.000611,-0.000611,1.654000,-30.251001,-35.024002,-178.789,-1.762,0.367,,,,,,,,2026-09-13 03:13:37.445
109002.5,-0.031125,0.277727,9.816227,-0.062489,0.301752,9.801807,0.001222,-0.002443,-0.001833,-0.112000,-30.695002,-34.794003,-178.790,-1.763,0.365,,,,,,,,2026-09-13 03:13:37.549
109098.6,-0.069432,0.265756,9.830592,-0.062400,0.301667,9.801811,0.002443,0.003054,0.000000,0.796000,-30.714001,-37.175003,-178.791,-1.763,0.365,,,,,,,,2026-09-13 03:13:37.645
109202.7,-0.047884,0.316035,9.797073,-0.063020,0.301027,9.801826,0.000000,-0.003054,-0.001222,0.834000,-30.419001,-34.586002,-178.793,-1.759,0.368,,,,,,,,2026-09-13 03:13:37.749
109298.7,-0.067038,0.289698,9.804255,-0.063014,0.300047,9.801856,-0.002443,-0.004276,0.000611,0.090000,-31.045002,-35.550003,-178.792,-1.753,0.368,,,,,,,,2026-09-13 03:13:37.845
109402.8,-0.047884,0.287304,9.806650,-0.062764,0.299279,9.801882,0.001833,0.004887,0.001833,-0.772000,-30.037001,-36.088001,-178.794,-1.749,0.367,,,,,,,,2026-09-13 03:13:37.949
109498.8,-0.086191,0.306458,9.806650,-0.062832,0.298982,9.801890,0.000611,0.001833,-0.000611,1.621000,-30.712002,-35.238003,-178.798,-1.747,0.367,,,,,,,,2026-09-13 03:13:38.045
109594.8,-0.031125,0.294487,9.792285,-0.063190,0.298806,9.801893,-0.000611,0.000000,0.001222,0.466000,-30.815001,-33.826000,-178.779,-1.746,0.369,,,,,,,,2026-09-13 03:13:38.141
109698.9,-0.059855,0.282516,9.864111,-0.062810,0.298270,9.801912,0.001222,0.001833,-0.001222,-0.697000,-30.667002,-35.870003,-178.783,-1.743,0.367,,,,,,,,2026-09-13 03:13:38.245
109803.0,-0.055067,0.301669,9.794679,-0.063235,0.297959,9.801918,0.001222,0.000000,-0.000611,-0.399000,-29.723001,-35.444000,-178.782,-1.741,0.370,,,,,,,,2026-09-13 03:13:38.350
109899.0,-0.059855,0.289698,9.813833,-0.063022,0.297971,9.801920,-0.001833,0.001833,0.001222,1.174000,-30.309002,-36.748001,-178.785,-1.741,0.368,,,,,,,,2026-09-13 03:13:38.446
110003.1,-0.038307,0.275333,9.806650,-0.063575,0.297142,9.801941,0.000000,0.000611,-0.000611,0.557000,-31.258001,-33.177002,-178.786,-1.736,0.372,,,,,,,,2026-09-13 03:13:38.550
110099.1,-0.083797,0.296881,9.777920,-0.063123,0.296481,9.801964,0.001222,0.002443,-0.000611,-1.006000,-30.231001,-34.466003,-178.787,-1.732,0.369,,,,,,,,2026-09-13 03:13:38.646
110203.2,-0.047884,0.265756,9.801862,-0.063689,0.296561,9.801958,0.000000,0.000611,0.000000,1.760000,-30.250002,-36.320004,-178.790,-1.733,0.372,,,,,,,,2026-09-13 03:13:38.750
110299.2,-0.083797,0.292093,9.818622,-0.063146,0.296006,9.801979,0.000000,0.001833,-0.001222,0.909000,-30.878002,-36.096001,-178.790,-1.730,0.369,,,,,,,,2026-09-13 03:13:38.846
110403.2,-0.021548,0.289698,9.797073,-0.062986,0.295316,9.802000,-0.000611,-0.001222,0.001222,0.133000,-30.488001,-34.797001,-178.790,-1.726,0.368,,,,,,,,2026-09-13 03:13:38.950
110499.2,-0.057461,0.284910,9.832987,-0.062417,0.294995,9.802013,0.001222,0.000000,0.000611,0.454000,-30.912001,-34.581001,-178.792,-1.724,0.365,,,,,,,,2026-09-13 03:13:39.046
110603.2,-0.057461,0.323217,9.864111,-0.063529,0.294842,9.802011,-0.001833,0.000000,0.000000,-0.786000,-30.566002,-33.063000,-178.792,-1.723,0.371,,,,,,,,2026-09-13 03:13:39.150
110699.3,-0.045490,0.306458,9.770737,-0.062751,0.295196,9.802005,0.000000,-0.003665,-0.001222,1.459000,-31.369001,-35.558002,-178.795,-1.725,0.367,,,,,,,,2026-09-13 03:13:39.246
110803.4,-0.050278,0.275333,9.830592,-0.062216,0.294613,9.802027,0.001833,0.002443,0.001833,1.182000,-30.301001,-35.668003,-178.796,-1.722,0.364,,,,,,,,2026-09-13 03:13:39.350
110899.4,-0.083797,0.308852,9.809045,-0.062069,0.294729,9.802024,0.000611,0.003665,0.000000,-0.080000,-30.063002,-36.309002,-178.798,-1.722,0.363,,,,,,,,2026-09-13 03:13:39.446
111003.4,-0.019154,0.284910,9.794679,-0.062383,0.294143,9.802039,-0.001833,-0.002443,0.000611,0.128000,-30.321001,-37.065002,-178.798,-1.719,0.365,,,,,,,,2026-09-13 03:13:39.550
111099.5,-0.055067,0.282516,9.844957,-0.062154,0.293826,9.802051,0.000000,0.000000,0.001833,-1.115000,-31.799002,-35.215000,-178.781,-1.717,0.363,,,,,,,,2026-09-13 03:13:39.646
111203.5,-0.059855,0.294487,9.792285,-0.063021,0.293098,9.802067,0.000611,0.000000,-0.000611,1.049000,-30.415001,-37.070004,-178.783,-1.713,0.368,,,,,,,,2026-09-13 03:13:39.750
111299.6,-0.064643,0.301669,9.809045,-0.062781,0.292925,9.802073,-0.002443,-0.001833,0.000611,1.220000,-29.749001,-35.563004,-178.785,-1.712,0.367,,,,,,,,2026-09-13 03:13:39.846
111403.6,-0.050278,0.272939,9.816227,-0.062914,0.292585,9.802083,0.000000,0.000611,0.000000,0.644000,-31.447002,-35.444000,-178.787,-1.710,0.368,,,,,,,,2026-09-13 03:13:39.950
111499.6,-0.064643,0.292093,9.797073,-0.062396,0.292697,9.802083,0.001222,0.001833,-0.000611,-0.122000,-30.705002,-36.198002,-178.788,-1.710,0.365,,,,,,,,2026-09-13 03:13:40.046
111595.6,-0.064643,0.296881,9.799467,-0.062875,0.292361,9.802090,-0.000611,-0.001222,0.001222,0.272000,-29.939001,-36.635002,-178.788,-1.708,0.368,,,,,,,,2026-09-13 03:13:40.142
111699.6,-0.050278,0.282516,9.811439,-0.062781,0.292226,9.802094,-0.001222,0.000611,0.000000,0.528000,-29.894001,-33.614002,-178.790,-1.708,0.367,,,,,,,,2026-09-13 03:13:40.246
111803.6,-0.052672,0.277727,9.801862,-0.063468,0.292357,9.802086,0.000000,0.001222,0.002443,1.134000,-32.856003,-34.794003,-178.791,-1.708,0.371,,,,,,,,2026-09-13 03:13:40.350
111899.6,-0.035913,0.313640,9.830592,-0.063078,0.292407,9.802087,0.000000,-0.001222,0.001222,-0.551000,-30.370001,-34.469002,-178.795,-1.709,0.369,,,,,,,,2026-09-13 03:13:40.446
112003.6,-0.064643,0.282516,9.809045,-0.063457,0.292997,9.802067,0.001222,0.000611,0.000000,-0.281000,-31.531002,-34.466003,-178.798,-1.712,0.371,,,,,,,,2026-09-13 03:13:40.550
112099.6,-0.057461,0.272939,9.801862,-0.063615,0.294113,9.802032,0.000000,-0.003665,0.001222,0.757000,-29.790001,-35.020000,-178.781,-1.719,0.372,,,,,,,,2026-09-13 03:13:40.646
112203.6,-0.047884,0.301669,9.818622,-0.063936,0.294712,9.802012,0.003054,0.004276,0.001833,0.701000,-30.619001,-35.232002,-178.784,-1.722,0.374,,,,,,,,2026-09-13 03:13:40.750
112299.6,-0.062249,0.292093,9.844957,-0.063792,0.294644,9.802015,0.002443,0.000611,0.000000,-0.263000,-30.998001,-36.951000,-178.785,-1.722,0.373,,,,,,,,2026-09-13 03:13:40.846
112403.7,-0.033519,0.263362,9.777920,-0.062791,0.293901,9.802044,-0.003054,-0.003054,0.001222,2.270000,-29.475002,-37.082001,-178.786,-1.717,0.367,,,,,,,,2026-09-13 03:13:40.950
112499.8,-0.038307,0.265756,9.634268,-0.060017,0.286762,9.802273,0.000000,0.002443,0.000000,-0.108000,-30.605001,-35.119003,-178.827,-1.676,0.351,,,,,,,,2026-09-13 03:13:41.046
112603.8,-0.050278,0.277727,9.715671,-0.060422,0.287045,9.802262,0.001833,0.002443,0.000611,0.082000,-31.311001,-34.253002,-179.341,-1.677,0.353,,,,,,,,2026-09-13 03:13:41.150
112699.9,-0.033519,0.253785,9.751583,-0.060746,0.287654,9.802242,-0.000611,-0.003665,0.000611,0.673000,-29.512001,-33.185001,-179.247,-1.681,0.355,,,,,,,,2026-09-13 03:13:41.246
112803.9,-0.057461,0.282516,9.742006,-0.060700,0.287380,9.802251,0.000611,0.004276,0.000611,0.089000,-29.225002,-36.421001,-179.648,-1.679,0.355,,,,,,,,2026-09-13 03:13:41.350
112900.0,-0.062249,0.284910,9.792285,-0.060746,0.287604,9.802244,0.001833,0.001833,0.000000,-0.102000,-30.427002,-35.875000,-179.628,-1.681,0.355,,,,,,,,2026-09-13 03:13:41.447
112996.0,-0.057461,0.280122,9.799467,-0.061466,0.287735,9.802236,-0.000611,-0.001222,0.000611,-0.338000,-30.538002,-35.441002,-179.629,-1.681,0.359,,,,,,,,2026-09-13 03:13:41.543
113100.1,-0.033519,0.268151,9.797073,-0.060644,0.287645,9.802243,0.000000,0.002443,0.001222,-0.382000,-29.534002,-34.797001,-179.631,-1.681,0.354,,,,,,,,2026-09-13 03:13:41.647
113204.2,-0.067038,0.282516,9.797073,-0.060856,0.288205,9.802225,0.001222,0.000000,0.001833,-0.155000,-29.690001,-34.042000,-179.635,-1.684,0.356,,,,,,,,2026-09-13 03:13:41.751
113300.3,-0.028730,0.313640,9.823410,-0.059632,0.287951,9.802240,0.001222,0.001833,-0.000611,0.753000,-29.966002,-33.939003,-179.745,-1.683,0.349,,,,,,,,2026-09-13 03:13:41.847
113404.4,-0.122104,0.306458,9.847352,-0.058333,0.287749,9.802254,0.001833,-0.002443,0.001833,-1.044000,-30.870001,-33.924000,-179.696,-1.681,0.341,,,,,,,,2026-09-13 03:13:41.951
113500.4,-0.040701,0.258574,9.801862,-0.058045,0.288201,9.802243,0.001833,0.000611,-0.001833,-0.647000,-31.838001,-34.138000,-179.934,-1.684,0.339,,,,,,,,2026-09-13 03:13:42.047
113604.5,-0.040701,0.258574,9.737218,-0.057990,0.287827,9.802254,-0.001222,0.000000,0.000000,-0.284000,-31.448002,-35.654003,-179.881,-1.682,0.339,,,,,,,,2026-09-13 03:13:42.151
113700.6,-0.055067,0.306458,9.797073,-0.057480,0.288153,9.802247,0.000000,0.003054,0.000611,0.367000,-30.207001,-37.067001,179.819,-1.684,0.336,,,,,,,,2026-09-13 03:13:42.247
113804.7,-0.040701,0.275333,9.787497,-0.057601,0.288465,9.802238,-0.000611,-0.001833,-0.001833,1.214000,-31.576002,-35.555000,-179.939,-1.686,0.337,,,,,,,,2026-09-13 03:13:42.351
113900.8,-0.033519,0.275333,9.816227,-0.057302,0.288806,9.802229,0.000611,0.001833,0.000000,0.554000,-32.738003,-35.978001,179.755,-1.688,0.335,,,,,,,,2026-09-13 03:13:42.447
114004.8,-0.067038,0.287304,9.775525,-0.057722,0.288818,9.802226,0.000611,-0.001222,-0.000611,-0.717000,-31.031002,-35.329002,179.737,-1.688,0.337,,,,,,,,2026-09-13 03:13:42.551
114100.9,-0.021548,0.292093,9.830592,-0.057943,0.288857,9.802223,-0.002443,-0.004276,0.001222,1.545000,-31.818001,-35.664001,179.736,-1.688,0.339,,,,,,,,2026-09-13 03:13:42.647
114204.9,-0.074220,0.287304,9.844957,-0.059113,0.288861,9.802217,0.002443,0.002443,0.000611,-0.388000,-31.360001,-34.790001,179.779,-1.688,0.346,,,,,,,,2026-09-13 03:13:42.751
114301.0,-0.067038,0.289698,9.835381,-0.059696,0.288696,9.802218,0.001833,0.003665,-0.001833,-0.007000,-32.258003,-38.027000,-179.623,-1.687,0.349,,,,,,,,2026-09-13 03:13:42.848
114405.0,-0.040701,0.277727,9.852140,-0.060246,0.288880,9.802209,0.000611,-0.002443,0.000000,0.372000,-32.023003,-35.656002,-179.624,-1.688,0.352,,,,,,,,2026-09-13 03:13:42.952
114501.1,-0.031125,0.253785,9.835381,-0.060806,0.288808,9.802208,0.001833,0.001222,0.000611,0.608000,-33.389000,-38.566002,-179.624,-1.688,0.355,,,,,,,,2026-09-13 03:13:43.048
114605.1,-0.064643,0.287304,9.799467,-0.060746,0.289279,9.802195,0.001222,0.001222,-0.000611,0.104000,-32.337002,-37.812000,-179.624,-1.690,0.355,,,,,,,,2026-09-13 03:13:43.152
114701.1,-0.038307,0.277727,9.825804,-0.060861,0.289245,9.802195,0.000611,-0.001222,0.000000,0.685000,-32.197002,-38.896004,-179.487,-1.690,0.356,,,,,,,,2026-09-13 03:13:43.248
114805.2,-0.062249,0.277727,9.816227,-0.060280,0.289867,9.802179,0.003665,0.004276,0.000000,0.433000,-32.753002,-36.517002,-179.692,-1.694,0.352,,,,,,,,2026-09-13 03:13:43.352
114901.2,-0.050278,0.306458,9.742006,-0.061426,0.292424,9.802096,-0.001222,0.000000,0.000611,0.414000,-31.209002,-37.387001,-179.773,-1.709,0.359,,,,,,,,2026-09-13 03:13:43.448
115005.2,-0.055067,0.275333,9.782708,-0.062147,0.293877,9.802049,-0.003054,-0.001222,-0.001222,0.085000,-32.786003,-36.298000,-179.712,-1.717,0.363,,,,,,,,2026-09-13 03:13:43.552
115101.3,-0.059855,0.280122,9.813833,-0.062551,0.294851,9.802017,0.001833,0.001833,0.000611,2.279000,-31.030001,-37.616001,-179.695,-1.723,0.366,,,,,,,,2026-09-13 03:13:43.648
115205.3,-0.050278,0.296881,9.801862,-0.062404,0.295228,9.802007,0.000611,-0.000611,0.000611,0.366000,-32.029003,-36.519001,-179.697,-1.725,0.365,,,,,,,,2026-09-13 03:13:43.752
115301.4,-0.043096,0.289698,9.813833,-0.062784,0.295407,9.801998,0.001833,0.001222,0.001833,0.868000,-31.520002,-35.877003,-179.697,-1.726,0.367,,,,,,,,2026-09-13 03:13:43.848
115405.5,-0.071826,0.299275,9.799467,-0.062719,0.295850,9.801986,0.001222,-0.001222,0.000000,0.285000,-31.576002,-35.873001,-179.699,-1.729,0.367,,,,,,,,2026-09-13 03:13:43.952
115501.5,-0.045490,0.296881,9.775525,-0.062808,0.296169,9.801976,-0.000611,-0.003665,0.000611,-0.676000,-31.952002,-37.160004,-179.701,-1.731,0.367,,,,,,,,2026-09-13 03:13:44.048
115605.6,-0.050278,0.256180,9.823410,-0.062466,0.296789,9.801959,0.000611,0.003665,0.000000,-0.160000,-31.344002,-35.547001,-179.702,-1.734,0.365,,,,,,,,2026-09-13 03:13:44.152
115701.6,-0.057461,0.292093,9.794679,-0.062738,0.297071,9.801949,0.002443,0.003054,0.000611,-0.075000,-31.793001,-35.654003,-179.707,-1.736,0.367,,,,,,,,2026-09-13 03:13:44.248
115805.6,-0.045490,0.289698,9.789890,-0.062238,0.297627,9.801935,0.000000,-0.003054,0.000611,-0.264000,-32.734001,-37.160004,-179.724,-1.739,0.364,,,,,,,,2026-09-13 03:13:44.352
115901.7,-0.035913,0.275333,9.785102,-0.062298,0.297489,9.801939,0.001222,0.000611,0.001833,0.697000,-32.271000,-36.520000,-179.725,-1.738,0.364,,,,,,,,2026-09-13 03:13:44.448
115997.7,-0.064643,0.272939,9.816227,-0.062200,0.297741,9.801932,0.002443,0.006109,0.001222,0.293000,-31.396002,-36.305000,-179.727,-1.740,0.364,,,,,,,,2026-09-13 03:13:44.544
116101.8,-0.136469,0.356736,9.840169,-0.063470,0.297955,9.801917,-0.002443,0.000611,-0.000611,-0.013000,-32.608002,-35.651001,-179.953,-1.741,0.371,,,,,,,,2026-09-13 03:13:44.648
116197.9,-0.050278,0.280122,9.844957,-0.063436,0.298521,9.801900,-0.000611,-0.002443,0.000000,1.397000,-32.203003,-36.525002,-179.706,-1.744,0.371,,,,,,,,2026-09-13 03:13:44.744
116301.9,-0.052672,0.306458,9.777920,-0.063280,0.298174,9.801912,0.001222,0.003054,-0.000611,0.917000,-32.434002,-36.737003,-179.708,-1.742,0.370,,,,,,,,2026-09-13 03:13:44.848
116398.0,-0.062249,0.284910,9.797073,-0.063197,0.297476,9.801933,0.000611,-0.001833,0.000000,-0.141000,-32.630001,-37.053001,-179.720,-1.738,0.369,,,,,,,,2026-09-13 03:13:44.945
116502.1,-0.067038,0.270545,9.809045,-0.063074,0.298010,9.801918,0.001222,0.000000,0.000000,0.603000,-31.831001,-37.601002,-179.687,-1.741,0.369,,,,,,,,2026-09-13 03:13:45.049
116606.2,-0.038307,0.301669,9.775525,-0.062873,0.298183,9.801914,0.000611,0.001833,0.000000,0.661000,-31.001001,-37.173000,-179.688,-1.742,0.368,,,,,,,,2026-09-13 03:13:45.153
116702.3,-0.047884,0.268151,9.842564,-0.062704,0.298375,9.801909,0.000000,-0.001833,0.000611,-0.531000,-31.484001,-37.487003,-179.689,-1.744,0.367,,,,,,,,2026-09-13 03:13:45.249
116798.3,-0.057461,0.296881,9.801862,-0.061200,0.294320,9.802041,-0.001833,0.001222,-0.003665,-0.248000,-32.460003,-37.377003,-179.767,-1.720,0.358,,,,,,,,2026-09-13 03:13:45.345
116902.4,-0.062249,0.287304,9.789890,-0.062121,0.294829,9.802021,-0.000611,-0.002443,0.000000,1.282000,-32.127003,-37.065002,-179.721,-1.723,0.363,,,,,,,,2026-09-13 03:13:45.449
116998.4,-0.043096,0.277727,9.885659,-0.061605,0.295059,9.802016,0.001833,0.001833,-0.000611,1.708000,-32.723003,-36.849003,-179.625,-1.724,0.360,,,,,,,,2026-09-13 03:13:45.545
117102.5,-0.079009,0.292093,9.854534,-0.061891,0.295474,9.802003,0.001833,0.003054,-0.000611,0.318000,-32.764000,-36.408001,-179.475,-1.727,0.362,,,,,,,,2026-09-13 03:13:45.649
117206.6,-0.035913,0.277727,9.832987,-0.061862,0.295723,9.801995,-0.000611,-0.004276,0.000000,2.684000,-31.732002,-39.235001,-179.627,-1.728,0.362,,,,,,,,2026-09-13 03:13:45.753
117302.6,-0.040701,0.280122,9.627085,-0.061109,0.294956,9.802023,-0.001833,0.001833,0.000000,1.345000,-33.027000,-36.090000,-179.563,-1.724,0.357,,,,,,,,2026-09-13 03:13:45.849
117398.7,-0.038307,0.272939,9.809045,-0.061191,0.294356,9.802041,0.002443,0.005498,0.000000,1.597000,-32.729000,-36.093002,-179.321,-1.720,0.358,,,,,,,,2026-09-13 03:13:45.945
117502.8,-0.086191,0.311246,9.871294,-0.061284,0.294829,9.802026,0.000611,-0.001833,0.000611,0.831000,-31.813002,-38.251003,-179.331,-1.723,0.358,,,,,,,,2026-09-13 03:13:46.049
117598.8,0.009577,0.248997,9.756371,-0.061198,0.294576,9.802034,-0.001833,-0.001833,0.000611,-0.011000,-32.348003,-37.703003,-179.244,-1.721,0.358,,,,,,,,2026-09-13 03:13:46.145
117702.9,-0.031125,0.265756,9.624691,-0.061167,0.295138,9.802017,-0.002443,0.001222,-0.001222,2.006000,-31.606001,-37.935001,-179.327,-1.725,0.358,,,,,,,,2026-09-13 03:13:46.249
117798.9,-0.043096,0.292093,9.866506,-0.061772,0.295188,9.802012,-0.003054,-0.002443,0.000000,0.726000,-31.813002,-36.738003,-179.160,-1.725,0.361,,,,,,,,2026-09-13 03:13:46.345
117903.0,-0.052672,0.253785,9.792285,-0.061846,0.295224,9.802011,-0.003054,-0.003054,-0.002443,-0.297000,-31.460001,-37.381001,-179.596,-1.725,0.362,,,,,,,,2026-09-13 03:13:46.450
117999.0,-0.052672,0.280122,9.816227,-0.061774,0.295554,9.802000,-0.000611,0.002443,0.000000,1.505000,-32.286003,-36.850002,-179.323,-1.727,0.361,,,,,,,,2026-09-13 03:13:46.546
118095.1,-0.055067,0.287304,9.825804,-0.061307,0.295846,9.801995,-0.000611,-0.000611,0.000611,-0.632000,-33.044003,-37.156002,-179.191,-1.729,0.358,,,,,,,,2026-09-13 03:13:46.642
118199.1,-0.047884,0.270545,9.718064,-0.061338,0.295732,9.801998,0.000611,0.001833,0.002443,1.076000,-31.780001,-36.741001,-179.304,-1.728,0.359,,,,,,,,2026-09-13 03:13:46.746
118303.2,-0.052672,0.287304,9.720459,-0.061219,0.295683,9.802000,0.003054,0.001833,-0.000611,0.378000,-31.931002,-35.656002,-179.037,-1.728,0.358,,,,,,,,2026-09-13 03:13:46.850
118399.3,-0.026336,0.294487,9.768343,-0.060592,0.296644,9.801975,0.001222,0.000000,0.001222,0.357000,-30.561001,-35.230003,-179.057,-1.733,0.354,,,,,,,,2026-09-13 03:13:46.946
118503.4,-0.732626,0.627281,9.983821,-0.058459,0.295663,9.802018,0.004887,0.018326,-0.051313,0.707000,-30.527002,-35.232002,-179.272,-1.728,0.342,,,,,,,,2026-09-13 03:13:47.050
118599.5,0.821211,-0.234632,9.437943,-0.057322,0.293945,9.802076,0.000000,0.013439,-0.003665,0.557000,-31.000002,-35.553001,-179.243,-1.718,0.335,,,,,,,,2026-09-13 03:13:47.146
118703.6,-0.045490,0.265756,9.756371,-0.049413,0.291133,9.802203,-0.003665,-0.002443,-0.001222,1.101000,-29.934002,-34.266003,-179.389,-1.701,0.289,,,,,,,,2026-09-13 03:13:47.250
118799.7,-0.090980,0.339977,9.639056,-0.058692,0.294007,9.802067,0.006720,-0.008552,0.001833,0.257000,-30.383001,-34.582001,-179.411,-1.718,0.343,,,,,,,,2026-09-13 03:13:47.346
118903.7,0.057461,0.227449,9.694122,-0.050965,0.292661,9.802150,0.001222,0.000611,0.001222,-0.249000,-31.156002,-33.496002,-179.073,-1.710,0.298,,,,,,,,2026-09-13 03:13:47.450
118999.8,-0.031125,0.237026,9.746795,-0.051948,0.293122,9.802131,-0.003054,-0.004887,0.000611,0.821000,-30.518002,-35.557003,-179.128,-1.713,0.304,,,,,,,,2026-09-13 03:13:47.546
119103.9,-0.067038,0.232238,9.773131,-0.051833,0.293003,9.802135,0.002443,0.002443,-0.001222,-0.339000,-30.625002,-34.793003,-179.139,-1.712,0.303,,,,,,,,2026-09-13 03:13:47.650
119200.0,-0.069432,0.287304,9.751583,-0.052895,0.292865,9.802134,-0.000611,0.001833,0.001222,0.228000,-30.670002,-35.984001,-179.816,-1.711,0.309,,,,,,,,2026-09-13 03:13:47.747
119304.1,0.033519,0.208296,9.730036,-0.052771,0.292210,9.802154,0.000000,-0.002443,0.000000,-0.969000,-29.766001,-33.713001,-179.904,-1.708,0.308,,,,,,,,2026-09-13 03:13:47.851
119400.1,-0.062249,0.301669,9.837775,-0.052108,0.291786,9.802170,0.003665,0.000611,0.000611,0.393000,-30.096001,-34.476002,179.697,-1.705,0.305,,,,,,,,2026-09-13 03:13:47.947
119504.2,-0.064643,0.294487,9.804255,-0.052624,0.292018,9.802160,0.000000,-0.000611,-0.000611,0.083000,-29.403002,-35.665001,179.499,-1.706,0.308,,,,,,,,2026-09-13 03:13:48.051
119600.3,-0.059855,0.306458,9.718064,-0.053703,0.291600,9.802167,0.000000,-0.001833,-0.001222,-0.466000,-30.905001,-33.819000,179.529,-1.704,0.314,,,,,,,,2026-09-13 03:13:48.147
119704.4,-0.040701,0.260968,9.797073,-0.054337,0.292235,9.802144,0.001833,0.001222,-0.001222,-0.611000,-31.373001,-33.493000,179.626,-1.708,0.318,,,,,,,,2026-09-13 03:13:48.251
119800.4,-0.043096,0.282516,9.765948,-0.055090,0.292677,9.802127,0.001833,-0.001222,0.000000,0.475000,-30.548002,-35.015003,179.627,-1.710,0.322,,,,,,,,2026-09-13 03:13:48.347
119904.5,-0.050278,0.284910,9.777920,-0.054832,0.293273,9.802110,0.002443,0.001833,0.000611,-1.067000,-30.721001,-38.566002,179.626,-1.714,0.321,,,,,,,,2026-09-13 03:13:48.451
120000.5,-0.100556,0.294487,9.900024,-0.055342,0.293198,9.802110,0.000000,0.004276,0.001222,-0.366000,-30.824001,-36.735001,179.627,-1.713,0.323,,,,,,,,2026-09-13 03:13:48.547
120104.6,-0.011971,0.251391,9.782708,-0.054941,0.292706,9.802127,0.001222,0.003054,0.001833,0.225000,-30.587002,-37.172001,179.690,-1.710,0.321,,,,,,,,2026-09-13 03:13:48.651
120200.7,-0.067038,0.301669,9.770737,-0.054804,0.292002,9.802149,0.001833,0.002443,-0.001222,0.237000,-30.404001,-37.281002,179.690,-1.706,0.320,,,,,,,,2026-09-13 03:13:48.747
120304.8,-0.047884,0.270545,9.765948,-0.055329,0.292009,9.802145,-0.001222,0.000611,-0.000611,1.017000,-29.312002,-35.563004,179.691,-1.706,0.323,,,,,,,,2026-09-13 03:13:48.851
120400.9,-0.050278,0.265756,9.770737,-0.055846,0.292018,9.802142,-0.003054,-0.002443,0.000611,0.577000,-30.723001,-35.339001,179.691,-1.706,0.326,,,,,,,,2026-09-13 03:13:48.947
120505.0,-0.059855,0.311246,9.859323,-0.056498,0.291680,9.802148,0.002443,0.005498,-0.000611,-1.006000,-30.060001,-36.086002,179.644,-1.704,0.330,,,,,,,,2026-09-13 03:13:49.052
120601.1,-0.064643,0.277727,9.797073,-0.057505,0.291737,9.802141,0.002443,0.002443,-0.000611,-0.752000,-31.408001,-36.622002,179.553,-1.705,0.336,,,,,,,,2026-09-13 03:13:49.148
120697.2,-0.038307,0.263362,9.773131,-0.058289,0.292144,9.802124,0.000611,-0.002443,0.000000,-1.167000,-30.716002,-36.299004,179.555,-1.707,0.341,,,,,,,,2026-09-13 03:13:49.244
120801.3,-0.069432,0.304064,9.773131,-0.057975,0.292328,9.802121,0.001833,0.004276,-0.003054,-1.114000,-30.234001,-33.386002,179.553,-1.708,0.339,,,,,,,,2026-09-13 03:13:49.348
120905.3,-0.040701,0.282516,9.801862,-0.059039,0.292559,9.802107,0.000611,-0.001222,-0.001222,0.364000,-30.468002,-35.122002,179.556,-1.710,0.345,,,,,,,,2026-09-13 03:13:49.452
121001.5,-0.059855,0.275333,9.792285,-0.058608,0.292322,9.802116,0.000611,-0.003665,-0.001833,-0.064000,-31.524002,-36.626003,179.556,-1.708,0.343,,,,,,,,2026-09-13 03:13:49.548
121097.5,-0.023942,0.270545,9.770737,-0.058678,0.292451,9.802114,0.000000,0.001833,-0.000611,-0.063000,-31.609001,-35.654003,179.557,-1.709,0.343,,,,,,,,2026-09-13 03:13:49.644
121201.6,-0.081403,0.294487,9.780313,-0.058823,0.292455,9.802112,0.001222,0.001222,0.001222,-0.035000,-31.238001,-35.224003,179.557,-1.709,0.344,,,,,,,,2026-09-13 03:13:49.748
121305.7,-0.038307,0.265756,9.782708,-0.058856,0.292435,9.802113,0.000611,-0.002443,-0.000611,0.288000,-30.009001,-33.720001,179.557,-1.709,0.343,,,,,,,,2026-09-13 03:13:49.852
121401.7,-0.067038,0.270545,9.792285,-0.058982,0.292348,9.802114,0.000611,0.002443,0.001222,-0.204000,-30.338001,-34.795002,179.552,-1.708,0.345,,,,,,,,2026-09-13 03:13:49.948
121497.8,-0.038307,0.287304,9.761160,-0.059908,0.292560,9.802103,0.001222,0.001222,0.000611,-0.011000,-29.307001,-33.613003,179.551,-1.710,0.350,,,,,,,,2026-09-13 03:13:50.044
121601.9,-0.067038,0.272939,9.799467,-0.059501,0.292188,9.802116,-0.000611,0.001222,0.000000,-1.860000,-30.863001,-34.674000,179.551,-1.707,0.348,,,,,,,,2026-09-13 03:13:50.148
121706.0,-0.043096,0.289698,9.761160,-0.060414,0.292037,9.802114,0.000000,0.001222,0.000611,-0.379000,-31.180002,-35.222000,179.550,-1.706,0.353,,,,,,,,2026-09-13 03:13:50.253
121802.1,-0.050278,0.284910,9.768343,-0.059707,0.291646,9.802131,-0.000611,-0.001222,0.000000,-0.015000,-30.961002,-35.010002,179.550,-1.704,0.349,,,,,,,,2026-09-13 03:13:50.349
121898.1,-0.045490,0.270545,9.801862,-0.059901,0.291882,9.802122,0.000000,0.002443,-0.001833,-0.090000,-30.416002,-34.364002,179.552,-1.706,0.350,,,,,,,,2026-09-13 03:13:50.445
122002.2,-0.083797,0.292093,9.830592,-0.060075,0.291562,9.802131,0.001222,0.000611,0.000000,-0.817000,-30.768002,-35.545002,179.553,-1.704,0.351,,,,,,,,2026-09-13 03:13:50.549
122098.3,-0.031125,0.272939,9.799467,-0.061018,0.291790,9.802118,-0.001833,-0.002443,0.000000,-0.393000,-31.537001,-33.817001,179.553,-1.705,0.357,,,,,,,,2026-09-13 03:13:50.645
122202.3,-0.057461,0.275333,9.852140,-0.059736,0.291161,9.802145,0.002443,0.003665,0.000611,-0.837000,-30.959002,-36.516003,179.552,-1.701,0.349,,,,,,,,2026-09-13 03:13:50.749
122298.4,-0.071826,0.287304,9.813833,-0.059417,0.290708,9.802160,0.001222,0.005498,0.000611,-0.274000,-29.703001,-34.365002,179.677,-1.699,0.347,,,,,,,,2026-09-13 03:13:50.845
122402.4,-0.043096,0.275333,9.806650,-0.058567,0.290178,9.802181,-0.001833,-0.002443,0.000000,-1.104000,-29.795002,-36.087002,179.151,-1.696,0.342,,,,,,,,2026-09-13 03:13:50.949
122498.5,-0.038307,0.277727,9.816227,-0.059505,0.289530,9.802195,-0.001222,-0.003054,0.000000,0.617000,-30.254002,-34.045002,179.122,-1.692,0.348,,,,,,,,2026-09-13 03:13:51.045
122602.6,-0.081403,0.241814,9.780313,-0.058915,0.289197,9.802208,0.004276,0.004887,0.000611,-1.151000,-30.614002,-35.004002,179.262,-1.690,0.344,,,,,,,,2026-09-13 03:13:51.149
122698.6,-0.064643,0.289698,9.727641,-0.059896,0.289654,9.802189,-0.001833,-0.001222,0.000000,-0.942000,-30.874001,-35.868000,179.440,-1.693,0.350,,,,,,,,2026-09-13 03:13:51.245
122802.7,-0.057461,0.263362,9.818622,-0.059668,0.289398,9.802197,0.002443,0.001833,-0.001833,-2.306000,-30.544001,-35.104000,179.390,-1.691,0.349,,,,,,,,2026-09-13 03:13:51.349
122898.8,-0.057461,0.287304,9.670180,-0.060896,0.289612,9.802184,-0.001833,-0.000611,0.000611,-0.155000,-29.689001,-33.934002,179.210,-1.692,0.356,,,,,,,,2026-09-13 03:13:51.445
123002.8,-0.057461,0.272939,9.710882,-0.061001,0.289844,9.802176,0.001833,-0.000611,0.001222,-0.106000,-30.432001,-36.523003,179.129,-1.694,0.357,,,,,,,,2026-09-13 03:13:51.549
123098.8,-0.055067,0.287304,9.742006,-0.061534,0.289784,9.802175,0.000611,0.000000,-0.000611,-0.157000,-29.863001,-32.638000,179.215,-1.693,0.360,,,,,,,,2026-09-13 03:13:51.645
123202.9,0.009577,0.313640,9.756371,-0.061381,0.289934,9.802171,-0.003054,0.003665,-0.000611,0.564000,-29.258001,-34.589001,179.381,-1.694,0.359,,,,,,,,2026-09-13 03:13:51.749
123306.9,-0.119710,0.330400,9.969456,-0.059948,0.290934,9.802151,0.003054,0.002443,-0.002443,-0.254000,-31.075001,-35.008003,179.420,-1.700,0.350,,,,,,,,2026-09-13 03:13:51.853
123403.0,-0.102951,0.213084,9.979033,-0.060571,0.291059,9.802143,0.004276,-0.006109,0.000611,0.466000,-30.728001,-34.582001,179.590,-1.701,0.354,,,,,,,,2026-09-13 03:13:51.950
123499.1,-0.076614,0.359130,9.785102,-0.060230,0.290555,9.802160,-0.000611,0.000000,0.000611,0.838000,-30.329002,-34.910000,179.976,-1.698,0.352,,,,,,,,2026-09-13 03:13:52.046
123603.2,-0.038307,0.296881,9.789890,-0.060076,0.290392,9.802166,0.003054,0.001833,0.000611,0.605000,-30.437002,-34.044003,-179.883,-1.697,0.351,,,,,,,,2026-09-13 03:13:52.150
123699.2,-0.057461,0.256180,9.785102,-0.060744,0.289704,9.802182,0.002443,0.003665,0.001222,0.267000,-30.117001,-35.771000,179.083,-1.693,0.355,,,,,,,,2026-09-13 03:13:52.246
123803.3,-0.057461,0.294487,9.885659,-0.060552,0.289696,9.802183,-0.000611,0.001222,0.000000,-0.449000,-30.459002,-35.549000,178.959,-1.693,0.354,,,,,,,,2026-09-13 03:13:52.350
123899.4,-0.033519,0.260968,9.847352,-0.060481,0.289661,9.802185,0.000611,0.002443,-0.000611,-0.232000,-30.795002,-34.469002,179.164,-1.693,0.354,,,,,,,,2026-09-13 03:13:52.446
124003.5,-0.057461,0.316035,9.890448,-0.059468,0.289134,9.802207,0.003054,0.001833,0.001833,0.221000,-30.935001,-34.580002,179.159,-1.690,0.348,,,,,,,,2026-09-13 03:13:52.550
124099.5,-0.105345,0.198719,9.751583,-0.058811,0.289600,9.802197,-0.000611,-0.004276,-0.000611,-0.675000,-32.209000,-34.676003,179.003,-1.692,0.344,,,,,,,,2026-09-13 03:13:52.646
124203.6,0.062249,0.246603,9.859323,-0.058790,0.288110,9.802240,0.000611,0.003054,0.000611,1.065000,-30.399002,-34.911003,179.192,-1.684,0.344,,,,,,,,2026-09-13 03:13:52.750
124299.6,-0.079009,0.248997,9.794679,-0.058974,0.288827,9.802218,0.001833,0.001833,0.000611,0.604000,-30.267002,-35.772003,178.959,-1.688,0.345,,,,,,,,2026-09-13 03:13:52.846
124403.7,-0.064643,0.284910,9.749189,-0.057044,0.286410,9.802300,0.001222,0.001222,0.000611,-0.270000,-31.262001,-35.439003,179.255,-1.674,0.333,,,,,,,,2026-09-13 03:13:52.950
124499.7,-0.052672,0.263362,9.706094,-0.056707,0.286498,9.802300,0.000000,0.000000,-0.000611,0.143000,-31.955002,-35.870003,179.028,-1.674,0.331,,,,,,,,2026-09-13 03:13:53.046
124603.8,-0.028730,0.258574,9.734824,-0.056853,0.286513,9.802299,0.001833,0.003665,-0.001833,1.317000,-30.272001,-33.294003,179.495,-1.674,0.332,,,,,,,,2026-09-13 03:13:53.150
124699.8,-0.059855,0.270545,9.739613,-0.057137,0.286938,9.802285,0.000611,0.000000,0.000611,-0.816000,-30.681002,-36.193001,179.568,-1.677,0.334,,,,,,,,2026-09-13 03:13:53.246
124803.8,-0.019154,0.275333,9.612720,-0.057704,0.287054,9.802278,0.002443,-0.003054,0.000000,-0.434000,-30.444002,-33.606003,179.492,-1.677,0.337,,,,,,,,2026-09-13 03:13:53.350
124899.8,-0.055067,0.232238,9.691729,-0.057901,0.287854,9.802254,-0.000611,-0.001833,-0.000611,-0.347000,-30.891001,-33.496002,179.399,-1.682,0.338,,,,,,,,2026-09-13 03:13:53.446
125003.8,-0.043096,0.292093,9.677363,-0.057296,0.287220,9.802277,0.000000,0.000611,0.000000,0.691000,-30.714001,-35.663002,178.988,-1.678,0.335,,,,,,,,2026-09-13 03:13:53.550
125099.8,-0.064643,0.320823,9.672575,-0.057659,0.287151,9.802276,-0.001833,0.001222,0.003665,-0.114000,-30.783001,-34.254002,179.217,-1.678,0.337,,,,,,,,2026-09-13 03:13:53.646
125203.8,-0.026336,0.263362,9.624691,-0.058691,0.286927,9.802276,-0.003665,-0.004276,0.000000,0.205000,-31.122002,-35.010002,179.270,-1.677,0.343,,,,,,,,2026-09-13 03:13:53.750
125299.9,-0.047884,0.287304,9.777920,-0.064241,0.288456,9.802197,0.000611,0.001833,0.000611,-0.263000,-31.083002,-36.087002,179.713,-1.686,0.375,,,,,,,,2026-09-13 03:13:53.846
125403.9,-0.129287,0.323217,9.761160,-0.066289,0.288850,9.802171,-0.003054,-0.003054,-0.002443,-0.439000,-30.363001,-35.009003,179.556,-1.688,0.387,,,,,,,,2026-09-13 03:13:53.950
125499.9,-0.090980,0.320823,9.976639,-0.068033,0.289220,9.802148,-0.004887,-0.006720,-0.000611,-1.069000,-29.417002,-34.685001,179.476,-1.690,0.398,,,,,,,,2026-09-13 03:13:54.046
125595.8,-0.040701,0.272939,9.981427,-0.067645,0.288420,9.802175,-0.004276,-0.002443,0.000611,1.070000,-30.308001,-35.128002,179.556,-1.685,0.395,,,,,,,,2026-09-13 03:13:54.142
125699.9,-0.033519,0.244209,9.813833,-0.067279,0.289571,9.802143,0.000000,0.007941,0.000000,-0.339000,-30.625002,-34.793003,179.717,-1.692,0.393,,,,,,,,2026-09-13 03:13:54.246
125795.9,-0.028730,0.287304,9.895236,-0.067533,0.288791,9.802164,-0.003054,-0.004276,0.000000,-0.294000,-31.457001,-36.949001,179.712,-1.688,0.395,,,,,,,,2026-09-13 03:13:54.342
125899.9,-0.052672,0.308852,9.840169,-0.066631,0.288023,9.802194,-0.001833,0.000000,0.000611,-0.090000,-30.416002,-34.364002,179.255,-1.683,0.389,,,,,,,,2026-09-13 03:13:54.446
126003.9,-0.026336,0.260968,9.799467,-0.068880,0.288803,9.802155,0.000611,0.004276,0.000000,0.049000,-31.687002,-35.331001,179.258,-1.688,0.403,,,,,,,,2026-09-13 03:13:54.550
126100.0,-0.095768,0.284910,9.746795,-0.069379,0.288983,9.802146,0.000611,-0.001833,-0.000611,0.950000,-30.322001,-35.451000,179.258,-1.689,0.406,,,,,,,,2026-09-13 03:13:54.647
126204.0,-0.023942,0.263362,9.818622,-0.069839,0.288572,9.802155,0.002443,0.003054,0.001222,0.722000,-30.082001,-37.177002,179.258,-1.686,0.408,,,,,,,,2026-09-13 03:13:54.751
126300.0,-0.074220,0.260968,9.849746,-0.068806,0.288114,9.802176,0.001833,0.000000,-0.001222,-0.232000,-30.710001,-35.333000,179.258,-1.684,0.402,,,,,,,,2026-09-13 03:13:54.847
126404.0,-0.038307,0.282516,9.821015,-0.069242,0.288136,9.802172,0.002443,0.000000,0.000611,0.143000,-30.306002,-35.013000,179.258,-1.684,0.405,,,,,,,,2026-09-13 03:13:54.951
126500.0,-0.124498,0.296881,9.742006,-0.067900,0.288355,9.802175,0.001222,0.002443,-0.000611,-0.481000,-30.920002,-35.763000,179.099,-1.685,0.397,,,,,,,,2026-09-13 03:13:55.047
126604.0,-0.043096,0.220267,9.856929,-0.069302,0.287830,9.802180,0.000611,-0.003665,0.000611,0.229000,-30.669001,-35.876003,179.055,-1.682,0.405,,,,,,,,2026-09-13 03:13:55.151
126700.0,-0.045490,0.313640,9.832987,-0.068639,0.287038,9.802208,0.001222,0.001222,0.000000,0.026000,-30.404001,-34.257000,178.972,-1.677,0.401,,,,,,,,2026-09-13 03:13:55.247
126804.0,-0.050278,0.146046,9.959879,-0.068788,0.287776,9.802186,0.001833,0.007941,0.001833,1.742000,-29.134001,-33.086002,179.223,-1.682,0.402,,,,,,,,2026-09-13 03:13:55.351
126900.0,-0.031125,0.299275,9.928755,-0.067660,0.286917,9.802218,0.000611,-0.001222,-0.000611,-0.439000,-30.277002,-35.873001,179.878,-1.677,0.395,,,,,,,,2026-09-13 03:13:55.447
127004.0,-0.035913,0.232238,10.041282,-0.064536,0.285606,9.802278,0.007330,0.006720,0.001222,-0.039000,-29.507002,-35.663002,179.532,-1.669,0.377,,,,,,,,2026-09-13 03:13:55.551
127100.1,-0.040701,0.296881,9.763555,-0.063523,0.285378,9.802291,0.005498,0.007330,-0.001222,0.124000,-30.754002,-33.500000,179.896,-1.668,0.371,,,,,,,,2026-09-13 03:13:55.647
127204.1,-0.040701,0.268151,9.804255,-0.063506,0.285674,9.802282,-0.003054,-0.004276,0.000611,1.102000,-29.761002,-35.670002,179.711,-1.669,0.371,,,,,,,,2026-09-13 03:13:55.751
127300.2,-0.045490,0.258574,9.777920,-0.061414,0.285538,9.802299,0.001833,0.001222,0.000000,0.191000,-31.222002,-36.090000,179.981,-1.669,0.359,,,,,,,,2026-09-13 03:13:55.847
127396.2,-0.038307,0.280122,9.763555,-0.062264,0.285931,9.802283,0.003054,0.002443,-0.000611,1.005000,-31.488001,-33.179001,179.871,-1.671,0.364,,,,,,,,2026-09-13 03:13:55.943
127500.3,-0.124498,0.289698,10.101137,-0.061704,0.286545,9.802269,-0.001222,-0.003054,-0.000611,-0.396000,-31.282001,-36.625000,179.351,-1.674,0.361,,,,,,,,2026-09-13 03:13:56.047
127604.3,-0.033519,0.282516,9.713276,-0.061492,0.285789,9.802292,0.003054,0.001833,-0.000611,-0.075000,-30.229002,-33.933002,179.275,-1.670,0.359,,,,,,,,2026-09-13 03:13:56.151
127700.3,-0.069432,0.251391,9.713276,-0.061283,0.286722,9.802266,0.002443,0.003665,0.001222,-0.405000,-29.986002,-33.824001,179.209,-1.675,0.358,,,,,,,,2026-09-13 03:13:56.247
127796.4,-0.047884,0.265756,9.722853,-0.062849,0.286777,9.802255,-0.000611,-0.000611,0.001222,0.954000,-30.319002,-35.019001,179.531,-1.676,0.367,,,,,,,,2026-09-13 03:13:56.343
127900.4,-0.043096,0.253785,9.708488,-0.061936,0.286444,9.802270,-0.000611,0.000000,0.000000,-0.013000,-30.787001,-36.414001,179.362,-1.674,0.362,,,,,,,,2026-09-13 03:13:56.447
128004.5,-0.031125,0.304064,9.662998,-0.062528,0.286122,9.802277,0.004887,0.006109,0.000000,-0.427000,-31.656002,-37.487003,179.667,-1.672,0.365,,,,,,,,2026-09-13 03:13:56.551
128100.5,-0.069432,0.186748,9.624691,-0.060980,0.286024,9.802288,-0.002443,-0.003665,-0.000611,0.268000,-31.936001,-34.792000,179.578,-1.671,0.356,,,,,,,,2026-09-13 03:13:56.647
128204.6,-0.050278,0.253785,9.607931,-0.061649,0.285296,9.802305,0.002443,0.004887,0.001222,0.719000,-31.992001,-36.090000,179.800,-1.667,0.360,,,,,,,,2026-09-13 03:13:56.751
128300.6,-0.047884,0.265756,9.696517,-0.061739,0.285867,9.802288,-0.003054,-0.004276,0.000000,0.874000,-31.428001,-35.877003,179.797,-1.670,0.361,,,,,,,,2026-09-13 03:13:56.847
128404.7,-0.076614,0.244209,9.646238,-0.061644,0.285905,9.802288,0.001222,-0.001833,-0.000611,0.209000,-31.204002,-33.715000,-179.569,-1.671,0.360,,,,,,,,2026-09-13 03:13:56.951
128500.7,-0.069432,0.210690,9.706094,-0.060477,0.285825,9.802298,0.004276,0.006720,0.001833,-0.742000,-31.570002,-33.707001,179.921,-1.670,0.353,,,,,,,,2026-09-13 03:13:57.047
128604.8,-0.035913,0.248997,9.581595,-0.062378,0.286722,9.802259,0.000611,-0.001222,0.001222,0.681000,-30.810001,-36.203003,179.700,-1.675,0.365,,,,,,,,2026-09-13 03:13:57.151
128700.8,-0.021548,0.217872,9.593566,-0.061238,0.286682,9.802268,0.003054,-0.006109,0.000611,-0.184000,-29.975002,-35.337002,179.814,-1.675,0.358,,,,,,,,2026-09-13 03:13:57.247
128804.9,-0.052672,0.280122,9.701305,-0.061424,0.286566,9.802270,0.000000,0.003665,-0.000611,0.677000,-30.814001,-36.742001,179.926,-1.675,0.359,,,,,,,,2026-09-13 03:13:57.351
128901.0,-0.071826,0.277727,9.768343,-0.061435,0.286858,9.802261,-0.001222,-0.001222,0.000000,-0.760000,-29.853001,-36.089001,179.728,-1.676,0.359,,,,,,,,2026-09-13 03:13:57.448
129005.1,-0.031125,0.256180,9.667787,-0.061092,0.286374,9.802278,0.001833,0.000611,0.000611,0.944000,-30.415001,-35.558002,179.496,-1.673,0.357,,,,,,,,2026-09-13 03:13:57.552
129101.1,-0.110133,0.337582,9.691729,-0.061277,0.286991,9.802258,-0.000611,0.003665,0.000611,-0.025000,-30.970001,-36.305000,179.369,-1.677,0.358,,,,,,,,2026-09-13 03:13:57.648
129197.2,-0.076614,0.304064,9.828198,-0.062109,0.286840,9.802258,-0.000611,0.000611,-0.000611,0.631000,-29.811001,-36.314003,179.150,-1.676,0.363,,,,,,,,2026-09-13 03:13:57.744
129301.2,-0.045490,0.263362,9.852140,-0.061857,0.286734,9.802262,-0.000611,-0.002443,0.000000,-0.560000,-30.293001,-36.412003,179.268,-1.675,0.362,,,,,,,,2026-09-13 03:13:57.848
129397.2,-0.107739,0.323217,9.866506,-0.077566,0.288850,9.802089,-0.004276,0.001222,-0.000611,1.182000,-30.387001,-34.912003,179.142,-1.688,0.453,,,,,,,,2026-09-13 03:13:57.944
129501.2,-0.040701,0.260968,9.794679,-0.074563,0.286084,9.802193,-0.004276,-0.005498,-0.001833,0.452000,-32.478001,-36.518002,179.186,-1.672,0.436,,,,,,,,2026-09-13 03:13:58.048
129597.2,-0.052672,0.277727,9.823410,-0.072131,0.284831,9.802247,-0.001833,0.000000,0.002443,-0.953000,-31.142002,-34.895000,179.447,-1.664,0.422,,,,,,,,2026-09-13 03:13:58.144
129701.2,-0.050278,0.203507,9.734824,-0.069042,0.284280,9.802286,-0.001833,-0.003665,0.000000,-0.385000,-31.186001,-35.978001,179.364,-1.661,0.404,,,,,,,,2026-09-13 03:13:58.248
129797.3,-0.136469,0.244209,9.603143,-0.068539,0.285105,9.802266,0.003665,-0.008552,-0.001222,-0.565000,-30.555002,-34.684002,179.689,-1.666,0.401,,,,,,,,2026-09-13 03:13:58.344
129901.3,-0.059855,0.258574,9.718064,-0.068641,0.285951,9.802240,-0.001222,0.000000,0.000000,-0.463000,-30.902002,-33.388000,179.519,-1.671,0.401,,,,,,,,2026-09-13 03:13:58.448
130005.4,-0.045490,0.339977,9.622296,-0.069478,0.286633,9.802215,-0.006109,-0.003054,0.003054,0.162000,-30.030001,-35.015003,179.526,-1.675,0.406,,,,,,,,2026-09-13 03:13:58.552
130101.4,-0.162806,0.299275,10.067618,-0.068853,0.287335,9.802197,-0.003054,-0.007330,-0.002443,0.351000,-30.738001,-34.365002,-179.837,-1.679,0.402,,,,,,,,2026-09-13 03:13:58.648
130197.5,-0.069432,0.284910,9.967062,-0.069253,0.287469,9.802192,0.001833,0.003665,-0.000611,-0.236000,-30.713001,-35.765003,179.977,-1.680,0.405,,,,,,,,2026-09-13 03:13:58.744
130301.6,-0.064643,0.270545,9.864111,-0.070129,0.288132,9.802166,-0.000611,-0.000611,0.000611,0.855000,-30.055002,-35.127003,-179.887,-1.684,0.410,,,,,,,,2026-09-13 03:13:58.848
130397.7,-0.088585,0.294487,10.031705,-0.069712,0.288549,9.802156,-0.000611,-0.002443,-0.001222,-0.683000,-30.567001,-34.791000,179.710,-1.686,0.407,,,,,,,,2026-09-13 03:13:58.944
130501.7,-0.043096,0.253785,9.792285,-0.069495,0.288085,9.802171,0.002443,0.001833,-0.000611,-0.857000,-31.494001,-34.354000,178.465,-1.683,0.406,,,,,,,,2026-09-13 03:13:59.048
130597.8,-0.076614,0.272939,9.861717,-0.068880,0.287460,9.802194,0.000000,0.001833,-0.001222,-1.073000,-29.335001,-35.981003,178.647,-1.680,0.403,,,,,,,,2026-09-13 03:13:59.144
130701.9,0.014365,0.313640,9.634268,-0.068151,0.287071,9.802211,0.003054,-0.002443,0.000000,-0.804000,-30.584002,-35.438004,178.868,-1.677,0.398,,,,,,,,2026-09-13 03:13:59.248
130798.0,-0.052672,0.268151,9.746795,-0.067230,0.287434,9.802207,0.000611,0.003054,0.001222,-0.337000,-30.452002,-36.197002,179.643,-1.680,0.393,,,,,,,,2026-09-13 03:13:59.345
130902.0,-0.043096,0.272939,9.737218,-0.067144,0.287784,9.802197,0.000611,-0.001833,0.000000,0.312000,-31.034002,-37.063004,179.226,-1.682,0.392,,,,,,,,2026-09-13 03:13:59.449
130998.0,-0.074220,0.294487,9.823410,-0.066831,0.288007,9.802192,-0.002443,0.001222,0.000000,-0.253000,-31.074001,-34.792000,179.235,-1.683,0.391,,,,,,,,2026-09-13 03:13:59.545
131102.1,-0.031125,0.260968,9.816227,-0.067442,0.287986,9.802189,0.000000,-0.000611,-0.000611,0.261000,-30.208002,-35.662003,179.140,-1.683,0.394,,,,,,,,2026-09-13 03:13:59.649
131198.1,-0.071826,0.263362,9.789890,-0.066058,0.287447,9.802215,-0.000611,0.001222,-0.001222,1.385000,-28.917002,-36.431004,179.140,-1.680,0.386,,,,,,,,2026-09-13 03:13:59.745
131302.2,-0.052672,0.296881,9.775525,-0.065708,0.287691,9.802209,-0.001222,0.000611,0.001833,0.593000,-30.450001,-35.664001,179.141,-1.681,0.384,,,,,,,,2026-09-13 03:13:59.849
131398.2,-0.079009,0.280122,9.830592,-0.065087,0.287596,9.802216,0.002443,0.000000,0.000000,-0.283000,-31.533001,-34.790001,179.139,-1.681,0.380,,,,,,,,2026-09-13 03:13:59.945
131502.3,-0.090980,0.256180,9.543288,-0.063929,0.287742,9.802219,0.001222,-0.006720,-0.001833,0.211000,-30.772001,-37.387001,179.535,-1.681,0.374,,,,,,,,2026-09-13 03:14:00.049
131598.3,-0.062249,0.325611,9.555259,-0.063132,0.288140,9.802213,0.003665,-0.001222,-0.000611,1.451000,-29.556002,-37.400002,179.191,-1.684,0.369,,,,,,,,2026-09-13 03:14:00.145
131702.3,-0.014365,0.351948,9.818622,-0.063942,0.287633,9.802222,0.003054,0.000611,0.001833,0.195000,-31.475002,-33.066002,179.954,-1.681,0.374,,,,,,,,2026-09-13 03:14:00.249
131798.3,-0.059855,0.258574,9.895236,-0.061569,0.287273,9.802248,0.001222,-0.000611,0.001833,-0.351000,-30.723001,-35.548000,179.787,-1.679,0.360,,,,,,,,2026-09-13 03:14:00.345
131902.4,-0.198719,0.280122,9.837775,-0.061961,0.287451,9.802240,0.012217,-0.003054,0.002443,0.052000,-29.864002,-35.770000,179.872,-1.680,0.362,,,,,,,,2026-09-13 03:14:00.449
131998.4,-0.071826,0.272939,9.777920,-0.062620,0.287766,9.802227,0.006720,0.004887,0.000611,-0.369000,-30.999001,-35.547001,179.966,-1.682,0.366,,,,,,,,2026-09-13 03:14:00.545
132102.5,0.007183,0.284910,9.971850,-0.062969,0.288189,9.802213,0.002443,0.002443,0.001222,0.441000,-31.097002,-34.688004,179.863,-1.684,0.368,,,,,,,,2026-09-13 03:14:00.649
132198.6,-0.064643,0.282516,9.885659,-0.062580,0.288352,9.802210,0.006720,0.007941,-0.001833,1.056000,-30.666002,-33.723003,179.237,-1.685,0.366,,,,,,,,2026-09-13 03:14:00.745
132302.6,-0.026336,0.272939,9.823410,-0.063886,0.288667,9.802193,-0.001222,-0.004276,-0.000611,-1.495000,-30.557001,-35.109001,179.441,-1.687,0.373,,,,,,,,2026-09-13 03:14:00.849
132398.7,-0.083797,0.244209,9.775525,-0.062911,0.289446,9.802176,0.001222,-0.000611,-0.000611,1.305000,-30.198002,-35.669003,179.638,-1.691,0.368,,,,,,,,2026-09-13 03:14:00.945
132502.7,-0.088585,0.277727,9.823410,-0.064297,0.289427,9.802168,-0.001222,0.000611,0.000000,0.025000,-30.234001,-36.093002,179.919,-1.691,0.376,,,,,,,,2026-09-13 03:14:01.049
132598.7,-0.055067,0.265756,9.821015,-0.064296,0.289404,9.802168,-0.001833,0.000000,0.001222,-0.350000,-30.637001,-36.304001,179.862,-1.691,0.376,,,,,,,,2026-09-13 03:14:01.145
132702.8,-0.043096,0.268151,9.768343,-0.064692,0.290032,9.802147,-0.002443,-0.002443,-0.000611,-0.968000,-31.415001,-34.462002,-179.690,-1.695,0.378,,,,,,,,2026-09-13 03:14:01.249
132798.8,-0.086191,0.263362,9.859323,-0.063724,0.289806,9.802160,0.001833,-0.000611,-0.000611,0.014000,-30.416002,-35.876003,-179.803,-1.693,0.372,,,,,,,,2026-09-13 03:14:01.345
132902.9,-0.110133,0.248997,10.400413,-0.064795,0.289852,9.802152,0.002443,-0.003054,0.000000,-0.630000,-31.307001,-36.839001,-179.613,-1.694,0.379,,,,,,,,2026-09-13 03:14:01.449
132999.0,-0.023942,0.248997,9.411607,-0.064055,0.288766,9.802189,0.007330,0.001222,0.000611,0.083000,-31.139002,-35.765003,-179.646,-1.687,0.374,,,,,,,,2026-09-13 03:14:01.546
133087.1,-0.055067,0.260968,9.775525,-0.064461,0.288170,9.802203,0.000611,0.001222,0.000611,-0.981000,-31.427002,-36.081001,179.932,-1.684,0.377,,,,,,,,2026-09-13 03:14:01.634
133199.1,-0.055067,0.294487,9.823410,-0.063441,0.288877,9.802190,0.002443,-0.002443,0.000000,-0.547000,-30.366001,-33.929001,179.607,-1.688,0.371,,,,,,,,2026-09-13 03:14:01.746
133303.2,-0.050278,0.301669,9.715671,-0.063552,0.289120,9.802181,0.003665,0.009163,0.000611,-1.106000,-29.969002,-34.683002,179.614,-1.689,0.371,,,,,,,,2026-09-13 03:14:01.850
133399.3,-0.052672,0.277727,9.797073,-0.064593,0.289109,9.802176,-0.004276,0.000000,0.000000,-0.855000,-29.843002,-33.173000,179.555,-1.689,0.378,,,,,,,,2026-09-13 03:14:01.946
133503.3,-0.031125,0.282516,9.763555,-0.064775,0.288926,9.802179,-0.002443,-0.001222,-0.001222,0.005000,-30.683001,-34.687000,179.549,-1.688,0.379,,,,,,,,2026-09-13 03:14:02.050
133599.4,-0.057461,0.270545,9.823410,-0.064876,0.289049,9.802176,0.000000,0.004276,0.001222,-0.070000,-31.616001,-36.626003,179.685,-1.689,0.379,,,,,,,,2026-09-13 03:14:02.146
133703.4,-0.057461,0.287304,9.780313,-0.065911,0.289308,9.802160,-0.003054,-0.003054,0.000000,-0.439000,-32.184002,-34.354000,179.563,-1.691,0.385,,,,,,,,2026-09-13 03:14:02.250
133799.3,-0.035913,0.296881,9.813833,-0.065044,0.289108,9.802172,-0.000611,-0.001833,0.001222,1.215000,-29.926001,-34.590000,179.187,-1.689,0.380,,,,,,,,2026-09-13 03:14:02.346
133903.4,-0.052672,0.263362,9.818622,-0.064821,0.288946,9.802178,0.000611,0.004887,-0.001222,0.882000,-31.335001,-35.662003,179.186,-1.688,0.379,,,,,,,,2026-09-13 03:14:02.450
133999.3,-0.052672,0.275333,9.840169,-0.065017,0.289078,9.802173,-0.001222,0.000611,0.001222,0.424000,-31.371002,-34.471001,179.186,-1.689,0.380,,,,,,,,2026-09-13 03:14:02.546
134103.3,-0.045490,0.284910,9.797073,-0.064543,0.288821,9.802184,0.000000,-0.001222,0.000000,-0.476000,-30.829002,-35.871002,179.185,-1.688,0.377,,,,,,,,2026-09-13 03:14:02.650
134199.3,-0.043096,0.260968,9.801862,-0.064878,0.289934,9.802149,0.000000,-0.000611,0.001833,0.034000,-31.702002,-37.382000,179.184,-1.694,0.379,,,,,,,,2026-09-13 03:14:02.746
134303.3,-0.057461,0.275333,9.785102,-0.065365,0.291448,9.802100,0.000000,0.000611,-0.000611,-0.759000,-31.502001,-36.838001,179.184,-1.703,0.382,,,,,,,,2026-09-13 03:14:02.850
134399.2,-0.045490,0.289698,9.789890,-0.065340,0.292417,9.802072,-0.000611,0.000611,-0.000611,0.903000,-29.493002,-33.618000,179.185,-1.709,0.382,,,,,,,,2026-09-13 03:14:02.946
134503.2,-0.059855,0.268151,9.792285,-0.065579,0.293059,9.802051,0.001222,-0.000611,-0.001222,-0.188000,-30.237001,-33.500000,179.184,-1.712,0.383,,,,,,,,2026-09-13 03:14:03.050
134599.2,-0.050278,0.277727,9.830592,-0.065254,0.294117,9.802021,0.001833,0.001222,-0.000611,0.269000,-30.286001,-33.827003,179.186,-1.719,0.381,,,,,,,,2026-09-13 03:14:03.146
134703.2,-0.059855,0.280122,9.813833,-0.065659,0.294548,9.802006,0.001833,0.000611,-0.000611,1.091000,-31.765001,-34.798000,179.186,-1.721,0.384,,,,,,,,2026-09-13 03:14:03.250
134799.2,-0.050278,0.268151,9.821015,-0.065500,0.294223,9.802016,-0.000611,0.000000,0.000000,-0.885000,-30.044001,-35.548000,179.187,-1.719,0.383,,,,,,,,2026-09-13 03:14:03.346
134903.3,-0.040701,0.282516,9.794679,-0.065312,0.293717,9.802033,0.001833,0.001833,0.001222,2.015000,-30.292002,-32.759003,179.187,-1.716,0.382,,,,,,,,2026-09-13 03:14:03.450
134999.3,-0.047884,0.289698,9.730036,-0.065061,0.293608,9.802037,0.001833,0.003054,0.001222,1.199000,-31.676001,-36.742001,179.185,-1.716,0.380,,,,,,,,2026-09-13 03:14:03.546
135103.3,-0.064643,0.263362,9.787497,-0.066080,0.294338,9.802009,-0.000611,-0.001833,0.000611,-1.375000,-32.277000,-34.671001,179.185,-1.720,0.386,,,,,,,,2026-09-13 03:14:03.650
135199.3,-0.035913,0.265756,9.806650,-0.065477,0.294235,9.802016,0.000000,-0.001833,-0.000611,-1.375000,-32.105003,-36.291000,179.184,-1.719,0.383,,,,,,,,2026-09-13 03:14:03.746
135303.3,-0.067038,0.289698,9.844957,-0.065565,0.294405,9.802011,0.004276,0.002443,-0.001222,-0.486000,-30.838001,-37.166000,179.185,-1.720,0.383,,,,,,,,2026-09-13 03:14:03.850
135399.4,-0.050278,0.282516,9.854534,-0.065143,0.295099,9.801992,0.002443,0.000611,-0.000611,0.503000,-30.177002,-34.585003,179.185,-1.724,0.381,,,,,,,,2026-09-13 03:14:03.946
135503.4,-0.045490,0.284910,9.782708,-0.064801,0.295034,9.801997,0.001222,-0.001222,0.001833,1.132000,-31.038002,-35.881001,179.184,-1.724,0.379,,,,,,,,2026-09-13 03:14:04.050
135599.4,-0.043096,0.296881,9.813833,-0.064391,0.295085,9.801998,0.002443,0.001833,0.001222,0.533000,-31.367001,-35.444000,179.184,-1.724,0.376,,,,,,,,2026-09-13 03:14:04.146
135703.4,-0.074220,0.277727,9.821015,-0.065061,0.295555,9.801979,-0.000611,-0.001222,-0.001222,0.105000,-30.774002,-36.091003,179.184,-1.727,0.380,,,,,,,,2026-09-13 03:14:04.250
135799.4,-0.045490,0.277727,9.828198,-0.064938,0.295128,9.801993,-0.001222,-0.001222,0.000611,1.018000,-32.953003,-33.929001,179.182,-1.725,0.380,,,,,,,,2026-09-13 03:14:04.346
135903.4,-0.057461,0.296881,9.813833,-0.064999,0.294584,9.802009,0.000000,0.001222,-0.000611,0.892000,-31.239002,-35.123001,179.181,-1.721,0.380,,,,,,,,2026-09-13 03:14:04.450
135999.4,-0.059855,0.280122,9.828198,-0.065111,0.294312,9.802016,0.000000,0.000611,0.001833,0.619000,-31.816002,-35.550003,179.178,-1.720,0.381,,,,,,,,2026-09-13 03:14:04.546
136103.4,-0.059855,0.296881,9.799467,-0.065122,0.293508,9.802040,0.002443,0.004276,0.000000,-0.418000,-31.647001,-36.300003,179.177,-1.715,0.381,,,,,,,,2026-09-13 03:14:04.650
136199.4,-0.045490,0.299275,9.797073,-0.065236,0.292972,9.802055,-0.000611,-0.001222,-0.000611,-0.238000,-32.450001,-36.082001,179.174,-1.712,0.381,,,,,,,,2026-09-13 03:14:04.746
136303.5,-0.057461,0.275333,9.811439,-0.065605,0.292317,9.802073,0.000000,0.000611,0.001222,0.444000,-30.837002,-36.741001,179.177,-1.708,0.383,,,,,,,,2026-09-13 03:14:04.850
136399.5,-0.047884,0.270545,9.816227,-0.065452,0.291884,9.802087,0.000000,0.001833,-0.000611,0.134000,-31.965002,-37.166000,179.175,-1.706,0.383,,,,,,,,2026-09-13 03:14:04.946
136503.4,-0.059855,0.299275,9.789890,-0.064925,0.291663,9.802096,0.000611,-0.000611,0.001222,0.407000,-31.388002,-36.738003,179.184,-1.704,0.379,,,,,,,,2026-09-13 03:14:05.050
136599.4,-0.035913,0.275333,9.794679,-0.064976,0.291042,9.802115,-0.000611,-0.001222,0.002443,-0.193000,-31.977001,-34.249001,179.180,-1.701,0.380,,,,,,,,2026-09-13 03:14:05.146
136703.4,-0.074220,0.280122,9.746795,-0.064716,0.290723,9.802127,0.002443,0.004276,-0.001833,-0.384000,-29.622002,-34.257000,179.179,-1.699,0.378,,,,,,,,2026-09-13 03:14:05.250
136799.4,-0.052672,0.299275,9.785102,-0.065032,0.290766,9.802123,-0.000611,0.001222,-0.002443,0.929000,-30.687002,-35.017002,179.179,-1.699,0.380,,,,,,,,2026-09-13 03:14:05.346
136903.3,-0.035913,0.272939,9.813833,-0.064781,0.290451,9.802135,0.000000,0.000611,0.001833,-1.988000,-31.057001,-34.456001,179.178,-1.697,0.379,,,,,,,,2026-09-13 03:14:05.450
136999.4,-0.050278,0.287304,9.787497,-0.064813,0.290206,9.802140,0.000611,0.002443,0.000611,-0.107000,-30.518002,-35.767002,179.177,-1.696,0.379,,,,,,,,2026-09-13 03:14:05.546
137103.4,-0.076614,0.289698,9.816227,-0.064746,0.290471,9.802134,-0.000611,0.000000,0.000000,-0.412000,-30.079002,-33.931000,179.176,-1.697,0.378,,,,,,,,2026-09-13 03:14:05.650
137199.4,-0.031125,0.277727,9.821015,-0.064989,0.289983,9.802146,-0.002443,-0.004887,0.000000,0.683000,-30.807001,-35.879002,179.177,-1.694,0.380,,,,,,,,2026-09-13 03:14:05.746
137303.4,-0.069432,0.289698,9.811439,-0.064574,0.289428,9.802165,0.003054,0.004887,0.001833,0.213000,-29.293001,-34.694000,179.178,-1.691,0.377,,,,,,,,2026-09-13 03:14:05.850
137399.4,-0.052672,0.292093,9.780313,-0.065764,0.290146,9.802136,0.001222,0.002443,0.000611,-0.896000,-30.313002,-34.575001,179.175,-1.695,0.384,,,,,,,,2026-09-13 03:14:05.946
137503.4,-0.052672,0.258574,9.797073,-0.065495,0.290030,9.802141,0.000000,0.001222,0.001222,-0.505000,-31.286001,-35.653000,179.173,-1.695,0.383,,,,,,,,2026-09-13 03:14:06.050
137599.4,-0.050278,0.280122,9.804255,-0.065763,0.290264,9.802133,0.001222,0.001222,0.000611,0.410000,-29.564001,-37.070004,179.174,-1.696,0.384,,,,,,,,2026-09-13 03:14:06.146
137703.4,-0.062249,0.299275,9.809045,-0.065786,0.290301,9.802132,-0.000611,-0.001222,0.000000,-0.676000,-30.647001,-33.171001,179.173,-1.696,0.385,,,,,,,,2026-09-13 03:14:06.250
137799.4,-0.052672,0.270545,9.797073,-0.066057,0.290047,9.802137,0.000611,0.001833,-0.000611,-1.524000,-31.015001,-34.891003,179.172,-1.695,0.386,,,,,,,,2026-09-13 03:14:06.346
137903.4,-0.057461,0.304064,9.787497,-0.066068,0.289981,9.802139,-0.001833,-0.000611,0.001222,0.595000,-30.533001,-34.584003,179.171,-1.694,0.386,,,,,,,,2026-09-13 03:14:06.450
137999.4,-0.023942,0.294487,9.806650,-0.066189,0.289384,9.802155,-0.001222,0.000000,-0.001222,0.255000,-30.300001,-35.662003,179.171,-1.691,0.387,,,,,,,,2026-09-13 03:14:06.546
138103.4,-0.064643,0.272939,9.809045,-0.066173,0.289140,9.802163,0.002443,0.004276,-0.000611,-0.754000,-31.411001,-36.946003,179.170,-1.690,0.387,,,,,,,,2026-09-13 03:14:06.650
138199.4,-0.055067,0.301669,9.789890,-0.066851,0.289943,9.802135,0.000611,0.000611,-0.000611,0.018000,-32.147003,-35.437000,179.169,-1.694,0.391,,,,,,,,2026-09-13 03:14:06.746
138303.4,-0.033519,0.287304,9.739613,-0.066255,0.289742,9.802145,-0.001222,0.001222,-0.000611,0.414000,-31.209002,-37.387001,179.168,-1.693,0.387,,,,,,,,2026-09-13 03:14:06.850
138399.4,-0.050278,0.258574,9.811439,-0.066411,0.289752,9.802143,-0.001833,-0.000611,0.000000,0.627000,-31.464001,-37.711002,179.169,-1.693,0.388,,,,,,,,2026-09-13 03:14:06.946
138503.4,-0.064643,0.304064,9.806650,-0.066745,0.290185,9.802128,0.000000,-0.001833,0.000000,1.598000,-30.735001,-38.260002,179.167,-1.696,0.390,,,,,,,,2026-09-13 03:14:07.050
138599.3,-0.038307,0.284910,9.794679,-0.066891,0.290285,9.802124,-0.001833,-0.003054,0.000611,0.022000,-30.322001,-35.660000,179.168,-1.696,0.391,,,,,,,,2026-09-13 03:14:07.146
138703.3,-0.057461,0.287304,9.794679,-0.066585,0.290498,9.802120,0.001833,0.004276,0.000611,-0.119000,-30.874001,-34.146000,179.165,-1.697,0.389,,,,,,,,2026-09-13 03:14:07.250
138799.3,-0.071826,0.294487,9.785102,-0.067247,0.290312,9.802121,0.000000,0.001833,0.000000,0.399000,-31.653002,-35.333000,179.166,-1.696,0.393,,,,,,,,2026-09-13 03:14:07.346
138903.4,-0.043096,0.263362,9.792285,-0.066971,0.289980,9.802133,-0.001833,-0.001833,0.000000,-0.329000,-32.265003,-34.354000,179.165,-1.694,0.391,,,,,,,,2026-09-13 03:14:07.450
138999.4,-0.043096,0.268151,9.816227,-0.067228,0.289522,9.802145,0.000611,0.002443,-0.000611,0.132000,-30.404001,-35.769001,179.165,-1.692,0.393,,,,,,,,2026-09-13 03:14:07.546
139103.5,-0.071826,0.301669,9.787497,-0.066700,0.289295,9.802155,0.001833,0.000000,0.000000,0.116000,-30.676001,-35.336002,179.282,-1.690,0.390,,,,,,,,2026-09-13 03:14:07.650
139199.5,-0.047884,0.306458,9.816227,-0.067063,0.289818,9.802137,-0.001222,-0.001222,0.000611,-0.248000,-30.983002,-35.008003,179.282,-1.694,0.392,,,,,,,,2026-09-13 03:14:07.746
139303.6,-0.057461,0.263362,9.818622,-0.066465,0.289843,9.802140,0.000611,0.001833,0.000000,0.138000,-32.046001,-35.762001,179.281,-1.694,0.388,,,,,,,,2026-09-13 03:14:07.850
139399.6,-0.059855,0.287304,9.787497,-0.066768,0.289937,9.802135,0.000000,0.000611,0.000000,0.352000,-30.479002,-36.634003,179.282,-1.694,0.390,,,,,,,,2026-09-13 03:14:07.946
139503.6,-0.047884,0.299275,9.816227,-0.066278,0.289789,9.802143,0.001222,0.002443,0.000611,-0.750000,-31.406002,-36.406002,179.281,-1.693,0.387,,,,,,,,2026-09-13 03:14:08.050
139599.7,-0.062249,0.275333,9.799467,-0.066513,0.289660,9.802145,-0.001222,0.002443,0.000611,-1.077000,-29.511002,-34.901001,179.280,-1.693,0.389,,,,,,,,2026-09-13 03:14:08.146
139703.8,-0.047884,0.292093,9.751583,-0.066523,0.288898,9.802168,0.000000,-0.001833,-0.000611,-0.256000,-31.162001,-34.359001,179.278,-1.688,0.389,,,,,,,,2026-09-13 03:14:08.250
139799.8,-0.047884,0.299275,9.832987,-0.066701,0.288946,9.802165,-0.001222,0.001222,-0.000611,-0.669000,-30.297001,-35.440002,179.277,-1.688,0.390,,,,,,,,2026-09-13 03:14:08.346
139903.9,-0.064643,0.280122,9.811439,-0.066609,0.288762,9.802172,-0.001222,-0.000611,0.000611,1.161000,-30.752001,-34.479000,179.277,-1.687,0.389,,,,,,,,2026-09-13 03:14:08.450
139999.9,-0.055067,0.280122,9.789890,-0.066866,0.287656,9.802202,-0.002443,-0.003054,0.001222,-0.651000,-31.670002,-36.298000,179.277,-1.681,0.391,,,,,,,,2026-09-13 03:14:08.546
140104.0,-0.045490,0.282516,9.787497,-0.066679,0.287414,9.802211,0.001222,0.003665,0.001833,0.213000,-32.678001,-35.652000,179.277,-1.679,0.390,,,,,,,,2026-09-13 03:14:08.651
140200.0,-0.071826,0.277727,9.789890,-0.067036,0.286988,9.802220,-0.000611,0.000000,0.000611,-0.379000,-31.180002,-35.222000,179.277,-1.677,0.392,,,,,,,,2026-09-13 03:14:08.747
140304.1,-0.023942,0.272939,9.720459,-0.066571,0.286530,9.802237,0.000611,-0.003665,-0.001833,-0.567000,-30.471001,-35.764000,179.830,-1.674,0.389,,,,,,,,2026-09-13 03:14:08.851
140400.1,-0.045490,0.294487,9.816227,-0.066753,0.286799,9.802228,0.001833,0.003665,-0.001222,-0.290000,-31.539001,-35.653000,179.828,-1.676,0.390,,,,,,,,2026-09-13 03:14:08.947
140504.2,-0.069432,0.272939,9.794679,-0.067456,0.287157,9.802213,0.001833,0.000611,-0.000611,-0.095000,-30.334002,-35.768002,179.827,-1.678,0.394,,,,,,,,2026-09-13 03:14:09.051
140600.2,-0.083797,0.272939,9.782708,-0.067191,0.286903,9.802222,-0.001833,-0.001833,-0.000611,0.033000,-30.312002,-34.257000,179.826,-1.676,0.393,,,,,,,,2026-09-13 03:14:09.147
140704.3,-0.040701,0.282516,9.785102,-0.066714,0.286788,9.802229,0.001222,0.003054,-0.001222,0.015000,-30.673002,-33.392002,179.825,-1.676,0.390,,,,,,,,2026-09-13 03:14:09.251
140800.3,-0.059855,0.270545,9.797073,-0.066944,0.286276,9.802242,0.000000,0.001222,0.001222,-0.520000,-29.823002,-35.119003,179.825,-1.673,0.391,,,,,,,,2026-09-13 03:14:09.347
140904.4,-0.045490,0.292093,9.775525,-0.067251,0.286188,9.802243,0.000611,0.001833,0.002443,0.819000,-30.606001,-35.017002,179.823,-1.672,0.393,,,,,,,,2026-09-13 03:14:09.451
141000.4,-0.064643,0.304064,9.809045,-0.067268,0.286474,9.802234,0.000000,0.000611,0.000000,-1.261000,-30.533001,-34.895000,179.821,-1.674,0.393,,,,,,,,2026-09-13 03:14:09.547
141096.5,-0.038307,0.268151,9.878476,-0.067542,0.286227,9.802239,0.001222,0.000611,0.000000,-0.041000,-31.158001,-36.844002,179.819,-1.673,0.395,,,,,,,,2026-09-13 03:14:09.643
141200.5,-0.062249,0.284910,9.804255,-0.067549,0.286665,9.802226,0.002443,0.001833,0.000611,2.277000,-31.375002,-34.591003,179.819,-1.675,0.395,,,,,,,,2026-09-13 03:14:09.747
141304.6,-0.050278,0.289698,9.825804,-0.067926,0.287008,9.802215,-0.001222,-0.001222,0.000611,-0.388000,-31.103001,-37.274002,179.819,-1.677,0.397,,,,,,,,2026-09-13 03:14:09.851
141400.6,-0.055067,0.270545,9.799467,-0.067528,0.286466,9.802233,-0.000611,-0.001222,-0.000611,-0.100000,-30.339001,-36.415001,179.816,-1.674,0.395,,,,,,,,2026-09-13 03:14:09.947
141496.7,-0.043096,0.265756,9.823410,-0.067745,0.285735,9.802252,-0.000611,0.001222,0.000611,0.594000,-30.449001,-35.556004,179.815,-1.670,0.396,,,,,,,,2026-09-13 03:14:10.043
141600.7,-0.064643,0.282516,9.586384,-0.066114,0.279891,9.802432,-0.006720,-0.003665,-0.001833,0.862000,-29.963001,-35.020000,179.782,-1.635,0.386,,,,,,,,2026-09-13 03:14:10.147
141704.8,-0.026336,0.244209,9.722853,-0.066152,0.278636,9.802468,-0.001833,-0.001833,0.001222,-0.462000,-30.901001,-33.280003,179.817,-1.628,0.387,,,,,,,,2026-09-13 03:14:10.251
141800.9,-0.057461,0.268151,9.761160,-0.066510,0.279041,9.802454,0.000611,0.001833,0.000611,-0.643000,-29.756001,-36.846001,179.798,-1.631,0.389,,,,,,,,2026-09-13 03:14:10.347
141896.9,-0.057461,0.284910,9.799467,-0.067011,0.279490,9.802438,-0.000611,0.003665,0.000611,0.594000,-30.534002,-34.692001,179.811,-1.633,0.392,,,,,,,,2026-09-13 03:14:10.443
142000.9,-0.047884,0.275333,9.782708,-0.066612,0.279372,9.802444,-0.002443,-0.001833,0.000000,0.304000,-31.300001,-35.766003,179.882,-1.632,0.389,,,,,,,,2026-09-13 03:14:10.547
142105.0,-0.038307,0.280122,9.775525,-0.066690,0.278752,9.802461,0.001222,0.003054,0.001222,-0.050000,-29.775002,-34.691002,179.881,-1.629,0.390,,,,,,,,2026-09-13 03:14:10.652
142201.0,-0.086191,0.234632,9.866506,-0.066448,0.279680,9.802436,0.000000,0.003665,0.000611,0.954000,-30.319002,-35.019001,179.825,-1.634,0.388,,,,,,,,2026-09-13 03:14:10.748
142297.0,-0.045490,0.275333,9.813833,-0.067254,0.279158,9.802445,0.001222,-0.002443,-0.001222,0.579000,-30.720001,-35.015003,179.888,-1.631,0.393,,,,,,,,2026-09-13 03:14:10.844
142401.1,-0.107739,0.244209,9.837775,-0.065624,0.279465,9.802447,-0.001833,-0.000611,-0.001222,-1.108000,-29.971001,-35.007000,179.635,-1.633,0.384,,,,,,,,2026-09-13 03:14:10.948
142505.2,-0.052672,0.325611,9.794679,-0.066661,0.278705,9.802463,-0.001833,0.001222,-0.001222,1.280000,-30.738001,-34.156002,179.877,-1.629,0.390,,,,,,,,2026-09-13 03:14:11.052
142601.2,-0.098162,0.244209,10.081984,-0.066682,0.278949,9.802456,-0.001833,0.000611,-0.000611,0.561000,-31.081001,-34.149002,179.817,-1.630,0.390,,,,,,,,2026-09-13 03:14:11.148
142705.3,-0.028730,0.311246,9.878476,-0.067405,0.278358,9.802466,-0.001833,-0.002443,0.001222,0.275000,-29.936001,-36.203003,179.575,-1.627,0.394,,,,,,,,2026-09-13 03:14:11.252
142801.3,-0.050278,0.294487,9.866506,-0.066112,0.277633,9.802497,-0.000611,0.001222,0.000000,-0.515000,-29.991001,-32.959003,179.562,-1.622,0.386,,,,,,,,2026-09-13 03:14:11.348
142897.3,-0.028730,0.284910,9.871294,-0.065861,0.277419,9.802505,0.000000,0.002443,0.001222,-0.335000,-30.536001,-35.117001,179.607,-1.621,0.385,,,,,,,,2026-09-13 03:14:11.444
143001.4,-0.062249,0.282516,9.868899,-0.065288,0.277465,9.802507,0.002443,0.001833,0.001833,0.961000,-30.226002,-34.911003,179.523,-1.621,0.382,,,,,,,,2026-09-13 03:14:11.548
143105.4,-0.040701,0.282516,9.813833,-0.065361,0.277501,9.802505,-0.000611,0.000000,0.000611,-0.916000,-30.676001,-34.033001,179.521,-1.622,0.382,,,,,,,,2026-09-13 03:14:11.652
143201.4,-0.057461,0.260968,9.861717,-0.064158,0.277767,9.802505,0.001222,0.002443,0.000611,-1.258000,-30.444002,-35.327003,179.518,-1.623,0.375,,,,,,,,2026-09-13 03:14:11.748
143297.4,-0.076614,0.272939,9.821015,-0.064790,0.277953,9.802496,0.001222,0.003665,0.000611,-0.485000,-31.009001,-35.438004,179.517,-1.624,0.379,,,,,,,,2026-09-13 03:14:11.844
143401.4,-0.045490,0.287304,9.821015,-0.064262,0.278780,9.802476,-0.000611,-0.003665,0.000611,-0.064000,-29.789001,-36.526001,179.514,-1.629,0.376,,,,,,,,2026-09-13 03:14:11.948
143505.3,-0.055067,0.268151,9.832987,-0.064470,0.278780,9.802475,0.000611,0.004887,0.000000,0.472000,-30.465002,-36.203003,179.514,-1.629,0.377,,,,,,,,2026-09-13 03:14:12.052
143601.3,-0.071826,0.318429,9.854534,-0.063600,0.279294,9.802466,-0.001222,0.002443,0.000611,-0.787000,-31.786001,-38.024002,179.333,-1.632,0.372,,,,,,,,2026-09-13 03:14:12.148
143697.3,-0.043096,0.296881,9.811439,-0.064527,0.278287,9.802488,-0.000611,-0.003054,-0.001222,0.219000,-30.765001,-36.416000,179.436,-1.626,0.377,,,,,,,,2026-09-13 03:14:12.244
143801.3,-0.050278,0.260968,9.876082,-0.063274,0.278591,9.802487,0.000000,0.003054,0.000000,-0.922000,-30.596001,-35.545002,179.068,-1.628,0.370,,,,,,,,2026-09-13 03:14:12.348
143905.3,-0.055067,0.289698,9.809045,-0.064416,0.277980,9.802498,0.000000,0.004887,0.000000,-0.854000,-31.319002,-35.542000,179.025,-1.624,0.377,,,,,,,,2026-09-13 03:14:12.452
144001.4,-0.062249,0.292093,9.813833,-0.063997,0.276874,9.802532,-0.001222,-0.001222,0.000000,0.090000,-31.132002,-34.794003,179.023,-1.618,0.374,,,,,,,,2026-09-13 03:14:12.548
144097.4,-0.026336,0.263362,9.765948,-0.063897,0.276155,9.802552,0.002443,-0.005498,-0.000611,0.085000,-31.308001,-33.821003,179.103,-1.614,0.373,,,,,,,,2026-09-13 03:14:12.644
144201.4,-0.074220,0.287304,9.883265,-0.063907,0.275905,9.802560,0.002443,-0.001222,-0.001222,-0.363000,-31.165001,-33.171001,179.284,-1.612,0.374,,,,,,,,2026-09-13 03:14:12.748
144305.4,-0.076614,0.225055,9.864111,-0.064469,0.276553,9.802538,0.001222,0.001222,-0.000611,-1.369000,-30.621002,-32.951000,179.445,-1.616,0.377,,,,,,,,2026-09-13 03:14:12.852
144401.5,-0.031125,0.280122,9.818622,-0.064618,0.276409,9.802541,0.000611,-0.004887,0.001222,-0.976000,-29.773001,-34.576000,178.753,-1.615,0.378,,,,,,,,2026-09-13 03:14:12.948
144505.5,-0.124498,0.265756,9.780313,-0.064054,0.276405,9.802545,0.002443,-0.002443,0.001222,-0.683000,-32.217003,-35.756001,178.940,-1.615,0.374,,,,,,,,2026-09-13 03:14:13.052
144601.5,-0.011971,0.311246,9.749189,-0.061544,0.276529,9.802557,0.004887,0.006109,0.000000,0.301000,-31.302002,-36.090000,179.040,-1.616,0.360,,,,,,,,2026-09-13 03:14:13.148
144697.5,0.069432,0.287304,9.701305,-0.060841,0.276681,9.802558,-0.000611,0.003054,0.001222,-0.650000,-29.935001,-36.197002,179.300,-1.617,0.356,,,,,,,,2026-09-13 03:14:13.244
144801.5,-0.062249,0.272939,9.873688,-0.056164,0.275817,9.802610,-0.002443,-0.001222,0.000000,0.913000,-31.046001,-33.936001,179.041,-1.612,0.328,,,,,,,,2026-09-13 03:14:13.348
144897.6,-0.059855,0.237026,9.926360,-0.056418,0.275862,9.802607,0.000611,-0.001833,0.000611,1.395000,-30.728001,-34.372002,179.159,-1.612,0.330,,,,,,,,2026-09-13 03:14:13.444
145001.6,-0.067038,0.277727,9.818622,-0.057108,0.275974,9.802599,0.002443,0.006109,-0.001222,-1.593000,-31.941002,-35.859001,179.707,-1.613,0.334,,,,,,,,2026-09-13 03:14:13.548
145097.6,-0.143652,0.304064,9.801862,-0.058086,0.276502,9.802580,-0.004276,0.000000,-0.001222,0.262000,-30.379002,-33.934002,179.686,-1.616,0.340,,,,,,,,2026-09-13 03:14:13.644
145201.7,-0.004788,0.483629,9.605537,-0.058227,0.276430,9.802580,0.001833,0.004276,-0.000611,0.165000,-31.591002,-36.304001,179.563,-1.615,0.340,,,,,,,,2026-09-13 03:14:13.748
145305.7,-0.040701,0.313640,9.854534,-0.059664,0.276524,9.802569,0.000000,0.002443,-0.001222,-0.014000,-30.874001,-35.658001,179.819,-1.616,0.349,,,,,,,,2026-09-13 03:14:13.852
145401.8,-0.035913,0.284910,9.832987,-0.059371,0.275914,9.802588,-0.000611,-0.001833,0.000000,-0.641000,-30.097002,-33.282001,179.032,-1.612,0.347,,,,,,,,2026-09-13 03:14:13.948
145505.8,-0.074220,0.268151,9.871294,-0.059889,0.275500,9.802596,-0.000611,-0.001833,-0.000611,0.377000,-30.455002,-33.395000,178.754,-1.610,0.350,,,,,,,,2026-09-13 03:14:14.052
145601.9,-0.026336,0.251391,9.809045,-0.059967,0.276077,9.802580,-0.002443,0.000000,-0.001222,-0.244000,-30.808001,-36.088001,179.223,-1.613,0.350,,,,,,,,2026-09-13 03:14:14.148
145697.9,-0.062249,0.272939,9.847352,-0.060389,0.275795,9.802585,-0.001222,-0.001222,-0.000611,-1.258000,-30.617001,-33.815002,179.947,-1.612,0.353,,,,,,,,2026-09-13 03:14:14.244
145802.0,-0.040701,0.270545,9.816227,-0.060444,0.276296,9.802570,-0.001833,-0.002443,-0.000611,0.246000,-30.652002,-33.609001,179.845,-1.614,0.353,,,,,,,,2026-09-13 03:14:14.349
145898.0,-0.057461,0.316035,10.034100,-0.060247,0.276194,9.802575,0.003665,0.006720,-0.001222,-0.438000,-28.799002,-33.288002,179.484,-1.614,0.352,,,,,,,,2026-09-13 03:14:14.445
146002.1,-0.031125,0.318429,10.077195,-0.060260,0.276751,9.802559,0.001833,0.005498,-0.000611,1.075000,-30.217001,-35.236000,179.464,-1.617,0.352,,,,,,,,2026-09-13 03:14:14.549
146098.2,-0.067038,0.253785,9.976639,-0.060226,0.275886,9.802584,0.007330,0.008552,0.000000,1.391000,-30.560001,-36.424004,179.520,-1.612,0.352,,,,,,,,2026-09-13 03:14:14.645
146202.2,-0.052672,0.239420,10.101137,-0.060827,0.276986,9.802549,0.000611,0.000611,0.001833,0.275000,-31.672001,-36.304001,179.798,-1.619,0.356,,,,,,,,2026-09-13 03:14:14.749
146298.2,-0.079009,0.308852,9.955091,-0.060662,0.277125,9.802546,0.001833,0.005498,-0.001222,-1.336000,-31.552002,-35.970001,179.476,-1.619,0.355,,,,,,,,2026-09-13 03:14:14.845
146402.3,-0.055067,0.282516,9.923966,-0.061319,0.277244,9.802539,-0.000611,-0.001833,0.001833,-1.008000,-31.883001,-35.647003,179.485,-1.620,0.358,,,,,,,,2026-09-13 03:14:14.949
146498.3,-0.074220,0.251391,10.024523,-0.061520,0.277562,9.802528,-0.002443,-0.003054,0.001222,-0.025000,-31.228001,-33.929001,179.317,-1.622,0.360,,,,,,,,2026-09-13 03:14:15.045
146594.2,-0.019154,0.284910,9.837775,-0.061169,0.277414,9.802535,-0.004276,-0.006109,0.000611,-0.410000,-29.991001,-34.471001,178.829,-1.621,0.358,,,,,,,,2026-09-13 03:14:15.141
146698.3,-0.052672,0.208296,9.830592,-0.060319,0.277227,9.802546,0.004276,0.001222,0.001222,0.936000,-30.594002,-34.910000,178.964,-1.620,0.353,,,,,,,,2026-09-13 03:14:15.245
146802.3,-0.023942,0.277727,9.871294,-0.060813,0.277508,9.802534,-0.000611,-0.002443,0.000000,0.069000,-31.410002,-35.116001,179.186,-1.622,0.355,,,,,,,,2026-09-13 03:14:15.349
146898.3,-0.062249,0.272939,9.835381,-0.060716,0.277509,9.802535,-0.000611,-0.001222,0.001222,-0.924000,-30.683001,-35.005001,179.519,-1.622,0.355,,,,,,,,2026-09-13 03:14:15.445
146994.3,-0.021548,0.184354,9.782708,-0.060401,0.277656,9.802532,0.007941,0.003054,0.000611,0.342000,-30.747002,-35.553001,179.337,-1.622,0.353,,,,,,,,2026-09-13 03:14:15.541
147098.3,-0.083797,0.284910,9.864111,-0.061398,0.278333,9.802507,0.001833,0.001222,0.001222,0.597000,-30.359001,-35.880001,179.151,-1.626,0.359,,,,,,,,2026-09-13 03:14:15.645
147202.3,-0.026336,0.284910,9.825804,-0.061357,0.278460,9.802505,0.004276,0.003054,0.001222,0.696000,-30.795002,-34.151001,178.963,-1.627,0.359,,,,,,,,2026-09-13 03:14:15.749
147298.4,-0.059855,0.277727,9.818622,-0.061117,0.278970,9.802490,0.001222,0.001833,-0.001222,0.396000,-30.007002,-34.908001,178.918,-1.630,0.357,,,,,,,,2026-09-13 03:14:15.845
147402.4,-0.033519,0.272939,9.854534,-0.061356,0.279196,9.802484,0.001833,-0.000611,-0.000611,-0.207000,-30.513002,-33.607002,179.273,-1.631,0.359,,,,,,,,2026-09-13 03:14:15.949
147498.4,-0.050278,0.263362,9.727641,-0.061464,0.279007,9.802487,-0.001833,0.001222,-0.000611,-0.504000,-31.199001,-36.301003,179.103,-1.630,0.359,,,,,,,,2026-09-13 03:14:16.045
147602.5,-0.031125,0.268151,9.737218,-0.062130,0.277855,9.802516,-0.003054,-0.002443,0.000611,-0.101000,-30.426001,-35.767002,179.249,-1.624,0.363,,,,,,,,2026-09-13 03:14:16.149
147698.5,-0.076614,0.272939,10.019734,-0.059908,0.276917,9.802557,0.000611,0.003665,0.001222,-0.617000,-31.294001,-35.112003,179.818,-1.618,0.350,,,,,,,,2026-09-13 03:14:16.245
147802.6,0.052672,0.428562,9.868899,-0.059058,0.277245,9.802552,-0.004276,0.020159,0.000611,1.008000,-29.493002,-35.131001,179.758,-1.620,0.345,,,,,,,,2026-09-13 03:14:16.349
147898.6,-0.047884,0.234632,9.818622,-0.061159,0.276279,9.802567,0.003665,0.003054,-0.000611,0.646000,-29.967001,-32.643002,179.823,-1.614,0.357,,,,,,,,2026-09-13 03:14:16.445
148002.7,-0.002394,0.272939,9.507375,-0.061000,0.276544,9.802560,0.001222,-0.000611,0.001222,1.278000,-30.825001,-33.507000,179.432,-1.616,0.357,,,,,,,,2026-09-13 03:14:16.549
148098.7,-0.057461,0.280122,9.753978,-0.060991,0.276917,9.802549,-0.001222,0.003665,0.000611,-0.777000,-30.042002,-36.736000,179.349,-1.618,0.356,,,,,,,,2026-09-13 03:14:16.645
148202.7,-0.023942,0.287304,9.684546,-0.061770,0.275631,9.802581,-0.004887,-0.006109,0.000000,0.042000,-31.694002,-36.303001,179.413,-1.611,0.361,,,,,,,,2026-09-13 03:14:16.749
148298.8,-0.052672,0.253785,9.773131,-0.061154,0.275797,9.802581,-0.003054,0.000000,-0.000611,-1.153000,-32.351002,-35.320004,179.499,-1.612,0.357,,,,,,,,2026-09-13 03:14:16.845
148402.8,-0.050278,0.289698,9.782708,-0.061894,0.275917,9.802572,0.000000,0.002443,0.001222,0.483000,-30.368002,-35.555000,179.315,-1.612,0.362,,,,,,,,2026-09-13 03:14:16.949
148498.9,-0.076614,0.272939,9.811439,-0.062229,0.276194,9.802563,-0.001222,-0.001222,0.001222,-0.286000,-29.543001,-37.497002,179.510,-1.614,0.364,,,,,,,,2026-09-13 03:14:17.045
148602.9,-0.079009,0.126893,10.496181,-0.061925,0.276234,9.802563,-0.002443,-0.001222,-0.000611,-1.003000,-30.229002,-34.142002,179.414,-1.614,0.362,,,,,,,,2026-09-13 03:14:17.149
148698.9,-0.083797,0.282516,9.940725,-0.062730,0.276333,9.802556,0.004887,0.007941,-0.000611,0.229000,-30.754002,-35.012001,179.601,-1.615,0.367,,,,,,,,2026-09-13 03:14:17.245
148803.0,-0.023942,0.318429,9.849746,-0.063730,0.276303,9.802549,0.000611,0.000000,-0.000611,1.068000,-30.310001,-35.343002,179.490,-1.615,0.372,,,,,,,,2026-09-13 03:14:17.350
148899.0,-0.079009,0.316035,10.043676,-0.062713,0.277795,9.802514,0.000000,0.018326,-0.001222,-0.835000,-31.043001,-35.436001,179.382,-1.623,0.367,,,,,,,,2026-09-13 03:14:17.446
149003.1,-0.079009,0.201113,9.988609,-0.064376,0.277063,9.802524,0.000611,0.000611,-0.000611,0.663000,-31.343002,-33.717003,179.447,-1.619,0.376,,,,,,,,2026-09-13 03:14:17.550
149099.1,-0.064643,0.275333,9.945514,-0.063061,0.277023,9.802534,0.003665,0.003054,0.001222,0.919000,-30.869001,-34.800003,179.555,-1.619,0.369,,,,,,,,2026-09-13 03:14:17.646
149203.2,-0.067038,0.284910,9.938332,-0.064016,0.277299,9.802520,0.002443,0.002443,-0.000611,-1.091000,-31.518002,-34.460003,179.774,-1.620,0.374,,,,,,,,2026-09-13 03:14:17.750
149299.2,-0.057461,0.277727,9.821015,-0.062737,0.277425,9.802525,0.000611,0.000611,0.000611,-0.575000,-30.650002,-35.115002,179.531,-1.621,0.367,,,,,,,,2026-09-13 03:14:17.846
149403.2,-0.038307,0.263362,9.859323,-0.063966,0.277013,9.802528,0.001833,0.003054,0.000611,-0.487000,-30.925001,-36.518002,179.477,-1.619,0.374,,,,,,,,2026-09-13 03:14:17.950
149499.2,-0.100556,0.275333,9.828198,-0.063134,0.277128,9.802530,0.002443,0.005498,0.001222,-0.740000,-31.397001,-35.111000,179.384,-1.619,0.369,,,,,,,,2026-09-13 03:14:18.046
149603.3,-0.045490,0.292093,9.746795,-0.064751,0.277906,9.802498,-0.004276,-0.004276,0.001833,-0.317000,-30.432001,-33.498001,179.093,-1.624,0.378,,,,,,,,2026-09-13 03:14:18.150
149699.3,-0.047884,0.292093,9.940725,-0.063652,0.277878,9.802505,0.000000,-0.002443,0.001833,0.424000,-31.199001,-36.091003,179.045,-1.624,0.372,,,,,,,,2026-09-13 03:14:18.246
149803.3,-0.040701,0.292093,9.974244,-0.064351,0.277454,9.802513,0.000000,0.004887,0.002443,-1.170000,-32.368000,-37.587002,179.367,-1.621,0.376,,,,,,,,2026-09-13 03:14:18.350
149899.3,-0.011971,0.270545,9.236830,-0.062798,0.278003,9.802507,0.004887,-0.002443,0.003665,-0.995000,-31.698002,-35.540001,179.367,-1.624,0.367,,,,,,,,2026-09-13 03:14:18.446
150003.3,-0.090980,0.284910,10.060435,-0.063273,0.277630,9.802515,0.001833,0.002443,0.000000,0.621000,-30.164001,-34.369003,178.931,-1.622,0.370,,,,,,,,2026-09-13 03:14:18.550
150099.4,-0.050278,0.282516,9.746795,-0.063072,0.278223,9.802500,0.003054,0.004887,-0.001222,-1.412000,-31.094002,-34.676003,178.628,-1.626,0.369,,,,,,,,2026-09-13 03:14:18.646
150203.4,0.002394,0.335188,10.014946,-0.062946,0.278390,9.802496,0.003665,0.007941,0.001222,-0.163000,-29.869001,-33.502003,178.924,-1.627,0.368,,,,,,,,2026-09-13 03:14:18.750
150299.4,0.009577,0.189142,9.718064,-0.058374,0.277329,9.802554,0.009774,0.006109,0.003665,0.328000,-31.019001,-35.012001,179.102,-1.621,0.341,,,,,,,,2026-09-13 03:14:18.846
150403.4,-0.045490,0.289698,9.914390,-0.058508,0.276236,9.802585,0.007941,0.006720,0.000611,-1.048000,-30.874001,-34.463001,179.231,-1.614,0.342,,,,,,,,2026-09-13 03:14:18.950
150499.4,-0.033519,0.270545,9.868899,-0.054486,0.274811,9.802648,0.005498,0.003665,-0.000611,-0.067000,-31.527002,-37.058002,178.850,-1.606,0.318,,,,,,,,2026-09-13 03:14:19.046
150603.5,-0.064643,0.222661,9.885659,-0.053380,0.275194,9.802643,0.002443,0.001222,0.000000,-1.590000,-31.938002,-35.427002,179.120,-1.608,0.312,,,,,,,,2026-09-13 03:14:19.150
150699.4,-0.050278,0.294487,9.789890,-0.053219,0.275421,9.802637,0.002443,0.000611,-0.001222,-1.262000,-32.097000,-36.724003,179.263,-1.609,0.311,,,,,,,,2026-09-13 03:14:19.246
150803.5,-0.064643,0.280122,9.849746,-0.053130,0.274411,9.802666,0.003665,0.003054,-0.001833,-0.223000,-30.529001,-35.658001,179.153,-1.603,0.311,,,,,,,,2026-09-13 03:14:19.350
150899.5,-0.071826,0.277727,9.832987,-0.053139,0.274204,9.802671,0.003665,0.004276,0.000000,1.982000,-30.582001,-34.593002,179.053,-1.602,0.311,,,,,,,,2026-09-13 03:14:19.446
151003.5,-0.052672,0.292093,9.852140,-0.054387,0.273987,9.802671,0.000611,-0.001222,0.000611,1.034000,-30.687002,-36.529003,179.383,-1.601,0.318,,,,,,,,2026-09-13 03:14:19.550
151099.5,-0.031125,0.263362,9.847352,-0.053878,0.274293,9.802666,0.001833,-0.002443,0.000611,-0.199000,-31.897001,-35.868000,179.301,-1.603,0.315,,,,,,,,2026-09-13 03:14:19.646
151203.6,-0.062249,0.280122,9.821015,-0.054884,0.274246,9.802661,0.000611,0.004276,-0.001833,-0.230000,-30.708002,-35.009003,178.945,-1.603,0.321,,,,,,,,2026-09-13 03:14:19.750
151299.6,-0.055067,0.289698,9.794679,-0.054917,0.273910,9.802670,-0.000611,-0.000611,0.001222,0.565000,-30.820002,-36.094002,178.944,-1.601,0.321,,,,,,,,2026-09-13 03:14:19.846
151403.7,-0.028730,0.253785,9.818622,-0.055250,0.273575,9.802678,-0.001222,-0.001222,0.002443,0.674000,-29.510002,-32.969002,178.943,-1.599,0.323,,,,,,,,2026-09-13 03:14:19.950
151499.7,-0.055067,0.282516,9.892841,-0.053383,0.273344,9.802694,0.006109,0.008552,0.000000,-0.040000,-29.594002,-35.015003,179.025,-1.597,0.312,,,,,,,,2026-09-13 03:14:20.046
151603.7,-0.055067,0.299275,9.902418,-0.054192,0.273693,9.802680,0.000611,-0.002443,0.000611,-2.219000,-31.078001,-34.239002,179.160,-1.599,0.317,,,,,,,,2026-09-13 03:14:20.150
151699.7,-0.045490,0.265756,9.859323,-0.054386,0.273461,9.802686,0.001833,0.001222,0.000000,-0.191000,-30.240002,-33.932003,179.341,-1.598,0.318,,,,,,,,2026-09-13 03:14:20.246
151803.7,-0.067038,0.299275,9.835381,-0.055399,0.273565,9.802677,0.002443,0.004276,0.000000,0.091000,-31.131002,-34.686001,179.515,-1.599,0.324,,,,,,,,2026-09-13 03:14:20.350
151899.7,-0.035913,0.287304,9.871294,-0.055835,0.273914,9.802665,0.003665,0.000611,0.000611,1.540000,-31.823002,-36.312000,179.532,-1.601,0.326,,,,,,,,2026-09-13 03:14:20.446
152003.8,-0.050278,0.270545,9.825804,-0.056519,0.274320,9.802649,0.000611,0.002443,-0.000611,-0.714000,-30.941002,-35.653000,178.998,-1.603,0.330,,,,,,,,2026-09-13 03:14:20.550
152099.8,-0.057461,0.304064,9.847352,-0.056859,0.273783,9.802663,0.002443,0.000611,-0.000611,0.376000,-30.628002,-31.883001,179.117,-1.600,0.332,,,,,,,,2026-09-13 03:14:20.646
152203.9,-0.052672,0.270545,9.880871,-0.058168,0.274026,9.802649,0.000000,0.000000,0.001222,-0.368000,-31.083002,-34.575001,179.227,-1.601,0.340,,,,,,,,2026-09-13 03:14:20.750
152299.9,-0.217872,0.371101,10.670957,-0.057736,0.274761,9.802630,-0.005498,0.015882,-0.002443,-0.482000,-31.007002,-35.114002,178.869,-1.606,0.337,,,,,,,,2026-09-13 03:14:20.846
152404.0,-0.031125,0.205901,9.780313,-0.058660,0.274475,9.802632,0.001833,-0.003665,0.001222,0.617000,-30.254002,-34.045002,179.222,-1.604,0.343,,,,,,,,2026-09-13 03:14:20.951
152500.0,-0.028730,0.282516,9.832987,-0.058974,0.274031,9.802643,0.000000,-0.001222,0.000611,-0.247000,-30.982002,-34.792000,179.160,-1.601,0.345,,,,,,,,2026-09-13 03:14:21.047
152596.0,-0.031125,0.244209,9.725247,-0.058761,0.272389,9.802691,-0.000611,0.004887,0.000000,0.479000,-30.458002,-35.339001,179.167,-1.592,0.343,,,,,,,,2026-09-13 03:14:21.143
152700.1,-0.035913,0.277727,9.648633,-0.059707,0.272687,9.802676,0.001833,-0.000611,-0.001222,1.766000,-30.330002,-34.808002,179.335,-1.593,0.349,,,,,,,,2026-09-13 03:14:21.247
152804.1,-0.074220,0.299275,9.909601,-0.058503,0.272433,9.802691,-0.001833,0.006109,-0.000611,1.590000,-31.086002,-36.099003,179.539,-1.592,0.342,,,,,,,,2026-09-13 03:14:21.351
152900.1,-0.040701,0.263362,9.890448,-0.059223,0.272509,9.802685,0.001833,0.004887,-0.001222,1.233000,-31.385002,-34.692001,179.787,-1.592,0.346,,,,,,,,2026-09-13 03:14:21.447
153004.1,0.110133,0.359130,9.777920,-0.059609,0.273362,9.802658,-0.002443,0.004276,0.000611,-0.547000,-30.194002,-35.549000,179.881,-1.597,0.348,,,,,,,,2026-09-13 03:14:21.551
153100.2,-0.028730,0.323217,9.806650,-0.057010,0.273164,9.802679,0.001833,0.000000,0.000611,0.203000,-31.038002,-36.090000,179.397,-1.596,0.333,,,,,,,,2026-09-13 03:14:21.647
153204.2,-0.071826,0.275333,9.840169,-0.057050,0.273504,9.802670,0.003665,0.004276,0.000611,-0.447000,-30.456001,-35.225002,179.078,-1.598,0.333,,,,,,,,2026-09-13 03:14:21.751
153300.2,-0.031125,0.287304,9.797073,-0.057655,0.273559,9.802665,0.002443,0.001222,0.001222,1.170000,-30.485001,-35.667000,179.064,-1.598,0.337,,,,,,,,2026-09-13 03:14:21.847
153404.2,-0.004788,0.454898,9.708488,-0.057548,0.274394,9.802642,-0.000611,0.011606,-0.001222,0.195000,-29.569002,-34.693001,179.061,-1.603,0.336,,,,,,,,2026-09-13 03:14:21.951
153500.3,-0.031125,0.270545,9.931149,-0.058371,0.274225,9.802642,0.002443,0.004276,0.002443,0.172000,-29.935001,-34.475002,178.801,-1.602,0.341,,,,,,,,2026-09-13 03:14:22.047
153596.3,-0.050278,0.380678,9.938332,-0.058857,0.274659,9.802627,0.001222,0.007330,-0.001833,1.468000,-31.189001,-36.098003,179.004,-1.605,0.344,,,,,,,,2026-09-13 03:14:22.143
153700.3,-0.064643,0.339977,9.691729,-0.058998,0.275258,9.802608,-0.004276,-0.003665,0.000611,0.634000,-29.893002,-35.018002,179.164,-1.608,0.345,,,,,,,,2026-09-13 03:14:22.247
153804.3,-0.131681,0.225055,9.667787,-0.058792,0.276062,9.802588,0.001222,-0.006109,0.001833,-1.529000,-30.847002,-37.051003,179.004,-1.613,0.344,,,,,,,,2026-09-13 03:14:22.351
153900.3,-0.098162,0.234632,9.809045,-0.058907,0.274740,9.802624,0.000000,-0.001222,-0.000611,-0.194000,-30.243002,-34.364002,179.023,-1.605,0.344,,,,,,,,2026-09-13 03:14:22.447
154004.2,-0.083797,0.284910,9.777920,-0.058593,0.274416,9.802634,-0.003665,0.000000,-0.002443,-1.090000,-31.345001,-35.973003,179.197,-1.603,0.342,,,,,,,,2026-09-13 03:14:22.551
154100.2,-0.031125,0.275333,9.720459,-0.057012,0.273053,9.802682,0.000000,0.001222,0.000611,-1.148000,-30.611002,-34.572002,179.459,-1.596,0.333,,,,,,,,2026-09-13 03:14:22.647
154204.2,-0.090980,0.239420,9.548077,-0.054576,0.272956,9.802699,0.003054,-0.001222,0.000611,1.417000,-30.191002,-36.210003,179.078,-1.595,0.319,,,,,,,,2026-09-13 03:14:22.751
154300.2,-0.033519,0.237026,9.890448,-0.055882,0.273115,9.802687,-0.000611,0.005498,0.000611,-1.371000,-30.452002,-34.895000,179.301,-1.596,0.327,,,,,,,,2026-09-13 03:14:22.847
154404.2,-0.076614,0.268151,9.746795,-0.057856,0.273500,9.802665,-0.003665,-0.001833,0.000611,0.710000,-32.173000,-35.657001,179.210,-1.598,0.338,,,,,,,,2026-09-13 03:14:22.951
154500.2,0.011971,0.172383,9.576807,-0.058490,0.274132,9.802643,-0.007941,-0.004276,0.002443,-0.641000,-29.926001,-35.010002,179.192,-1.602,0.342,,,,,,,,2026-09-13 03:14:23.047
154604.2,-0.069432,0.232238,9.720459,-0.058271,0.273319,9.802668,0.000000,0.005498,-0.001222,-1.360000,-30.270002,-35.112003,179.808,-1.597,0.341,,,,,,,,2026-09-13 03:14:23.151
154700.2,-0.057461,0.275333,9.811439,-0.059385,0.273717,9.802649,-0.003665,-0.000611,0.001833,-0.822000,-30.858002,-35.329002,179.042,-1.599,0.347,,,,,,,,2026-09-13 03:14:23.247
154804.2,-0.047884,0.287304,9.761160,-0.059486,0.273471,9.802655,-0.001833,-0.003054,-0.001222,0.016000,-30.414001,-35.660000,179.050,-1.598,0.348,,,,,,,,2026-09-13 03:14:23.351
154900.1,-0.033519,0.275333,9.816227,-0.060030,0.273906,9.802640,0.000611,0.000611,0.000000,-1.544000,-31.206001,-35.862003,179.240,-1.601,0.351,,,,,,,,2026-09-13 03:14:23.447
155004.1,-0.090980,0.268151,9.689334,-0.060367,0.274740,9.802615,-0.004887,-0.001833,-0.001222,-0.689000,-30.488001,-36.411003,179.056,-1.605,0.353,,,,,,,,2026-09-13 03:14:23.551
155100.1,-0.057461,0.335188,9.703699,-0.061594,0.274645,9.802610,-0.006109,-0.005498,-0.000611,0.358000,-30.474001,-35.878002,179.527,-1.605,0.360,,,,,,,,2026-09-13 03:14:23.647
155204.1,-0.064643,0.260968,9.756371,-0.062302,0.274169,9.802619,-0.002443,-0.000611,-0.000611,-0.957000,-30.888002,-37.811001,179.260,-1.602,0.364,,,,,,,,2026-09-13 03:14:23.751
155300.1,-0.043096,0.311246,9.782708,-0.062285,0.273942,9.802625,-0.005498,-0.003054,0.001833,0.127000,-30.494001,-35.552002,179.196,-1.601,0.364,,,,,,,,2026-09-13 03:14:23.847
155404.1,-0.069432,0.268151,9.768343,-0.061244,0.273442,9.802647,-0.002443,-0.002443,0.001222,-1.402000,-30.912001,-35.001003,179.496,-1.598,0.358,,,,,,,,2026-09-13 03:14:23.951
155500.1,-0.064643,0.282516,9.715671,-0.062601,0.272856,9.802653,-0.003665,-0.004887,0.001833,-0.151000,-31.163002,-35.980003,179.133,-1.594,0.366,,,,,,,,2026-09-13 03:14:24.047
155604.1,-0.045490,0.244209,9.667787,-0.062576,0.272655,9.802660,-0.004276,-0.001222,-0.001222,0.535000,-29.544001,-35.991001,179.381,-1.593,0.366,,,,,,,,2026-09-13 03:14:24.151
155700.1,-0.031125,0.253785,9.670180,-0.062300,0.272990,9.802652,0.000611,0.000611,0.000611,0.390000,-30.271002,-33.288002,179.444,-1.595,0.364,,,,,,,,2026-09-13 03:14:24.247
155804.1,-0.043096,0.268151,9.742006,-0.062339,0.274808,9.802601,-0.003054,0.000000,0.001222,-0.236000,-30.886002,-34.253002,178.945,-1.606,0.364,,,,,,,,2026-09-13 03:14:24.351
155900.0,-0.040701,0.258574,9.823410,-0.062729,0.273892,9.802624,-0.001222,-0.003054,0.001222,0.508000,-30.000002,-35.449001,179.129,-1.600,0.367,,,,,,,,2026-09-13 03:14:24.447
156004.0,-0.028730,0.258574,9.782708,-0.062362,0.274593,9.802607,0.001833,0.006109,0.000000,-0.642000,-30.012001,-34.254002,179.491,-1.605,0.364,,,,,,,,2026-09-13 03:14:24.551
156099.9,-0.086191,0.328006,9.775525,-0.063126,0.275163,9.802586,0.001222,0.001222,0.000611,0.788000,-30.980001,-35.879002,179.458,-1.608,0.369,,,,,,,,2026-09-13 03:14:24.646
156203.9,-0.040701,0.270545,9.742006,-0.063987,0.275281,9.802577,-0.003054,-0.003665,0.000611,0.006000,-30.509001,-36.091003,179.262,-1.609,0.374,,,,,,,,2026-09-13 03:14:24.750
156299.9,-0.057461,0.251391,9.938332,-0.065267,0.275130,9.802572,-0.001833,-0.002443,0.000611,0.344000,-30.745001,-35.229000,179.352,-1.608,0.381,,,,,,,,2026-09-13 03:14:24.846
156403.9,-0.062249,0.258574,9.828198,-0.065168,0.275682,9.802558,0.000611,0.004276,-0.000611,1.027000,-29.303001,-34.268002,179.350,-1.611,0.381,,,,,,,,2026-09-13 03:14:24.950
156499.9,-0.260968,0.454898,10.091560,-0.064597,0.276666,9.802534,-0.006109,0.002443,-0.002443,0.437000,-31.101002,-35.228001,179.910,-1.617,0.378,,,,,,,,2026-09-13 03:14:25.046
156603.9,-0.043096,0.325611,9.749189,-0.065245,0.275852,9.802552,-0.001222,-0.001222,0.000000,-0.045000,-31.506002,-34.144001,179.527,-1.612,0.381,,,,,,,,2026-09-13 03:14:25.150
156699.9,-0.035913,0.287304,9.785102,-0.066055,0.275510,9.802557,-0.003054,0.000000,0.001222,0.176000,-29.844002,-34.692001,179.588,-1.610,0.386,,,,,,,,2026-09-13 03:14:25.246
156803.9,-0.055067,0.246603,9.830592,-0.065783,0.275611,9.802556,-0.003054,-0.003054,0.000000,0.250000,-30.476002,-34.690002,179.397,-1.610,0.384,,,,,,,,2026-09-13 03:14:25.350
156899.9,0.093374,0.239420,9.909601,-0.065518,0.275610,9.802557,-0.003054,0.001222,0.005498,0.605000,-30.352001,-34.908001,179.776,-1.610,0.383,,,,,,,,2026-09-13 03:14:25.446
157003.8,-0.057461,0.265756,9.696517,-0.059161,0.274614,9.802626,-0.000611,0.000611,-0.002443,-0.122000,-30.705002,-36.198002,179.578,-1.605,0.346,,,,,,,,2026-09-13 03:14:25.550
157099.8,-0.069432,0.294487,9.727641,-0.058934,0.274092,9.802642,-0.000611,-0.000611,0.001222,1.757000,-30.596001,-33.512001,179.645,-1.602,0.344,,,,,,,,2026-09-13 03:14:25.646
157203.8,-0.064643,0.282516,9.837775,-0.059710,0.273904,9.802642,0.000611,0.000611,-0.000611,0.150000,-30.300001,-34.150002,179.892,-1.601,0.349,,,,,,,,2026-09-13 03:14:25.750
157299.7,-0.035913,0.260968,9.777920,-0.060686,0.273854,9.802638,0.000000,-0.001833,0.000000,-0.007000,-30.695002,-36.306004,179.892,-1.600,0.355,,,,,,,,2026-09-13 03:14:25.846
157403.6,-0.014365,0.323217,9.761160,-0.061029,0.274703,9.802612,-0.004276,0.000000,0.000000,-0.680000,-30.393002,-36.087002,179.755,-1.605,0.357,,,,,,,,2026-09-13 03:14:25.950
157499.6,-0.038307,0.086191,10.022128,-0.060777,0.274406,9.802622,-0.004887,0.003054,0.000611,-0.579000,-30.569002,-36.519001,-179.872,-1.603,0.355,,,,,,,,2026-09-13 03:14:26.046
157603.6,-0.062249,0.248997,9.588778,-0.060203,0.274741,9.802616,-0.006720,-0.015882,0.000000,0.101000,-30.863001,-35.767002,179.814,-1.605,0.352,,,,,,,,2026-09-13 03:14:26.150
157699.6,-0.016759,0.277727,9.785102,-0.059299,0.274051,9.802640,-0.001222,0.003054,0.000000,0.340000,-30.749001,-35.769001,179.933,-1.601,0.347,,,,,,,,2026-09-13 03:14:26.246
157803.6,-0.088585,0.306458,9.995792,-0.059299,0.274694,9.802623,-0.000611,0.000611,0.001222,-0.325000,-30.268002,-36.198002,179.469,-1.605,0.347,,,,,,,,2026-09-13 03:14:26.350
157899.5,-0.050278,0.284910,9.952697,-0.059528,0.274615,9.802624,-0.001222,-0.001833,0.001222,-1.636000,-31.021002,-34.243000,179.094,-1.605,0.348,,,,,,,,2026-09-13 03:14:26.446
158003.5,-0.071826,0.299275,9.921572,-0.059096,0.274484,9.802629,0.002443,0.005498,-0.001222,0.676000,-30.901001,-36.094002,179.133,-1.604,0.345,,,,,,,,2026-09-13 03:14:26.550
158099.5,-0.064643,0.294487,9.856929,-0.059915,0.274771,9.802617,0.004887,0.002443,0.000000,-0.715000,-30.771002,-37.489002,179.340,-1.606,0.350,,,,,,,,2026-09-13 03:14:26.646
158203.5,-0.062249,0.270545,9.849746,-0.059212,0.275526,9.802600,-0.001222,0.000000,0.000611,-1.021000,-31.981001,-36.510002,179.168,-1.610,0.346,,,,,,,,2026-09-13 03:14:26.750
158299.5,-0.055067,0.263362,10.149021,-0.059352,0.276006,9.802586,0.003054,0.005498,-0.000611,-1.258000,-30.444002,-35.327003,179.314,-1.613,0.347,,,,,,,,2026-09-13 03:14:26.846
158403.4,-0.088585,0.270545,9.789890,-0.060575,0.276475,9.802565,0.003665,0.004276,-0.001222,0.111000,-30.767002,-35.227001,179.364,-1.616,0.354,,,,,,,,2026-09-13 03:14:26.950
158499.4,-0.052672,0.270545,9.792285,-0.061133,0.276555,9.802559,0.002443,0.002443,-0.002443,0.320000,-30.941002,-36.847000,179.196,-1.616,0.357,,,,,,,,2026-09-13 03:14:27.046
158603.4,-0.064643,0.282516,9.842564,-0.061110,0.276602,9.802558,0.001222,0.000000,0.000000,-1.143000,-32.170002,-35.645000,178.977,-1.616,0.357,,,,,,,,2026-09-13 03:14:27.150
158699.4,-0.090980,0.210690,9.943120,-0.061199,0.275882,9.802578,0.005498,0.010385,-0.000611,-0.880000,-31.689001,-35.757000,178.692,-1.612,0.358,,,,,,,,2026-09-13 03:14:27.246
158803.4,-0.064643,0.277727,9.983821,-0.061709,0.276369,9.802561,0.005498,0.004887,0.000611,-0.270000,-31.177002,-36.303001,179.803,-1.615,0.361,,,,,,,,2026-09-13 03:14:27.350
158899.3,-0.064643,0.289698,9.825804,-0.061816,0.276216,9.802565,0.007330,0.004276,0.001222,-0.914000,-30.588001,-34.573002,179.198,-1.614,0.361,,,,,,,,2026-09-13 03:14:27.446
159003.3,-0.040701,0.275333,9.900024,-0.062117,0.276489,9.802555,0.001833,0.001833,-0.000611,-0.581000,-29.179001,-33.502003,179.723,-1.616,0.363,,,,,,,,2026-09-13 03:14:27.550
159099.3,-0.035913,0.251391,9.799467,-0.062579,0.275666,9.802575,0.003054,0.003665,0.000000,-0.164000,-31.433001,-35.223003,179.609,-1.611,0.366,,,,,,,,2026-09-13 03:14:27.646
159203.3,-0.069432,0.292093,9.823410,-0.062979,0.276270,9.802556,0.003665,0.002443,-0.000611,0.141000,-30.480001,-33.717003,179.722,-1.614,0.368,,,,,,,,2026-09-13 03:14:27.750
159299.2,-0.040701,0.282516,9.763555,-0.063078,0.275539,9.802575,0.001222,-0.003665,0.000611,-1.416000,-30.926001,-36.836002,179.439,-1.610,0.369,,,,,,,,2026-09-13 03:14:27.846
159403.3,-0.057461,0.292093,10.007763,-0.063459,0.276951,9.802533,0.003054,0.003665,-0.001222,-1.082000,-29.516001,-35.548000,179.454,-1.618,0.371,,,,,,,,2026-09-13 03:14:27.950
159499.3,-0.074220,0.296881,9.782708,-0.063502,0.275779,9.802567,0.006109,0.006109,0.000000,-1.206000,-29.792002,-34.143002,179.264,-1.611,0.371,,,,,,,,2026-09-13 03:14:28.046
159603.2,-0.055067,0.272939,9.935937,-0.064385,0.278860,9.802473,0.001833,-0.001222,0.001833,-0.762000,-31.676001,-35.542000,179.069,-1.629,0.376,,,,,,,,2026-09-13 03:14:28.150
159699.3,-0.038307,0.260968,9.818622,-0.064554,0.278793,9.802474,0.001833,0.002443,0.000000,-0.082000,-30.322001,-34.148003,179.634,-1.629,0.377,,,,,,,,2026-09-13 03:14:28.246
159803.3,-0.064643,0.289698,9.809045,-0.065105,0.280198,9.802430,0.001833,0.001833,0.000611,-0.168000,-29.788002,-34.906002,179.631,-1.637,0.381,,,,,,,,2026-09-13 03:14:28.350
159899.3,-0.055067,0.282516,9.787497,-0.065737,0.281184,9.802398,0.000000,-0.000611,0.000000,-0.184000,-30.061001,-34.580002,179.630,-1.643,0.384,,,,,,,,2026-09-13 03:14:28.446
160003.3,-0.059855,0.263362,9.806650,-0.065439,0.281726,9.802384,0.000000,0.000611,0.000000,0.583000,-30.546001,-36.203003,179.628,-1.646,0.382,,,,,,,,2026-09-13 03:14:28.550
160099.3,-0.047884,0.294487,9.811439,-0.065769,0.282627,9.802357,0.000000,0.000611,-0.001833,0.254000,-30.387001,-35.014000,179.625,-1.651,0.384,,,,,,,,2026-09-13 03:14:28.646
160203.3,-0.055067,0.280122,9.799467,-0.064855,0.282513,9.802365,0.000000,0.001833,0.000611,-1.211000,-31.446001,-35.647003,179.624,-1.651,0.379,,,,,,,,2026-09-13 03:14:28.750
160299.4,-0.071826,0.270545,9.821015,-0.065389,0.282659,9.802358,0.000000,0.000611,0.000611,-0.248000,-30.725002,-37.384003,179.623,-1.652,0.382,,,,,,,,2026-09-13 03:14:28.846
160403.4,-0.050278,0.296881,9.797073,-0.064480,0.282730,9.802362,0.001833,-0.000611,0.000000,-0.149000,-29.511002,-34.799000,179.621,-1.652,0.377,,,,,,,,2026-09-13 03:14:28.950
160499.4,-0.052672,0.304064,9.811439,-0.064105,0.282912,9.802360,-0.000611,0.000611,0.000611,-0.078000,-30.232002,-34.365002,179.621,-1.653,0.375,,,,,,,,2026-09-13 03:14:29.046
160603.4,-0.059855,0.272939,9.816227,-0.064286,0.283064,9.802353,0.000000,0.000611,-0.001222,-1.411000,-31.093002,-34.568001,179.618,-1.654,0.376,,,,,,,,2026-09-13 03:14:29.150
160699.4,-0.043096,0.280122,9.773131,-0.064783,0.283591,9.802335,-0.001222,-0.001833,-0.001833,-0.731000,-29.567001,-34.687000,179.620,-1.657,0.379,,,,,,,,2026-09-13 03:14:29.246
160803.4,-0.047884,0.277727,9.818622,-0.063765,0.283329,9.802349,0.002443,0.004887,0.000611,-0.424000,-31.826002,-35.543003,179.619,-1.656,0.373,,,,,,,,2026-09-13 03:14:29.350
160899.5,-0.079009,0.284910,9.787497,-0.064470,0.283250,9.802346,-0.000611,0.001833,-0.001833,-0.703000,-30.845001,-35.006001,179.617,-1.655,0.377,,,,,,,,2026-09-13 03:14:29.446
161003.5,-0.045490,0.277727,9.801862,-0.064625,0.283323,9.802344,-0.003054,-0.002443,-0.001222,0.241000,-29.180002,-31.888002,179.617,-1.656,0.378,,,,,,,,2026-09-13 03:14:29.550
161099.5,-0.035913,0.296881,9.813833,-0.064510,0.283355,9.802343,0.000000,0.001222,0.002443,0.169000,-30.109001,-33.287003,179.619,-1.656,0.377,,,,,,,,2026-09-13 03:14:29.646
161203.5,-0.045490,0.275333,9.806650,-0.064410,0.280914,9.802414,-0.002443,-0.001833,-0.001833,-0.615000,-29.384001,-36.308002,179.617,-1.641,0.376,,,,,,,,2026-09-13 03:14:29.750
161299.5,-0.057461,0.284910,9.787497,-0.063267,0.278092,9.802502,-0.003054,-0.003054,-0.000611,0.000000,-30.688002,-35.443001,179.617,-1.625,0.370,,,,,,,,2026-09-13 03:14:29.846
161403.6,-0.050278,0.270545,9.804255,-0.063122,0.277422,9.802523,0.000000,-0.000611,0.000000,-0.434000,-31.835001,-36.839001,179.617,-1.621,0.369,,,,,,,,2026-09-13 03:14:29.950
161499.6,-0.071826,0.272939,9.852140,-0.063560,0.277711,9.802511,-0.000611,0.001833,0.000000,0.478000,-32.194000,-35.440002,179.616,-1.623,0.372,,,,,,,,2026-09-13 03:14:30.046
161603.6,-0.035913,0.284910,9.787497,-0.064073,0.277685,9.802508,-0.001222,-0.001222,0.000000,-0.414000,-30.080002,-34.147003,179.616,-1.623,0.374,,,,,,,,2026-09-13 03:14:30.150
161699.7,-0.064643,0.287304,9.821015,-0.064456,0.278092,9.802494,-0.000611,-0.000611,0.000611,0.681000,-30.810001,-36.203003,179.634,-1.625,0.377,,,,,,,,2026-09-13 03:14:30.246
161803.7,-0.052672,0.275333,9.828198,-0.065206,0.277699,9.802501,0.000611,-0.001833,-0.000611,0.457000,-30.651001,-36.526001,179.633,-1.623,0.381,,,,,,,,2026-09-13 03:14:30.350
161899.7,-0.064643,0.284910,9.821015,-0.064965,0.278073,9.802491,-0.001833,0.001833,-0.000611,1.513000,-30.629002,-34.913002,179.633,-1.625,0.380,,,,,,,,2026-09-13 03:14:30.446
162003.7,-0.043096,0.258574,9.821015,-0.065170,0.278004,9.802492,0.000611,-0.000611,-0.001222,0.269000,-30.286001,-33.827003,179.633,-1.624,0.381,,,,,,,,2026-09-13 03:14:30.550
162099.7,-0.059855,0.268151,9.828198,-0.064866,0.277654,9.802505,0.000611,0.000611,0.003054,0.826000,-30.427002,-35.665001,179.631,-1.622,0.379,,,,,,,,2026-09-13 03:14:30.646
162203.7,-0.035913,0.287304,9.806650,-0.064830,0.277404,9.802512,0.000000,0.000611,0.000000,0.598000,-30.616001,-33.396000,179.630,-1.621,0.379,,,,,,,,2026-09-13 03:14:30.750
162299.6,-0.071826,0.270545,9.799467,-0.064365,0.277729,9.802505,0.001833,0.000000,0.001833,1.340000,-29.734001,-35.024002,179.629,-1.623,0.376,,,,,,,,2026-09-13 03:14:30.846
162403.6,-0.031125,0.280122,9.871294,-0.063148,0.283016,9.802362,0.008552,-0.003054,0.000000,-0.694000,-30.837002,-33.926003,179.627,-1.654,0.369,,,,,,,,2026-09-13 03:14:30.950
162499.6,-0.050278,0.284910,9.725247,-0.062110,0.284530,9.802324,0.002443,0.000611,0.001833,-0.687000,-28.922001,-34.474003,179.305,-1.663,0.363,,,,,,,,2026-09-13 03:14:31.046
162603.6,-0.050278,0.282516,9.770737,-0.063063,0.286190,9.802270,0.003054,0.004276,0.000000,1.057000,-30.492001,-35.127003,179.182,-1.672,0.369,,,,,,,,2026-09-13 03:14:31.150
162699.6,-0.071826,0.268151,9.773131,-0.062545,0.287695,9.802230,-0.000611,-0.001833,0.000611,1.069000,-30.223001,-35.992001,179.180,-1.681,0.366,,,,,,,,2026-09-13 03:14:31.246
162803.6,-0.028730,0.287304,9.804255,-0.062249,0.288250,9.802216,0.001222,0.000611,-0.000611,0.381000,-30.365002,-33.611000,179.179,-1.684,0.364,,,,,,,,2026-09-13 03:14:31.350
162899.7,-0.081403,0.280122,9.859323,-0.061765,0.289840,9.802172,0.003665,0.000611,0.000611,-0.797000,-30.662001,-33.710003,179.177,-1.694,0.361,,,,,,,,2026-09-13 03:14:31.446
163003.7,-0.031125,0.294487,9.797073,-0.061869,0.290730,9.802145,-0.000611,-0.002443,0.000000,-2.176000,-31.826002,-37.475002,179.176,-1.699,0.362,,,,,,,,2026-09-13 03:14:31.550
163099.7,-0.050278,0.284910,9.825804,-0.061562,0.291376,9.802127,0.000000,-0.001222,-0.000611,-0.352000,-30.552002,-37.276001,179.175,-1.703,0.360,,,,,,,,2026-09-13 03:14:31.646
163203.8,-0.038307,0.277727,9.828198,-0.061651,0.290810,9.802143,0.001222,0.001833,0.000000,0.475000,-30.548002,-35.015003,179.174,-1.699,0.360,,,,,,,,2026-09-13 03:14:31.750
163299.8,-0.069432,0.308852,9.806650,-0.061515,0.290677,9.802148,-0.001222,-0.000611,-0.000611,0.274000,-30.109001,-34.799000,179.173,-1.699,0.360,,,,,,,,2026-09-13 03:14:31.846
163403.9,-0.035913,0.277727,9.801862,-0.062064,0.290435,9.802153,0.001833,0.001833,0.000611,-0.113000,-30.696001,-35.010002,179.171,-1.697,0.363,,,,,,,,2026-09-13 03:14:31.950
163499.9,-0.062249,0.275333,9.797073,-0.062271,0.290404,9.802152,-0.000611,-0.001833,0.000611,2.236000,-30.024002,-36.756001,179.170,-1.697,0.364,,,,,,,,2026-09-13 03:14:32.046
163603.9,-0.031125,0.313640,9.806650,-0.062113,0.290096,9.802161,0.000611,0.001222,-0.000611,0.397000,-31.655001,-35.657001,179.168,-1.695,0.363,,,,,,,,2026-09-13 03:14:32.150
163699.9,-0.067038,0.287304,9.775525,-0.061951,0.289539,9.802179,0.000000,0.000000,0.000611,-0.941000,-30.872002,-35.652000,179.166,-1.692,0.362,,,,,,,,2026-09-13 03:14:32.246
163804.0,-0.031125,0.277727,9.804255,-0.061584,0.289138,9.802194,-0.001222,0.000611,0.000611,-0.185000,-31.712002,-35.653000,179.163,-1.690,0.360,,,,,,,,2026-09-13 03:14:32.351
163900.0,-0.052672,0.301669,9.761160,-0.061307,0.289109,9.802196,0.000000,0.001833,0.000611,0.103000,-32.511002,-36.408001,179.180,-1.689,0.358,,,,,,,,2026-09-13 03:14:32.447
164004.0,-0.064643,0.241814,10.000581,-0.062666,0.289179,9.802185,0.004276,0.001833,0.000611,0.856000,-31.531002,-37.388000,179.241,-1.690,0.366,,,,,,,,2026-09-13 03:14:32.551
164100.0,-0.076614,0.277727,9.751583,-0.061771,0.289982,9.802167,-0.007941,-0.003665,0.000611,-0.945000,-30.962002,-35.435001,179.364,-1.694,0.361,,,,,,,,2026-09-13 03:14:32.647
164204.1,0.002394,0.263362,9.880871,-0.061706,0.288804,9.802202,0.000611,-0.009163,0.001222,0.817000,-30.350002,-37.717003,179.215,-1.688,0.361,,,,,,,,2026-09-13 03:14:32.751
164300.1,-0.067038,0.244209,9.883265,-0.061192,0.288446,9.802217,0.004887,0.006720,0.000000,-0.869000,-30.029001,-33.496002,178.929,-1.686,0.358,,,,,,,,2026-09-13 03:14:32.847
164404.1,-0.021548,0.296881,9.758766,-0.062341,0.286909,9.802254,0.000000,-0.000611,-0.000611,-0.091000,-30.331001,-35.336002,178.972,-1.677,0.364,,,,,,,,2026-09-13 03:14:32.951
164500.1,-0.064643,0.308852,9.859323,-0.061369,0.285628,9.802298,0.006720,0.003665,0.000611,-0.269000,-31.175001,-36.087002,179.426,-1.669,0.359,,,,,,,,2026-09-13 03:14:33.047
164604.1,-0.059855,0.359130,9.952697,-0.061454,0.286360,9.802276,0.001833,0.005498,0.000000,0.999000,-31.151001,-37.175003,179.803,-1.673,0.359,,,,,,,,2026-09-13 03:14:33.151
164700.1,-0.079009,0.304064,9.753978,-0.059975,0.286541,9.802279,0.003054,0.003665,0.000611,0.435000,-31.016001,-36.200001,179.807,-1.674,0.351,,,,,,,,2026-09-13 03:14:33.247
164804.1,-0.031125,0.275333,9.813833,-0.060643,0.286384,9.802280,0.001222,0.001833,-0.002443,0.440000,-31.098001,-34.796001,-179.934,-1.673,0.354,,,,,,,,2026-09-13 03:14:33.351
164900.1,-0.055067,0.270545,9.825804,-0.060292,0.286952,9.802266,0.004276,0.000611,-0.000611,-0.121000,-30.876001,-34.470001,-179.945,-1.677,0.352,,,,,,,,2026-09-13 03:14:33.447
165004.1,-0.035913,0.289698,9.753978,-0.060464,0.286082,9.802290,0.001833,-0.000611,0.001222,-0.114000,-30.869001,-33.498001,-179.945,-1.672,0.353,,,,,,,,2026-09-13 03:14:33.551
165100.1,-0.064643,0.306458,9.828198,-0.059900,0.286421,9.802284,0.003054,0.000611,0.002443,0.135000,-30.400002,-35.337002,-179.886,-1.674,0.350,,,,,,,,2026-09-13 03:14:33.647
165204.2,-0.009577,0.222661,9.425972,-0.061112,0.285138,9.802314,-0.011606,-0.008552,-0.001222,-0.768000,-30.032001,-35.440002,179.610,-1.666,0.357,,,,,,,,2026-09-13 03:14:33.751
165300.2,-0.052672,0.308852,9.622296,-0.059946,0.286102,9.802293,-0.008552,-0.001222,0.000000,-0.327000,-30.442001,-34.902000,179.224,-1.672,0.350,,,,,,,,2026-09-13 03:14:33.847
165404.2,-0.033519,0.244209,9.979033,-0.060905,0.285981,9.802290,0.002443,0.006109,0.000611,0.561000,-31.082001,-34.257000,178.794,-1.671,0.356,,,,,,,,2026-09-13 03:14:33.951
165500.2,-0.019154,0.237026,10.046070,-0.060210,0.286971,9.802265,-0.002443,-0.005498,0.000611,-0.160000,-29.780001,-33.826000,178.412,-1.677,0.352,,,,,,,,2026-09-13 03:14:34.047
165604.2,-0.035913,0.287304,9.794679,-0.059040,0.286571,9.802284,0.001833,0.004276,-0.000611,-0.416000,-29.910002,-35.983002,178.674,-1.675,0.345,,,,,,,,2026-09-13 03:14:34.151
165700.2,-0.059855,0.296881,9.809045,-0.058914,0.287267,9.802265,0.000000,0.003054,0.001222,-0.662000,-30.031002,-36.845001,178.672,-1.679,0.344,,,,,,,,2026-09-13 03:14:34.247
165804.2,-0.026336,0.268151,9.801862,-0.059215,0.287280,9.802262,-0.001833,-0.002443,0.001833,-2.092000,-30.884001,-34.456001,178.672,-1.679,0.346,,,,,,,,2026-09-13 03:14:34.351
165900.2,-0.047884,0.284910,9.789890,-0.058889,0.287182,9.802267,-0.001833,0.000611,-0.001222,-0.790000,-30.398001,-35.223003,178.672,-1.678,0.344,,,,,,,,2026-09-13 03:14:34.447
166004.2,-0.045490,0.289698,9.806650,-0.059590,0.286396,9.802286,0.000611,0.001833,0.000000,-0.493000,-31.103001,-35.654003,178.671,-1.674,0.348,,,,,,,,2026-09-13 03:14:34.551
166100.2,-0.055067,0.292093,9.818622,-0.059196,0.285165,9.802324,-0.001833,-0.000611,0.001833,-0.164000,-31.433001,-35.223003,178.670,-1.666,0.346,,,,,,,,2026-09-13 03:14:34.647
166204.1,-0.050278,0.232238,9.665392,-0.058777,0.283713,9.802369,-0.004276,0.001833,-0.003054,-0.054000,-29.779001,-35.230003,179.396,-1.658,0.344,,,,,,,,2026-09-13 03:14:34.751
166300.1,-0.062249,0.304064,9.794679,-0.059323,0.285916,9.802302,-0.005498,-0.004276,0.000611,-0.025000,-30.970001,-36.305000,179.436,-1.671,0.347,,,,,,,,2026-09-13 03:14:34.847
166404.1,-0.071826,0.306458,9.624691,-0.055293,0.284903,9.802355,-0.003054,0.003054,0.000611,0.417000,-29.728001,-34.478001,179.437,-1.665,0.323,,,,,,,,2026-09-13 03:14:34.951
166500.1,-0.071826,0.277727,9.706094,-0.056373,0.286276,9.802309,0.000611,-0.004276,0.000000,0.187000,-29.662001,-34.908001,179.248,-1.673,0.330,,,,,,,,2026-09-13 03:14:35.047
166604.1,-0.043096,0.265756,9.660604,-0.057051,0.287086,9.802281,0.002443,-0.001222,0.000000,0.005000,-30.596001,-35.443001,178.852,-1.678,0.333,,,,,,,,2026-09-13 03:14:35.151
166700.0,-0.076614,0.248997,9.871294,-0.056994,0.287279,9.802276,0.000611,-0.004276,0.001222,0.347000,-30.571001,-36.525002,179.243,-1.679,0.333,,,,,,,,2026-09-13 03:14:35.247
166804.0,-0.019154,0.237026,9.653421,-0.057362,0.287734,9.802260,0.004276,0.003665,0.000000,1.671000,-31.625002,-35.990002,178.798,-1.681,0.335,,,,,,,,2026-09-13 03:14:35.351
166900.0,-0.052672,0.289698,9.794679,-0.056978,0.288888,9.802228,-0.000611,-0.003054,-0.004887,-1.175000,-29.504002,-32.525002,178.625,-1.688,0.333,,,,,,,,2026-09-13 03:14:35.447
167004.0,-0.031125,0.282516,9.928755,-0.056917,0.289165,9.802221,0.005498,0.003054,0.000611,-0.941000,-29.223001,-34.795002,178.577,-1.690,0.333,,,,,,,,2026-09-13 03:14:35.550
167099.9,-0.081403,0.292093,9.809045,-0.056821,0.288874,9.802230,0.001222,0.004887,0.000000,-0.436000,-30.274002,-35.442001,178.703,-1.688,0.332,,,,,,,,2026-09-13 03:14:35.646
167203.9,-0.033519,0.280122,9.789890,-0.057988,0.288158,9.802244,-0.003054,-0.003054,0.001833,-1.719000,-30.484001,-34.676003,178.724,-1.684,0.339,,,,,,,,2026-09-13 03:14:35.750
167299.9,-0.050278,0.313640,9.607931,-0.058054,0.288254,9.802241,-0.014661,-0.005498,-0.000611,0.756000,-31.526001,-35.228001,179.460,-1.684,0.339,,,,,,,,2026-09-13 03:14:35.846
167403.9,-0.043096,0.258574,9.744401,-0.058554,0.286440,9.802291,0.001222,0.005498,-0.000611,-1.751000,-30.945002,-34.782001,179.355,-1.674,0.342,,,,,,,,2026-09-13 03:14:35.950
167499.9,-0.112527,0.301669,9.787497,-0.059118,0.286364,9.802290,-0.003054,-0.001222,0.000611,0.526000,-29.982002,-33.074001,178.975,-1.673,0.346,,,,,,,,2026-09-13 03:14:36.046
167603.9,-0.014365,0.284910,9.651027,-0.058864,0.288459,9.802230,-0.003054,-0.004887,0.003054,0.134000,-30.401001,-35.445004,179.217,-1.686,0.344,,,,,,,,2026-09-13 03:14:36.150
167699.9,-0.057461,0.280122,10.070012,-0.058278,0.289045,9.802217,-0.001222,0.000611,0.000000,-0.553000,-30.371002,-34.685001,179.395,-1.689,0.341,,,,,,,,2026-09-13 03:14:36.246
167803.9,-0.043096,0.330400,9.888053,-0.059896,0.288904,9.802211,0.003054,-0.000611,0.001833,-0.452000,-30.719002,-33.496002,179.335,-1.688,0.350,,,,,,,,2026-09-13 03:14:36.350
167899.9,-0.021548,0.198719,9.782708,-0.059799,0.288043,9.802237,0.000000,-0.005498,0.001833,-0.538000,-30.185001,-34.362003,179.162,-1.683,0.350,,,,,,,,2026-09-13 03:14:36.446
168003.9,-0.040701,0.292093,9.835381,-0.059732,0.287969,9.802239,-0.000611,-0.000611,0.000611,0.552000,-31.091002,-35.445004,179.191,-1.683,0.349,,,,,,,,2026-09-13 03:14:36.550
168099.8,-0.071826,0.323217,9.950302,-0.058153,0.287264,9.802270,0.000611,0.006109,0.000611,-1.144000,-30.264002,-37.272003,179.525,-1.679,0.340,,,,,,,,2026-09-13 03:14:36.646
168203.8,-0.043096,0.299275,9.861717,-0.058571,0.286535,9.802288,-0.000611,0.000611,0.001222,0.037000,-30.136002,-35.337002,179.242,-1.674,0.342,,,,,,,,2026-09-13 03:14:36.750
168299.8,-0.067038,0.275333,9.885659,-0.058608,0.286342,9.802293,0.000611,0.000000,0.000000,-2.241000,-31.357002,-34.669003,179.089,-1.673,0.343,,,,,,,,2026-09-13 03:14:36.846
168403.8,-0.002394,0.251391,9.794679,-0.059606,0.285692,9.802306,0.001833,-0.003665,0.001222,1.393000,-29.166002,-32.867001,179.049,-1.669,0.348,,,,,,,,2026-09-13 03:14:36.950
168499.8,-0.047884,0.287304,9.809045,-0.058950,0.286749,9.802279,-0.001222,0.001833,0.001833,-0.563000,-30.639002,-33.604000,179.263,-1.676,0.345,,,,,,,,2026-09-13 03:14:37.046
168603.8,-0.040701,0.306458,9.777920,-0.059798,0.286730,9.802275,-0.001222,-0.001222,0.000611,-0.687000,-30.658001,-34.575001,179.263,-1.675,0.350,,,,,,,,2026-09-13 03:14:37.150
168699.7,-0.028730,0.292093,9.844957,-0.059100,0.286898,9.802275,-0.000611,0.000611,0.000000,1.078000,-31.778002,-36.525002,179.262,-1.676,0.345,,,,,,,,2026-09-13 03:14:37.246
168803.7,-0.062249,0.280122,9.818622,-0.060278,0.286873,9.802268,0.000611,0.003054,0.001222,-1.288000,-30.817001,-36.081001,179.262,-1.676,0.352,,,,,,,,2026-09-13 03:14:37.350
168899.7,-0.062249,0.299275,9.639056,-0.059711,0.287230,9.802261,0.000000,-0.002443,0.000611,-0.080000,-30.491001,-32.204002,179.261,-1.678,0.349,,,,,,,,2026-09-13 03:14:37.446
169003.7,-0.069432,0.275333,9.842564,-0.059693,0.286688,9.802277,-0.003665,-0.005498,0.001833,-0.248000,-29.334002,-34.151001,179.209,-1.675,0.349,,,,,,,,2026-09-13 03:14:37.550
169099.8,-0.050278,0.270545,9.871294,-0.059030,0.287026,9.802271,0.001833,0.003665,-0.001222,-0.346000,-30.546001,-36.521000,179.314,-1.677,0.345,,,,,,,,2026-09-13 03:14:37.646
169203.8,-0.062249,0.301669,9.856929,-0.060042,0.285781,9.802301,-0.001833,-0.000611,0.000611,0.831000,-30.508001,-34.261002,179.317,-1.670,0.351,,,,,,,,2026-09-13 03:14:37.750
169299.8,-0.002394,0.325611,9.847352,-0.059978,0.285428,9.802313,-0.001222,0.001222,0.000000,-0.478000,-30.831001,-36.195004,179.122,-1.668,0.351,,,,,,,,2026-09-13 03:14:37.846
169403.8,-0.026336,0.232238,10.065224,-0.059722,0.284980,9.802326,-0.010996,0.003665,0.000000,1.632000,-30.616001,-34.698002,179.139,-1.665,0.349,,,,,,,,2026-09-13 03:14:37.950
169499.8,-0.062249,0.316035,9.919178,-0.057422,0.285258,9.802332,-0.002443,-0.001833,0.000000,-0.462000,-30.729002,-34.792000,179.432,-1.667,0.336,,,,,,,,2026-09-13 03:14:38.046
169603.8,-0.028730,0.268151,9.775525,-0.057147,0.283773,9.802378,-0.004276,-0.004887,0.001833,0.019000,-30.497002,-34.472000,179.594,-1.658,0.334,,,,,,,,2026-09-13 03:14:38.150
169699.8,-0.028730,0.280122,9.852140,-0.056172,0.283445,9.802392,-0.003054,0.002443,0.001833,-0.797000,-30.662001,-33.710003,179.576,-1.656,0.328,,,,,,,,2026-09-13 03:14:38.246
169803.8,-0.035913,0.272939,9.837775,-0.058450,0.283304,9.802383,0.001833,0.001833,0.001833,0.252000,-30.475002,-34.474003,179.065,-1.655,0.342,,,,,,,,2026-09-13 03:14:38.350
169899.8,-0.038307,0.280122,9.871294,-0.058675,0.282524,9.802404,0.008552,0.005498,0.000000,0.112000,-30.766001,-35.119003,179.311,-1.651,0.343,,,,,,,,2026-09-13 03:14:38.446
170003.9,0.019154,0.265756,9.639056,-0.059935,0.282876,9.802386,-0.002443,-0.006720,0.000000,1.041000,-30.765001,-34.802002,179.504,-1.653,0.350,,,,,,,,2026-09-13 03:14:38.550
170099.9,-0.057461,0.354342,9.691729,-0.058912,0.283828,9.802365,0.001833,-0.002443,-0.002443,0.010000,-30.591002,-34.795002,179.736,-1.659,0.344,,,,,,,,2026-09-13 03:14:38.646
170204.0,-0.114922,0.294487,9.658210,-0.059646,0.284893,9.802329,-0.006720,0.000611,-0.001222,-0.140000,-29.417002,-34.475002,179.604,-1.665,0.349,,,,,,,,2026-09-13 03:14:38.750
170300.0,-0.035913,0.313640,9.888053,-0.059894,0.285887,9.802299,-0.003054,0.001833,0.000000,0.812000,-30.527002,-36.744003,179.581,-1.671,0.350,,,,,,,,2026-09-13 03:14:38.846
170403.9,-0.040701,0.292093,9.789890,-0.060169,0.285799,9.802300,0.000611,-0.001222,-0.000611,-0.635000,-31.482002,-35.759003,179.701,-1.670,0.352,,,,,,,,2026-09-13 03:14:38.950
170500.0,-0.047884,0.292093,9.809045,-0.059868,0.285990,9.802296,0.000000,0.003054,0.001222,0.884000,-29.769001,-33.725002,179.699,-1.671,0.350,,,,,,,,2026-09-13 03:14:39.047
170604.0,-0.069432,0.323217,9.823410,-0.060466,0.286927,9.802266,-0.001222,-0.003054,0.001222,0.563000,-31.080002,-33.933002,179.612,-1.677,0.353,,,,,,,,2026-09-13 03:14:39.151
170700.0,-0.011971,0.284910,9.823410,-0.059874,0.286221,9.802289,0.000611,-0.000611,0.000000,1.274000,-29.008001,-34.810001,179.634,-1.672,0.350,,,,,,,,2026-09-13 03:14:39.247
170804.1,-0.069432,0.260968,9.816227,-0.060131,0.286534,9.802279,0.001222,0.005498,-0.000611,-0.911000,-30.413002,-35.762001,179.651,-1.674,0.351,,,,,,,,2026-09-13 03:14:39.351
170900.1,-0.007183,0.241814,9.780313,-0.060190,0.286962,9.802266,0.000000,-0.001833,0.001222,-0.579000,-30.655001,-35.763000,179.579,-1.677,0.352,,,,,,,,2026-09-13 03:14:39.447
171004.2,-0.028730,0.284910,9.799467,-0.060112,0.286764,9.802272,-0.003054,0.000000,-0.000611,-1.530000,-31.107002,-34.891003,179.245,-1.676,0.351,,,,,,,,2026-09-13 03:14:39.551
171100.2,-0.047884,0.292093,9.871294,-0.059902,0.286635,9.802278,0.004276,0.006109,0.000000,-0.566000,-30.641001,-33.928001,179.097,-1.675,0.350,,,,,,,,2026-09-13 03:14:39.647
171204.2,-0.069432,0.268151,9.653421,-0.060074,0.286298,9.802285,-0.000611,0.001833,0.000611,-1.778000,-31.401001,-34.348003,178.715,-1.673,0.351,,,,,,,,2026-09-13 03:14:39.751
171300.3,-0.007183,0.308852,9.770737,-0.059954,0.287091,9.802264,-0.006720,0.000611,0.000000,-0.939000,-31.042002,-33.816002,178.905,-1.678,0.350,,,,,,,,2026-09-13 03:14:39.847
171404.3,-0.047884,0.248997,9.835381,-0.060161,0.285912,9.802297,-0.001833,0.002443,0.000611,-0.745000,-29.839001,-34.146000,178.980,-1.671,0.352,,,,,,,,2026-09-13 03:14:39.951
171500.3,0.043096,0.306458,9.684546,-0.059688,0.286162,9.802292,-0.004887,-0.000611,0.001222,0.210000,-31.289001,-32.743000,179.481,-1.672,0.349,,,,,,,,2026-09-13 03:14:40.047
171596.3,-0.083797,0.268151,9.763555,-0.056909,0.285038,9.802341,0.005498,-0.001833,0.000000,-0.045000,-31.334002,-35.764000,179.738,-1.666,0.333,,,,,,,,2026-09-13 03:14:40.143
171700.2,-0.040701,0.280122,9.761160,-0.057195,0.285182,9.802336,0.001833,-0.001833,0.000611,0.377000,-30.455002,-33.395000,179.455,-1.666,0.334,,,,,,,,2026-09-13 03:14:40.247
171804.3,-0.064643,0.248997,9.684546,-0.057805,0.284023,9.802366,0.003665,0.006109,0.000000,-0.305000,-30.163002,-34.363003,179.310,-1.660,0.338,,,,,,,,2026-09-13 03:14:40.351
171900.3,-0.011971,0.323217,9.873688,-0.058160,0.286804,9.802282,-0.001222,0.006720,0.000611,-1.862000,-31.037001,-33.270000,178.893,-1.676,0.340,,,,,,,,2026-09-13 03:14:40.447
172004.4,-0.033519,0.287304,9.825804,-0.058438,0.286741,9.802282,-0.003054,-0.003054,0.000611,-0.880000,-29.868002,-36.520000,178.975,-1.676,0.342,,,,,,,,2026-09-13 03:14:40.551
172100.4,-0.004788,0.289698,9.832987,-0.058245,0.286690,9.802285,-0.001222,-0.001833,0.001833,-0.367000,-30.825001,-36.951000,178.924,-1.675,0.340,,,,,,,,2026-09-13 03:14:40.647
172204.4,-0.074220,0.304064,9.785102,-0.058851,0.286679,9.802282,0.001833,0.007941,0.000000,0.878000,-31.596001,-33.717003,178.822,-1.675,0.344,,,,,,,,2026-09-13 03:14:40.751
172300.5,-0.016759,0.234632,9.950302,-0.060047,0.287991,9.802237,0.009774,-0.007330,0.001833,-0.434000,-30.186001,-35.982002,178.923,-1.683,0.351,,,,,,,,2026-09-13 03:14:40.847
172404.5,-0.038307,0.323217,9.986216,-0.060951,0.287646,9.802241,0.000000,-0.000611,-0.001222,1.054000,-30.667002,-33.938000,179.192,-1.681,0.356,,,,,,,,2026-09-13 03:14:40.951
172500.5,-0.033519,0.284910,9.773131,-0.061396,0.286324,9.802278,0.006109,0.004887,0.000000,-0.820000,-30.943001,-34.357002,179.215,-1.673,0.359,,,,,,,,2026-09-13 03:14:41.047
172596.5,-0.081403,0.294487,9.828198,-0.061866,0.286828,9.802259,-0.000611,0.004276,-0.000611,-0.643000,-29.927002,-35.226002,179.378,-1.676,0.362,,,,,,,,2026-09-13 03:14:41.143
172700.5,-0.021548,0.193930,9.392453,-0.061164,0.286282,9.802279,-0.006109,-0.004887,-0.000611,0.673000,-30.990002,-35.662003,179.395,-1.673,0.358,,,,,,,,2026-09-13 03:14:41.247
172804.5,-0.076614,0.277727,9.574412,-0.061012,0.286575,9.802272,-0.000611,0.003054,0.000000,1.411000,-30.455002,-34.697002,179.406,-1.675,0.357,,,,,,,,2026-09-13 03:14:41.351
172900.5,-0.035913,0.284910,9.777920,-0.061760,0.287072,9.802254,-0.000611,-0.001222,0.000611,-0.011000,-29.050001,-36.097000,179.581,-1.677,0.361,,,,,,,,2026-09-13 03:14:41.447
173004.4,-0.074220,0.289698,9.873688,-0.061430,0.287886,9.802231,-0.000611,0.003054,0.002443,0.781000,-29.423002,-35.129002,179.587,-1.682,0.359,,,,,,,,2026-09-13 03:14:41.551
173100.4,-0.028730,0.289698,9.794679,-0.061628,0.287124,9.802252,0.001222,-0.000611,-0.001222,0.077000,-29.753002,-33.288002,179.717,-1.678,0.360,,,,,,,,2026-09-13 03:14:41.647
173204.4,-0.050278,0.280122,9.799467,-0.061643,0.287301,9.802247,0.001222,0.001222,0.001833,-0.393000,-29.802002,-33.824001,179.715,-1.679,0.360,,,,,,,,2026-09-13 03:14:41.751
173300.4,-0.023942,0.277727,9.782708,-0.062055,0.287095,9.802251,0.003665,0.003054,0.000611,0.204000,-31.294001,-33.498001,179.783,-1.678,0.363,,,,,,,,2026-09-13 03:14:41.847
173404.5,-0.074220,0.287304,9.768343,-0.061359,0.286857,9.802262,-0.001222,-0.001222,0.000000,-0.661000,-28.553001,-34.260002,179.782,-1.676,0.359,,,,,,,,2026-09-13 03:14:41.951
173500.5,-0.019154,0.277727,10.017340,-0.061429,0.289168,9.802194,-0.007330,0.001222,0.000000,-1.085000,-29.605001,-35.224003,179.715,-1.690,0.359,,,,,,,,2026-09-13 03:14:42.047
173604.5,-0.100556,0.299275,9.976639,-0.061582,0.287388,9.802244,-0.003054,0.002443,-0.001833,0.824000,-30.429001,-35.989002,179.646,-1.679,0.360,,,,,,,,2026-09-13 03:14:42.151
173700.5,-0.055067,0.304064,9.866506,-0.062632,0.286588,9.802261,-0.001833,0.000000,-0.000611,0.222000,-30.933001,-34.364002,179.510,-1.675,0.366,,,,,,,,2026-09-13 03:14:42.247
173804.5,-0.043096,0.251391,9.653421,-0.061670,0.287000,9.802256,-0.009163,-0.006720,0.000000,-0.445000,-30.369001,-35.873001,179.743,-1.677,0.360,,,,,,,,2026-09-13 03:14:42.351
173900.5,-0.035913,0.308852,9.844957,-0.061742,0.286198,9.802279,0.004887,0.006720,0.000611,0.138000,-30.397001,-34.905003,179.848,-1.672,0.361,,,,,,,,2026-09-13 03:14:42.447
174004.4,-0.074220,0.318429,9.852140,-0.062506,0.287098,9.802248,-0.003665,-0.001833,-0.003054,0.592000,-30.364002,-36.528000,179.777,-1.678,0.365,,,,,,,,2026-09-13 03:14:42.551
174100.4,-0.026336,0.304064,9.804255,-0.062564,0.287380,9.802238,-0.000611,-0.002443,0.000611,0.215000,-32.503002,-36.948002,179.776,-1.679,0.366,,,,,,,,2026-09-13 03:14:42.647
174204.4,-0.076614,0.270545,9.844957,-0.062198,0.287126,9.802249,-0.003665,0.001833,-0.001222,0.124000,-32.146000,-36.841003,179.878,-1.678,0.364,,,,,,,,2026-09-13 03:14:42.751
174300.3,-0.019154,0.344765,9.028535,-0.062115,0.288555,9.802207,0.027489,-0.020159,0.000611,0.280000,-31.581001,-36.413002,-179.829,-1.686,0.363,,,,,,,,2026-09-13 03:14:42.847
174404.3,-0.057461,0.349553,9.698911,-0.061519,0.286597,9.802269,0.013439,0.012828,-0.001222,0.150000,-30.214001,-35.014000,179.679,-1.675,0.360,,,,,,,,2026-09-13 03:14:42.951
174500.3,-0.035913,0.275333,9.873688,-0.063266,0.287834,9.802221,0.002443,0.005498,0.000611,0.001000,-30.686001,-35.119003,179.576,-1.682,0.370,,,,,,,,2026-09-13 03:14:43.047
174596.2,-0.064643,0.265756,9.777920,-0.062828,0.287251,9.802241,0.004887,0.000000,-0.000611,1.030000,-29.299002,-33.836002,179.427,-1.679,0.367,,,,,,,,2026-09-13 03:14:43.143
174700.3,-0.033519,0.304064,9.842564,-0.062898,0.287780,9.802225,0.001222,0.001222,-0.000611,0.017000,-30.413002,-35.444000,179.400,-1.682,0.368,,,,,,,,2026-09-13 03:14:43.247
174804.3,-0.076614,0.284910,9.916783,-0.061805,0.288479,9.802212,-0.001222,0.003054,0.000611,-2.306000,-30.630001,-34.348003,179.373,-1.686,0.361,,,,,,,,2026-09-13 03:14:43.351
174900.3,-0.040701,0.289698,9.706094,-0.062724,0.286950,9.802251,-0.001833,-0.001222,0.000000,-0.756000,-31.670002,-34.786003,179.375,-1.677,0.367,,,,,,,,2026-09-13 03:14:43.447
175004.3,-0.081403,0.253785,9.622296,-0.061972,0.286899,9.802257,-0.000611,0.005498,0.000000,-1.585000,-31.933001,-34.779003,179.798,-1.676,0.362,,,,,,,,2026-09-13 03:14:43.551
175100.2,-0.038307,0.284910,9.801862,-0.063181,0.287943,9.802218,-0.002443,0.001222,-0.000611,0.953000,-32.054001,-35.120003,179.800,-1.683,0.369,,,,,,,,2026-09-13 03:14:43.647
175196.1,-0.043096,0.280122,9.816227,-0.062768,0.288461,9.802205,-0.001833,-0.005498,0.001833,-0.323000,-30.438002,-34.362003,179.718,-1.686,0.367,,,,,,,,2026-09-13 03:14:43.743
175300.1,-0.035913,0.306458,9.825804,-0.062618,0.288485,9.802206,0.001833,0.004887,-0.001222,0.875000,-31.256002,-37.390003,179.715,-1.686,0.366,,,,,,,,2026-09-13 03:14:43.847
175404.1,-0.067038,0.280122,9.806650,-0.062345,0.288590,9.802205,-0.001222,-0.001222,0.000000,-0.017000,-30.877001,-36.090000,179.712,-1.686,0.364,,,,,,,,2026-09-13 03:14:43.951
175500.1,-0.019154,0.277727,9.792285,-0.062573,0.289118,9.802187,0.000000,-0.002443,0.000000,0.456000,-30.996002,-33.501003,179.710,-1.689,0.366,,,,,,,,2026-09-13 03:14:44.047
175604.0,-0.076614,0.282516,9.818622,-0.062204,0.288937,9.802196,0.004276,0.002443,0.000000,-0.376000,-30.920002,-37.275002,179.610,-1.688,0.364,,,,,,,,2026-09-13 03:14:44.151
175700.0,-0.047884,0.275333,9.792285,-0.062835,0.288925,9.802192,0.000000,0.000000,0.000611,-0.121000,-30.618002,-36.846001,179.608,-1.688,0.367,,,,,,,,2026-09-13 03:14:44.247
175804.0,-0.079009,0.301669,9.900024,-0.062181,0.289350,9.802184,-0.004887,0.000000,0.001222,-0.054000,-29.607002,-36.850002,179.747,-1.691,0.363,,,,,,,,2026-09-13 03:14:44.351
175900.0,-0.035913,0.304064,9.888053,-0.062134,0.289424,9.802181,0.001222,0.000000,0.000000,-1.345000,-31.561001,-37.158001,179.198,-1.691,0.363,,,,,,,,2026-09-13 03:14:44.447
176004.1,-0.086191,0.294487,9.746795,-0.063044,0.288674,9.802197,0.003665,0.000000,0.000611,-0.757000,-29.764002,-36.413002,179.174,-1.687,0.368,,,,,,,,2026-09-13 03:14:44.551
176100.1,-0.019154,0.313640,9.792285,-0.059010,0.286312,9.802292,-0.004276,0.006720,-0.001222,1.116000,-29.919001,-32.215000,179.075,-1.673,0.345,,,,,,,,2026-09-13 03:14:44.647
176196.1,-0.045490,0.335188,9.758766,-0.057669,0.285575,9.802321,0.002443,0.004887,-0.001222,0.032000,-30.398001,-33.501003,179.299,-1.669,0.337,,,,,,,,2026-09-13 03:14:44.743
176300.2,-0.057461,0.263362,9.461885,-0.057438,0.284567,9.802352,-0.008552,-0.007330,-0.000611,0.150000,-30.213001,-34.906002,179.421,-1.663,0.336,,,,,,,,2026-09-13 03:14:44.847
176404.2,-0.095768,0.146046,9.739613,-0.056285,0.286690,9.802298,-0.002443,-0.003665,-0.000611,1.694000,-31.345001,-35.343002,179.852,-1.675,0.329,,,,,,,,2026-09-13 03:14:44.951
176500.3,0.086191,0.289698,9.564836,-0.056634,0.285611,9.802326,0.002443,-0.001222,0.001833,-0.665000,-30.464001,-33.280003,179.972,-1.669,0.331,,,,,,,,2026-09-13 03:14:45.047
176596.3,-0.021548,0.270545,9.821015,-0.054218,0.285624,9.802340,-0.000611,0.000611,0.000000,0.275000,-31.758001,-35.548000,179.834,-1.669,0.317,,,,,,,,2026-09-13 03:14:45.143
176700.3,-0.043096,0.270545,9.734824,-0.052248,0.284186,9.802392,0.001833,0.002443,0.001222,0.148000,-30.216002,-35.230003,179.505,-1.661,0.305,,,,,,,,2026-09-13 03:14:45.247
176804.3,-0.076614,0.313640,9.763555,-0.051736,0.283070,9.802427,0.006720,0.009774,-0.001222,-0.132000,-31.144001,-33.497002,179.407,-1.654,0.302,,,,,,,,2026-09-13 03:14:45.351
176900.4,-0.007183,0.251391,9.629479,-0.052452,0.285274,9.802360,-0.001833,-0.003054,-0.003054,-0.050000,-31.424002,-35.547001,179.605,-1.667,0.307,,,,,,,,2026-09-13 03:14:45.447
177004.4,-0.040701,0.294487,9.768343,-0.050444,0.286021,9.802349,0.004887,0.010385,0.001222,-0.146000,-31.072002,-36.088001,179.419,-1.671,0.295,,,,,,,,2026-09-13 03:14:45.551
177100.4,-0.050278,0.294487,9.844957,-0.051864,0.285714,9.802350,-0.004276,-0.003054,-0.000611,-0.987000,-31.433001,-36.945004,179.268,-1.670,0.303,,,,,,,,2026-09-13 03:14:45.647
177204.4,-0.040701,0.289698,9.821015,-0.051188,0.285972,9.802346,0.006109,-0.000611,0.000000,0.433000,-31.019001,-36.524002,179.358,-1.671,0.299,,,,,,,,2026-09-13 03:14:45.751
177300.4,-0.016759,0.270545,9.662998,-0.051661,0.285000,9.802372,0.002443,0.002443,0.001222,0.999000,-29.588001,-35.562000,179.512,-1.665,0.302,,,,,,,,2026-09-13 03:14:45.847
177404.5,-0.064643,0.272939,9.770737,-0.052438,0.285987,9.802339,0.002443,0.001833,0.000000,1.004000,-29.668001,-34.050003,179.833,-1.671,0.307,,,,,,,,2026-09-13 03:14:45.951
177500.6,-0.047884,0.277727,9.849746,-0.053097,0.286373,9.802324,0.001222,-0.002443,0.000000,-0.456000,-30.895002,-32.416000,179.408,-1.673,0.310,,,,,,,,2026-09-13 03:14:46.047
177596.6,-0.047884,0.289698,9.895236,-0.053326,0.286430,9.802321,-0.001222,0.003665,-0.002443,0.493000,-30.444002,-33.396000,179.440,-1.674,0.312,,,,,,,,2026-09-13 03:14:46.143
177700.7,-0.019154,0.047884,10.062830,-0.054638,0.286499,9.802312,-0.007941,0.014050,0.001222,-0.559000,-30.549002,-33.820004,179.212,-1.674,0.319,,,,,,,,2026-09-13 03:14:46.247
177804.7,-0.105345,0.253785,9.742006,-0.054591,0.285859,9.802331,-0.001833,-0.004887,-0.001222,0.816000,-30.523001,-36.205002,179.330,-1.670,0.319,,,,,,,,2026-09-13 03:14:46.351
177900.7,-0.062249,0.205901,10.129868,-0.054563,0.286960,9.802299,0.001833,0.002443,0.001222,0.671000,-31.335001,-32.638000,179.298,-1.677,0.319,,,,,,,,2026-09-13 03:14:46.447
178004.8,-0.043096,0.292093,9.888053,-0.056846,0.287810,9.802261,-0.000611,0.001222,0.001833,1.455000,-29.724001,-35.241001,179.887,-1.682,0.332,,,,,,,,2026-09-13 03:14:46.551
178100.8,-0.064643,0.246603,9.770737,-0.057806,0.287540,9.802263,-0.003665,-0.001222,0.001833,-0.711000,-29.204000,-35.228001,179.921,-1.680,0.338,,,,,,,,2026-09-13 03:14:46.647
178204.8,-0.079009,0.313640,9.670180,-0.058493,0.288084,9.802243,-0.004276,0.003054,-0.001833,0.388000,-30.187002,-34.368000,179.052,-1.683,0.342,,,,,,,,2026-09-13 03:14:46.751
178300.8,0.009577,0.260968,9.689334,-0.058973,0.288478,9.802228,-0.004276,-0.000611,0.001833,0.134000,-32.136002,-35.438004,179.241,-1.686,0.345,,,,,,,,2026-09-13 03:14:46.847
178396.8,-0.071826,0.296881,9.727641,-0.057853,0.290217,9.802184,0.000611,0.001222,-0.000611,0.562000,-31.081001,-34.041000,179.820,-1.696,0.338,,,,,,,,2026-09-13 03:14:46.943
178500.9,-0.052672,0.260968,9.397242,-0.058692,0.289149,9.802211,0.005498,-0.007941,0.000000,-0.575000,-30.650002,-35.115002,179.621,-1.690,0.343,,,,,,,,2026-09-13 03:14:47.047
178596.8,-0.016759,0.282516,9.725247,-0.058102,0.290010,9.802189,0.001833,-0.003054,0.000611,0.053000,-31.511002,-36.411003,179.243,-1.695,0.340,,,,,,,,2026-09-13 03:14:47.143
178700.8,-0.064643,0.270545,9.792285,-0.054573,0.288781,9.802245,0.003665,0.003054,-0.000611,0.137000,-30.398001,-35.013000,178.830,-1.687,0.319,,,,,,,,2026-09-13 03:14:47.247
178804.8,-0.067038,0.325611,9.773131,-0.054256,0.289154,9.802237,0.000000,-0.000611,0.000611,-0.505000,-31.201002,-36.517002,178.760,-1.690,0.317,,,,,,,,2026-09-13 03:14:47.351
178900.8,-0.045490,0.304064,10.036493,-0.054070,0.290433,9.802199,-0.004276,-0.001833,-0.000611,-0.900000,-30.317001,-35.114002,178.734,-1.697,0.316,,,,,,,,2026-09-13 03:14:47.447
179004.8,-0.059855,0.316035,9.981427,-0.054554,0.287609,9.802280,0.000000,0.003665,-0.002443,-0.671000,-30.298002,-35.656002,179.434,-1.681,0.319,,,,,,,,2026-09-13 03:14:47.551
179100.8,-0.110133,0.277727,9.720459,-0.055006,0.286357,9.802314,0.006109,-0.002443,0.000000,0.382000,-30.279001,-34.367001,179.964,-1.673,0.322,,,,,,,,2026-09-13 03:14:47.647
179196.8,-0.043096,0.280122,9.641450,-0.055650,0.286307,9.802312,0.004887,-0.000611,0.000000,-0.241000,-29.241001,-34.044003,179.891,-1.673,0.325,,,,,,,,2026-09-13 03:14:47.743
179300.8,-0.055067,0.287304,10.041282,-0.056557,0.287410,9.802275,0.000000,0.004887,0.000000,-0.659000,-30.114002,-35.657001,179.565,-1.679,0.331,,,,,,,,2026-09-13 03:14:47.847
179396.9,-0.067038,0.275333,9.856929,-0.057310,0.286895,9.802285,0.004276,0.004276,0.001833,-0.044000,-31.247002,-36.412003,179.494,-1.676,0.335,,,,,,,,2026-09-13 03:14:47.943
179500.9,-0.074220,0.311246,9.921572,-0.057285,0.286863,9.802286,0.003054,0.001833,-0.000611,-0.980000,-31.426001,-35.973003,179.593,-1.676,0.335,,,,,,,,2026-09-13 03:14:48.047
179596.9,-0.136469,0.294487,9.856929,-0.057415,0.288319,9.802243,-0.001222,0.002443,-0.001222,-1.445000,-31.212002,-38.130001,179.337,-1.685,0.336,,,,,,,,2026-09-13 03:14:48.143
179700.9,-0.004788,0.311246,9.849746,-0.057820,0.287390,9.802267,0.007941,0.001833,0.000000,-0.868000,-31.591002,-35.001003,179.187,-1.679,0.338,,,,,,,,2026-09-13 03:14:48.247
179804.9,-0.047884,0.277727,9.842564,-0.057371,0.286960,9.802283,0.002443,-0.003665,0.000611,-1.314000,-31.100002,-37.052002,178.712,-1.677,0.335,,,,,,,,2026-09-13 03:14:48.351
179901.0,-0.076614,0.270545,9.832987,-0.058352,0.287163,9.802271,-0.000611,0.001833,0.001222,-0.212000,-30.346001,-35.875000,178.756,-1.678,0.341,,,,,,,,2026-09-13 03:14:48.447
180005.0,-0.079009,0.328006,9.856929,-0.057905,0.287005,9.802279,0.000000,-0.001222,0.000000,-0.106000,-30.603001,-34.795002,178.782,-1.677,0.338,,,,,,,,2026-09-13 03:14:48.552
180101.0,0.023942,0.234632,9.679757,-0.058844,0.286255,9.802295,0.002443,0.004276,0.000000,1.266000,-30.837002,-35.127003,179.349,-1.673,0.344,,,,,,,,2026-09-13 03:14:48.648
180197.1,-0.043096,0.263362,9.859323,-0.058282,0.287180,9.802271,-0.003054,0.003665,0.000000,0.837000,-30.416002,-34.262001,179.637,-1.678,0.341,,,,,,,,2026-09-13 03:14:48.744
180301.2,-0.057461,0.311246,9.813833,-0.057413,0.286773,9.802288,-0.003665,-0.001833,0.000611,-0.411000,-29.906002,-35.443001,179.606,-1.676,0.336,,,,,,,,2026-09-13 03:14:48.848
180405.3,-0.009577,0.270545,9.785102,-0.057500,0.286351,9.802300,-0.001222,0.005498,-0.001222,0.586000,-30.542002,-35.771000,179.930,-1.673,0.336,,,,,,,,2026-09-13 03:14:48.952
180501.4,-0.098162,0.282516,9.801862,-0.057557,0.285085,9.802337,0.000611,0.003054,0.000000,-0.172000,-29.877001,-34.581001,179.867,-1.666,0.336,,,,,,,,2026-09-13 03:14:49.048
180597.4,-0.074220,0.299275,9.753978,-0.057747,0.285128,9.802334,-0.004276,-0.002443,-0.004276,0.358000,-30.559002,-35.014000,179.725,-1.666,0.338,,,,,,,,2026-09-13 03:14:49.144
180701.5,-0.038307,0.308852,9.837775,-0.057552,0.287042,9.802279,0.001222,0.003665,-0.001222,-0.529000,-30.004002,-34.686001,179.754,-1.677,0.336,,,,,,,,2026-09-13 03:14:49.248
180805.5,-0.028730,0.258574,9.866506,-0.058399,0.285957,9.802306,0.003665,-0.001222,0.000000,1.707000,-29.511002,-34.379002,179.667,-1.671,0.341,,,,,,,,2026-09-13 03:14:49.352
180901.5,-0.028730,0.263362,9.607931,-0.058718,0.284532,9.802345,0.000611,0.000000,0.001222,0.014000,-30.416002,-35.876003,179.646,-1.663,0.343,,,,,,,,2026-09-13 03:14:49.448
180997.5,-0.057461,0.332794,9.950302,-0.059382,0.285757,9.802306,-0.001833,-0.001833,0.002443,-0.640000,-29.924002,-34.794003,179.364,-1.670,0.347,,,,,,,,2026-09-13 03:14:49.544
181101.5,-0.165200,0.248997,9.804255,-0.059612,0.286564,9.802280,-0.001833,0.000000,0.000000,0.253000,-30.216002,-36.742001,179.329,-1.674,0.348,,,,,,,,2026-09-13 03:14:49.648
181205.5,-0.047884,0.289698,9.797073,-0.061667,0.285905,9.802288,0.003054,0.001833,-0.000611,-1.938000,-30.321001,-34.352001,179.332,-1.671,0.360,,,,,,,,2026-09-13 03:14:49.752
181301.5,-0.071826,0.268151,9.749189,-0.062022,0.286593,9.802265,-0.004276,0.000000,0.000000,0.459000,-29.086000,-34.589001,179.342,-1.675,0.363,,,,,,,,2026-09-13 03:14:49.848
181405.5,-0.026336,0.280122,9.708488,-0.062599,0.285448,9.802296,-0.004887,-0.001833,0.000000,0.041000,-30.217001,-33.934002,179.729,-1.668,0.366,,,,,,,,2026-09-13 03:14:49.952
181501.5,-0.045490,0.292093,9.856929,-0.063305,0.281820,9.802396,-0.005498,0.001833,-0.000611,0.272000,-30.283001,-33.395000,179.032,-1.647,0.370,,,,,,,,2026-09-13 03:14:50.048
181597.6,-0.059855,0.280122,9.770737,-0.064551,0.276303,9.802545,0.000000,0.002443,0.000000,-2.046000,-31.802002,-35.748001,179.055,-1.615,0.377,,,,,,,,2026-09-13 03:14:50.144
181701.6,-0.043096,0.275333,9.804255,-0.064017,0.276118,9.802552,-0.001833,-0.001222,0.000611,0.888000,-29.594002,-34.805000,179.054,-1.613,0.374,,,,,,,,2026-09-13 03:14:50.248
181797.6,-0.035913,0.294487,9.806650,-0.063951,0.275762,9.802563,0.000611,0.001222,-0.001833,-0.856000,-31.321001,-35.758003,179.054,-1.611,0.374,,,,,,,,2026-09-13 03:14:50.344
181901.6,-0.064643,0.272939,9.830592,-0.064168,0.275537,9.802568,-0.002443,0.000000,0.000611,0.752000,-31.616001,-34.904003,179.053,-1.610,0.375,,,,,,,,2026-09-13 03:14:50.448
182005.6,-0.031125,0.284910,9.801862,-0.064252,0.275491,9.802569,-0.000611,-0.002443,0.000000,0.353000,-30.565001,-35.770000,179.052,-1.610,0.376,,,,,,,,2026-09-13 03:14:50.552
182101.6,-0.043096,0.275333,9.821015,-0.064209,0.275657,9.802565,-0.000611,0.002443,0.001222,0.672000,-31.248001,-33.394001,179.051,-1.611,0.375,,,,,,,,2026-09-13 03:14:50.648
182205.6,-0.057461,0.280122,9.806650,-0.065147,0.276110,9.802546,0.000611,0.001833,0.001222,0.235000,-30.663002,-35.121002,179.050,-1.613,0.381,,,,,,,,2026-09-13 03:14:50.752
182301.6,-0.047884,0.251391,9.627085,-0.064992,0.276842,9.802526,0.009163,0.002443,0.000000,-0.561000,-32.200001,-35.001003,179.047,-1.618,0.380,,,,,,,,2026-09-13 03:14:50.848
182397.7,-0.028730,0.272939,9.607931,-0.066336,0.278786,9.802462,-0.003665,-0.004276,0.001222,-0.545000,-30.278002,-34.469002,178.926,-1.629,0.388,,,,,,,,2026-09-13 03:14:50.944
182501.7,-0.076614,0.263362,9.662998,-0.066910,0.280432,9.802411,0.000000,0.001833,0.001222,-0.145000,-29.336000,-35.879002,178.825,-1.639,0.391,,,,,,,,2026-09-13 03:14:51.048
182597.8,-0.064643,0.275333,9.792285,-0.068349,0.281869,9.802361,-0.001833,-0.001222,-0.001222,0.268000,-30.115002,-35.555000,179.346,-1.647,0.399,,,,,,,,2026-09-13 03:14:51.144
182701.8,-0.045490,0.277727,9.732430,-0.067906,0.281513,9.802374,0.001222,0.003054,0.001222,-0.244000,-30.893002,-35.224003,179.054,-1.645,0.397,,,,,,,,2026-09-13 03:14:51.248
182797.8,-0.057461,0.268151,9.811439,-0.068744,0.281806,9.802360,0.000611,0.001222,-0.000611,0.638000,-31.711002,-33.823002,179.252,-1.647,0.402,,,,,,,,2026-09-13 03:14:51.344
182901.8,-0.064643,0.292093,9.799467,-0.068044,0.282202,9.802353,0.000611,0.001833,0.000611,-0.369000,-31.256002,-33.063000,179.251,-1.649,0.398,,,,,,,,2026-09-13 03:14:51.448
183005.9,-0.064643,0.292093,9.811439,-0.068671,0.282239,9.802347,0.000611,0.000000,0.000611,0.843000,-30.325001,-34.262001,179.251,-1.649,0.401,,,,,,,,2026-09-13 03:14:51.552
183101.9,-0.050278,0.256180,9.809045,-0.068721,0.282563,9.802338,0.001222,-0.001222,0.000611,0.093000,-29.565001,-32.749001,179.251,-1.651,0.402,,,,,,,,2026-09-13 03:14:51.648
183197.9,-0.062249,0.270545,9.809045,-0.068672,0.283108,9.802322,0.000611,0.002443,-0.000611,-0.436000,-31.923002,-36.298000,179.249,-1.654,0.401,,,,,,,,2026-09-13 03:14:51.744
183301.9,-0.052672,0.301669,9.799467,-0.069058,0.283933,9.802296,0.001222,0.003054,0.001833,-1.246000,-30.347002,-34.572002,179.247,-1.659,0.404,,,,,,,,2026-09-13 03:14:51.848
183398.0,-0.050278,0.280122,9.806650,-0.068937,0.283813,9.802299,-0.003665,-0.003665,0.000000,-1.117000,-30.066002,-35.438004,179.242,-1.658,0.403,,,,,,,,2026-09-13 03:14:51.945
183502.0,-0.057461,0.287304,9.799467,-0.067827,0.283201,9.802325,0.000000,0.000611,0.000611,0.031000,-30.313002,-34.473003,179.241,-1.655,0.396,,,,,,,,2026-09-13 03:14:52.049
183598.0,-0.090980,0.306458,9.828198,-0.067608,0.282820,9.802339,0.000000,0.002443,0.001222,1.109000,-29.668001,-35.562000,179.241,-1.653,0.395,,,,,,,,2026-09-13 03:14:52.145
183702.0,-0.026336,0.277727,9.868899,-0.067630,0.282864,9.802337,-0.001222,-0.002443,0.000611,-0.466000,-30.904001,-33.711002,179.239,-1.653,0.395,,,,,,,,2026-09-13 03:14:52.249
183798.0,-0.062249,0.265756,9.813833,-0.067659,0.283098,9.802329,-0.001222,-0.000611,0.001222,0.449000,-30.917002,-35.229000,179.239,-1.654,0.395,,,,,,,,2026-09-13 03:14:52.345
183902.0,-0.059855,0.292093,9.787497,-0.067426,0.283331,9.802324,0.001222,0.002443,0.000611,-0.243000,-30.892002,-35.116001,179.238,-1.656,0.394,,,,,,,,2026-09-13 03:14:52.449
184006.0,-0.047884,0.282516,9.811439,-0.067726,0.283547,9.802316,0.000000,-0.002443,0.001222,-0.376000,-31.006002,-36.519001,179.236,-1.657,0.396,,,,,,,,2026-09-13 03:14:52.553
184102.0,-0.047884,0.284910,9.818622,-0.067465,0.283738,9.802313,0.000611,0.000611,0.000611,-0.930000,-30.690001,-35.868000,179.234,-1.658,0.394,,,,,,,,2026-09-13 03:14:52.649
184197.9,-0.059855,0.306458,9.806650,-0.067674,0.283765,9.802311,0.000611,0.001833,0.001833,-0.910000,-30.584002,-34.034000,179.233,-1.658,0.396,,,,,,,,2026-09-13 03:14:52.744
184301.9,-0.047884,0.268151,9.837775,-0.067927,0.283613,9.802313,-0.001833,0.001222,0.000611,-1.162000,-30.711002,-35.651001,179.231,-1.657,0.397,,,,,,,,2026-09-13 03:14:52.848
184397.9,-0.064643,0.294487,9.804255,-0.068099,0.283799,9.802306,-0.000611,0.000000,0.000611,-0.697000,-30.754002,-35.114002,179.231,-1.658,0.398,,,,,,,,2026-09-13 03:14:52.944
184501.9,-0.038307,0.265756,9.792285,-0.067770,0.283498,9.802317,0.000611,0.000611,-0.001222,0.526000,-29.982002,-33.074001,179.254,-1.657,0.396,,,,,,,,2026-09-13 03:14:53.048
184605.9,-0.067038,0.270545,9.816227,-0.067958,0.283634,9.802313,-0.000611,0.002443,0.000000,0.590000,-28.889002,-34.375000,179.255,-1.657,0.397,,,,,,,,2026-09-13 03:14:53.152
184701.9,-0.062249,0.294487,9.794679,-0.067690,0.284020,9.802302,0.000611,0.000611,0.001833,-0.430000,-30.097002,-36.306004,179.255,-1.660,0.396,,,,,,,,2026-09-13 03:14:53.248
184797.9,-0.064643,0.296881,9.804255,-0.067419,0.284638,9.802287,0.000000,-0.001222,0.000611,0.895000,-31.235001,-34.691002,179.253,-1.663,0.394,,,,,,,,2026-09-13 03:14:53.344
184901.9,-0.038307,0.263362,9.811439,-0.066301,0.284870,9.802288,0.000000,0.002443,0.000611,2.877000,-30.958002,-35.569000,179.253,-1.665,0.388,,,,,,,,2026-09-13 03:14:53.448
184998.0,-0.090980,0.292093,9.801862,-0.065466,0.285522,9.802274,0.002443,0.003665,0.001222,0.401000,-31.565002,-35.874001,179.251,-1.668,0.383,,,,,,,,2026-09-13 03:14:53.545
185102.0,-0.033519,0.277727,9.804255,-0.064849,0.286020,9.802263,0.000000,-0.002443,-0.001222,0.283000,-30.014002,-34.368000,179.249,-1.671,0.379,,,,,,,,2026-09-13 03:14:53.649
185198.0,-0.043096,0.265756,9.816227,-0.064209,0.286669,9.802249,-0.000611,0.001222,0.000611,0.145000,-30.391001,-34.041000,179.244,-1.675,0.375,,,,,,,,2026-09-13 03:14:53.745
185302.0,-0.055067,0.299275,9.775525,-0.064322,0.287272,9.802231,0.000611,0.003054,-0.000611,-1.388000,-30.898001,-33.058002,179.240,-1.679,0.376,,,,,,,,2026-09-13 03:14:53.849
185398.0,-0.064643,0.304064,9.801862,-0.064323,0.287972,9.802210,-0.000611,-0.001222,-0.001222,0.522000,-29.986002,-33.614002,179.239,-1.683,0.376,,,,,,,,2026-09-13 03:14:53.945
185502.0,-0.038307,0.263362,9.828198,-0.063448,0.288008,9.802215,0.001222,0.000611,0.000611,0.157000,-30.121002,-34.798000,179.239,-1.683,0.371,,,,,,,,2026-09-13 03:14:54.049
185598.0,-0.059855,0.292093,9.773131,-0.063211,0.289232,9.802180,0.000000,0.001833,0.000611,-2.377000,-31.644001,-34.775002,179.237,-1.690,0.369,,,,,,,,2026-09-13 03:14:54.145
185702.0,-0.035913,0.265756,9.804255,-0.062911,0.289502,9.802174,0.000000,-0.000611,0.000000,-0.903000,-30.320002,-35.546001,179.252,-1.692,0.368,,,,,,,,2026-09-13 03:14:54.249
185798.0,-0.059855,0.263362,9.825804,-0.062755,0.290308,9.802151,0.000611,-0.001222,-0.001222,-0.255000,-31.076002,-35.116001,179.250,-1.696,0.367,,,,,,,,2026-09-13 03:14:54.344
185901.9,-0.050278,0.296881,9.787497,-0.062964,0.290408,9.802147,0.000611,0.003054,0.001222,-1.253000,-31.831001,-38.021000,179.249,-1.697,0.368,,,,,,,,2026-09-13 03:14:54.448
185997.9,-0.059855,0.296881,9.794679,-0.062799,0.291041,9.802130,0.002443,0.000611,0.000000,0.020000,-30.410002,-35.120003,179.249,-1.701,0.367,,,,,,,,2026-09-13 03:14:54.544
186101.9,-0.033519,0.272939,9.801862,-0.063239,0.291014,9.802128,-0.000611,0.000000,0.001833,1.402000,-30.549002,-35.021000,179.248,-1.701,0.370,,,,,,,,2026-09-13 03:14:54.648
186197.9,-0.081403,0.292093,9.785102,-0.062966,0.290404,9.802148,0.000611,-0.001222,-0.001222,0.543000,-31.443001,-33.392002,179.246,-1.697,0.368,,,,,,,,2026-09-13 03:14:54.744
186301.9,-0.023942,0.275333,9.821015,-0.062852,0.290744,9.802137,-0.001833,-0.000611,0.000000,-1.245000,-30.260002,-35.328003,179.243,-1.699,0.367,,,,,,,,2026-09-13 03:14:54.848
186398.0,-0.086191,0.292093,9.828198,-0.062783,0.289915,9.802163,-0.000611,0.001833,0.000000,-0.281000,-31.444002,-35.222000,179.242,-1.694,0.367,,,,,,,,2026-09-13 03:14:54.945
186502.0,-0.035913,0.292093,9.742006,-0.063229,0.290074,9.802155,-0.001222,-0.003054,0.002443,0.579000,-29.157001,-33.402000,179.241,-1.695,0.370,,,,,,,,2026-09-13 03:14:55.049
186598.0,-0.045490,0.280122,9.809045,-0.062710,0.289992,9.802161,-0.001833,0.000611,0.000611,-0.551000,-31.847002,-36.946003,179.237,-1.695,0.367,,,,,,,,2026-09-13 03:14:55.145
186702.0,-0.059855,0.289698,9.797073,-0.062952,0.289281,9.802180,0.001222,0.003054,0.001833,0.259000,-30.124001,-36.742001,179.239,-1.690,0.368,,,,,,,,2026-09-13 03:14:55.249
186798.1,-0.071826,0.304064,9.773131,-0.063205,0.289278,9.802179,-0.000611,0.000000,0.000000,0.550000,-29.444002,-34.804001,179.234,-1.690,0.369,,,,,,,,2026-09-13 03:14:55.345
186902.0,-0.014365,0.260968,9.801862,-0.062920,0.288899,9.802192,0.000000,-0.001222,0.000000,-0.464000,-30.731001,-35.116001,179.120,-1.688,0.368,,,,,,,,2026-09-13 03:14:55.449
186998.0,-0.081403,0.277727,9.837775,-0.062953,0.289101,9.802186,0.001222,0.004887,-0.000611,0.270000,-30.113001,-35.339001,179.120,-1.689,0.368,,,,,,,,2026-09-13 03:14:55.545
187102.0,-0.040701,0.299275,9.782708,-0.064291,0.289077,9.802178,0.000000,-0.002443,-0.000611,0.234000,-32.399002,-35.221001,179.108,-1.689,0.376,,,,,,,,2026-09-13 03:14:55.649
187198.0,-0.045490,0.284910,9.809045,-0.063975,0.289697,9.802161,-0.001222,-0.002443,-0.001222,-0.046000,-31.335001,-35.872002,179.109,-1.693,0.374,,,,,,,,2026-09-13 03:14:55.745
187302.0,-0.050278,0.287304,9.797073,-0.064524,0.289693,9.802158,0.002443,0.001222,-0.001222,1.446000,-31.554001,-35.665001,179.110,-1.693,0.377,,,,,,,,2026-09-13 03:14:55.849
187397.9,-0.081403,0.299275,9.794679,-0.064277,0.290128,9.802147,0.000000,-0.000611,0.000611,-1.135000,-30.426001,-34.465000,179.108,-1.695,0.376,,,,,,,,2026-09-13 03:14:55.944
187501.9,-0.040701,0.253785,9.883265,-0.064917,0.289923,9.802148,-0.000611,-0.000611,0.000000,0.933000,-30.425001,-36.962002,179.284,-1.694,0.379,,,,,,,,2026-09-13 03:14:56.048
187605.9,-0.069432,0.287304,9.770737,-0.064195,0.287926,9.802212,-0.004887,-0.001222,-0.001222,-0.593000,-30.926001,-35.114002,179.166,-1.682,0.375,,,,,,,,2026-09-13 03:14:56.152
187701.8,-0.038307,0.284910,9.672575,-0.062793,0.283091,9.802362,-0.002443,-0.001833,-0.002443,1.397000,-30.812002,-33.292000,179.138,-1.654,0.367,,,,,,,,2026-09-13 03:14:56.248
187797.8,-0.074220,0.280122,9.818622,-0.063432,0.283076,9.802359,-0.002443,-0.001833,0.000000,-0.432000,-30.442001,-33.282001,179.611,-1.654,0.371,,,,,,,,2026-09-13 03:14:56.344
187901.9,-0.023942,0.263362,9.758766,-0.063638,0.282430,9.802376,-0.003665,-0.002443,0.002443,-0.916000,-30.505001,-35.653000,179.491,-1.650,0.372,,,,,,,,2026-09-13 03:14:56.448
187997.9,-0.057461,0.284910,9.837775,-0.062415,0.281872,9.802400,-0.002443,-0.002443,-0.000611,-0.326000,-30.355001,-35.550003,179.406,-1.647,0.365,,,,,,,,2026-09-13 03:14:56.544
188101.9,-0.040701,0.263362,9.813833,-0.062754,0.281431,9.802410,0.001222,0.004276,0.001222,-1.015000,-31.890001,-36.619003,179.736,-1.644,0.367,,,,,,,,2026-09-13 03:14:56.648
188197.9,-0.076614,0.292093,9.835381,-0.062483,0.281831,9.802400,-0.000611,0.000000,-0.000611,0.538000,-31.277002,-35.660000,179.667,-1.647,0.365,,,,,,,,2026-09-13 03:14:56.744
188301.9,-0.011971,0.282516,9.828198,-0.062583,0.281430,9.802411,-0.001833,-0.000611,0.000000,0.277000,-30.021002,-35.231003,179.665,-1.644,0.366,,,,,,,,2026-09-13 03:14:56.848
188397.9,-0.069432,0.275333,9.866506,-0.062565,0.281410,9.802412,0.001833,0.006109,-0.001222,-0.102000,-32.249001,-35.220001,179.663,-1.644,0.366,,,,,,,,2026-09-13 03:14:56.944
188501.9,-0.043096,0.277727,9.785102,-0.063241,0.281623,9.802402,0.000611,-0.000611,0.001222,-0.489000,-29.364002,-35.121002,179.664,-1.646,0.370,,,,,,,,2026-09-13 03:14:57.048
188597.9,-0.045490,0.292093,9.806650,-0.062644,0.281279,9.802415,-0.001833,-0.003054,0.001833,-0.865000,-29.682001,-36.197002,179.661,-1.644,0.366,,,,,,,,2026-09-13 03:14:57.144
188701.9,-0.052672,0.268151,9.828198,-0.063367,0.280825,9.802423,-0.001222,0.002443,-0.000611,1.015000,-31.221001,-34.260002,179.660,-1.641,0.370,,,,,,,,2026-09-13 03:14:57.248
188797.9,-0.074220,0.277727,9.804255,-0.063512,0.280515,9.802432,0.000000,0.001833,0.001222,1.700000,-31.254002,-35.452003,179.659,-1.639,0.371,,,,,,,,2026-09-13 03:14:57.344
188901.9,-0.011971,0.270545,9.773131,-0.064158,0.280398,9.802430,0.001833,-0.001222,-0.000611,-0.978000,-29.774002,-34.792000,179.657,-1.638,0.375,,,,,,,,2026-09-13 03:14:57.448
188997.9,-0.067038,0.287304,9.835381,-0.062761,0.285660,9.802288,-0.004887,0.000000,-0.000611,-0.871000,-30.202002,-32.092003,179.626,-1.669,0.367,,,,,,,,2026-09-13 03:14:57.544
189102.0,-0.028730,0.294487,9.722853,-0.063158,0.286793,9.802252,0.000611,-0.003665,0.001222,0.566000,-30.991001,-34.366001,179.303,-1.676,0.369,,,,,,,,2026-09-13 03:14:57.649
189206.0,-0.062249,0.280122,9.744401,-0.062054,0.287002,9.802254,0.001222,0.001222,0.001833,-0.572000,-32.383003,-34.784000,179.170,-1.677,0.363,,,,,,,,2026-09-13 03:14:57.753
189302.0,-0.047884,0.256180,9.804255,-0.062539,0.287108,9.802247,-0.002443,0.000000,0.000000,0.478000,-30.631001,-33.827003,179.150,-1.678,0.366,,,,,,,,2026-09-13 03:14:57.849
189398.1,-0.057461,0.294487,9.821015,-0.062398,0.285041,9.802308,-0.004887,0.001833,0.000611,-0.106000,-30.517002,-35.659000,179.150,-1.666,0.365,,,,,,,,2026-09-13 03:14:57.945
189502.1,-0.050278,0.294487,9.806650,-0.063696,0.282303,9.802379,-0.004276,0.000611,0.001222,0.289000,-30.009001,-33.612003,179.117,-1.650,0.372,,,,,,,,2026-09-13 03:14:58.049
189598.1,-0.059855,0.277727,9.749189,-0.064224,0.280441,9.802429,-0.001833,-0.001833,-0.001222,0.403000,-30.000002,-33.937000,178.849,-1.639,0.375,,,,,,,,2026-09-13 03:14:58.145
189702.1,-0.043096,0.296881,9.787497,-0.063816,0.280745,9.802423,-0.003665,-0.001222,-0.001222,0.634000,-29.723001,-36.747002,178.865,-1.640,0.373,,,,,,,,2026-09-13 03:14:58.249
189806.1,-0.043096,0.210690,9.715671,-0.062451,0.280642,9.802435,-0.003054,0.000611,0.001222,0.291000,-29.578001,-37.393002,178.436,-1.640,0.365,,,,,,,,2026-09-13 03:14:58.353
189902.1,-0.026336,0.287304,9.785102,-0.063208,0.281158,9.802415,-0.001222,-0.003054,0.000000,-1.397000,-30.735001,-35.865002,178.653,-1.643,0.369,,,,,,,,2026-09-13 03:14:58.449
189998.1,-0.035913,0.251391,9.758766,-0.061721,0.280651,9.802440,-0.004276,0.000611,0.000000,-0.796000,-30.575001,-34.358002,178.791,-1.640,0.361,,,,,,,,2026-09-13 03:14:58.545
190102.1,-0.069432,0.268151,9.825804,-0.062400,0.280778,9.802431,0.004887,0.000611,-0.000611,-0.497000,-31.193001,-35.437000,178.793,-1.641,0.365,,,,,,,,2026-09-13 03:14:58.649
190198.1,-0.076614,0.280122,9.873688,-0.062469,0.283146,9.802362,0.003054,0.004276,0.000000,1.194000,-30.289001,-34.049000,179.241,-1.655,0.365,,,,,,,,2026-09-13 03:14:58.745
190302.1,-0.033519,0.284910,9.844957,-0.062570,0.285670,9.802289,-0.000611,-0.002443,-0.000611,1.671000,-30.148001,-33.513000,179.514,-1.669,0.366,,,,,,,,2026-09-13 03:14:58.849
190398.1,-0.064643,0.313640,9.830592,-0.061361,0.287061,9.802256,0.003665,0.001222,0.000611,-0.247000,-30.982002,-34.900002,179.514,-1.677,0.359,,,,,,,,2026-09-13 03:14:58.945
190502.1,-0.033519,0.287304,9.746795,-0.062169,0.288309,9.802215,-0.001222,0.001222,0.000000,-0.750000,-31.406002,-36.406002,179.573,-1.685,0.363,,,,,,,,2026-09-13 03:14:59.049
190598.1,-0.062249,0.282516,9.825804,-0.061678,0.288591,9.802209,0.000000,0.000000,0.000611,0.385000,-30.104002,-35.556004,179.850,-1.686,0.361,,,,,,,,2026-09-13 03:14:59.145
190702.1,-0.040701,0.287304,9.832987,-0.061967,0.288945,9.802197,0.000000,0.000611,0.001222,-1.513000,-30.574001,-37.377003,179.848,-1.688,0.362,,,,,,,,2026-09-13 03:14:59.249
190806.1,-0.064643,0.294487,9.811439,-0.060723,0.288955,9.802204,-0.000611,0.001222,-0.000611,0.787000,-31.066002,-35.123001,179.846,-1.688,0.355,,,,,,,,2026-09-13 03:14:59.353
190902.1,-0.043096,0.294487,9.821015,-0.061556,0.288265,9.802218,-0.001222,-0.000611,-0.000611,-0.828000,-31.036001,-34.572002,179.787,-1.684,0.360,,,,,,,,2026-09-13 03:14:59.449
190998.0,-0.040701,0.275333,9.785102,-0.060302,0.288831,9.802211,-0.001222,0.000611,-0.000611,-1.093000,-31.176001,-37.917004,179.779,-1.688,0.352,,,,,,,,2026-09-13 03:14:59.545
191102.1,-0.026336,0.256180,9.830592,-0.060334,0.288208,9.802228,0.000611,0.000611,0.000611,-0.035000,-29.589001,-34.367001,179.780,-1.684,0.353,,,,,,,,2026-09-13 03:14:59.649
191198.1,-0.052672,0.289698,9.811439,-0.059913,0.287971,9.802238,0.002443,0.003054,-0.001222,-0.037000,-29.505001,-35.447002,179.781,-1.683,0.350,,,,,,,,2026-09-13 03:14:59.745
191302.1,-0.038307,0.282516,9.794679,-0.060857,0.287889,9.802235,-0.000611,-0.000611,0.001833,0.924000,-30.691002,-35.665001,179.781,-1.682,0.356,,,,,,,,2026-09-13 03:14:59.849
191398.0,-0.028730,0.284910,9.799467,-0.059954,0.288289,9.802228,-0.001222,-0.002443,0.000611,-0.465000,-30.732002,-35.224003,179.371,-1.685,0.350,,,,,,,,2026-09-13 03:14:59.945
191502.0,-0.062249,0.299275,9.722853,-0.060406,0.288111,9.802231,0.000000,0.003665,0.000000,-0.846000,-31.226002,-35.327003,178.919,-1.684,0.353,,,,,,,,2026-09-13 03:15:00.049
191598.0,-0.071826,0.294487,9.828198,-0.060457,0.288662,9.802215,0.000611,0.000611,0.000611,0.465000,-30.644001,-35.554001,178.884,-1.687,0.353,,,,,,,,2026-09-13 03:15:00.145
191701.9,-0.023942,0.258574,9.785102,-0.061312,0.288015,9.802228,-0.000611,-0.000611,0.001222,-0.634000,-31.568001,-34.895000,178.919,-1.683,0.358,,,,,,,,2026-09-13 03:15:00.248
191797.9,-0.064643,0.296881,9.888053,-0.060231,0.288530,9.802220,0.001833,0.003665,-0.003665,-0.382000,-29.534002,-34.797001,178.978,-1.686,0.352,,,,,,,,2026-09-13 03:15:00.344
191901.9,-0.040701,0.265756,9.856929,-0.061442,0.288099,9.802225,-0.001222,-0.000611,0.000000,0.956000,-30.488001,-33.075001,179.003,-1.683,0.359,,,,,,,,2026-09-13 03:15:00.448
191997.9,-0.057461,0.251391,9.852140,-0.060867,0.288474,9.802217,0.000611,-0.002443,0.000000,1.372000,-30.836002,-36.531002,179.217,-1.686,0.356,,,,,,,,2026-09-13 03:15:00.544
192101.9,-0.038307,0.289698,9.804255,-0.062389,0.287493,9.802237,-0.003054,0.000611,0.000000,-0.645000,-31.751001,-34.786003,179.064,-1.680,0.365,,,,,,,,2026-09-13 03:15:00.648
192206.0,-0.093374,0.280122,9.785102,-0.061757,0.287605,9.802238,-0.000611,0.000611,-0.000611,-0.520000,-31.645002,-34.464001,179.054,-1.681,0.361,,,,,,,,2026-09-13 03:15:00.753
192302.1,-0.076614,0.237026,9.832987,-0.062548,0.289380,9.802179,-0.004276,-0.001222,-0.001222,-1.057000,-30.883001,-35.651001,179.483,-1.691,0.366,,,,,,,,2026-09-13 03:15:00.849
192398.1,-0.057461,0.282516,9.871294,-0.062798,0.288809,9.802196,-0.001833,-0.001222,0.000000,1.049000,-30.844002,-32.966003,179.369,-1.688,0.367,,,,,,,,2026-09-13 03:15:00.945
192502.1,-0.052672,0.272939,9.816227,-0.062876,0.289415,9.802176,-0.002443,0.000611,-0.000611,-0.899000,-30.316002,-35.006001,179.538,-1.691,0.368,,,,,,,,2026-09-13 03:15:01.049
192598.1,0.040701,0.239420,9.749189,-0.062132,0.289504,9.802179,-0.001833,-0.001222,0.001222,-0.776000,-30.213001,-35.008003,179.065,-1.692,0.363,,,,,,,,2026-09-13 03:15:01.145
192702.1,-0.055067,0.301669,9.765948,-0.060595,0.289579,9.802186,-0.001222,0.001833,-0.001833,-0.522000,-31.389002,-37.056004,179.110,-1.692,0.354,,,,,,,,2026-09-13 03:15:01.249
192798.1,-0.052672,0.282516,9.885659,-0.059403,0.290016,9.802181,-0.006109,-0.004276,0.000611,-1.009000,-31.970001,-34.999001,179.110,-1.695,0.347,,,,,,,,2026-09-13 03:15:01.345
192902.2,-0.050278,0.284910,9.768343,-0.059643,0.288500,9.802224,-0.000611,0.004276,0.000000,-1.628000,-30.842001,-34.784000,178.960,-1.686,0.349,,,,,,,,2026-09-13 03:15:01.449
192998.2,-0.062249,0.301669,9.777920,-0.059434,0.288728,9.802218,-0.000611,-0.000611,0.000000,-0.827000,-31.036001,-34.464001,178.959,-1.687,0.347,,,,,,,,2026-09-13 03:15:01.545
193102.2,-0.031125,0.263362,9.813833,-0.059832,0.288745,9.802216,-0.001833,-0.000611,0.000000,0.369000,-30.462002,-34.367001,178.959,-1.687,0.350,,,,,,,,2026-09-13 03:15:01.649
193206.3,-0.052672,0.294487,9.801862,-0.059990,0.288780,9.802214,0.001833,0.000611,0.001833,-0.175000,-29.624001,-37.497002,178.958,-1.687,0.351,,,,,,,,2026-09-13 03:15:01.753
193302.4,-0.045490,0.299275,9.821015,-0.060909,0.288647,9.802213,0.000000,-0.000611,0.000000,0.316000,-31.202002,-35.011002,178.957,-1.687,0.356,,,,,,,,2026-09-13 03:15:01.849
193398.5,-0.031125,0.287304,9.818622,-0.060284,0.288400,9.802223,-0.000611,-0.003054,0.001222,-0.492000,-31.188002,-34.790001,178.955,-1.685,0.352,,,,,,,,2026-09-13 03:15:01.945
193502.5,-0.083797,0.284910,9.804255,-0.060165,0.288271,9.802228,0.000000,0.003665,0.000611,-0.056000,-30.038002,-33.070000,178.954,-1.684,0.352,,,,,,,,2026-09-13 03:15:02.049
193598.5,-0.040701,0.313640,9.799467,-0.060540,0.288529,9.802217,-0.000611,0.001833,-0.000611,-0.387000,-31.360001,-34.682003,178.953,-1.686,0.354,,,,,,,,2026-09-13 03:15:02.145
193702.6,-0.079009,0.246603,9.880871,-0.060651,0.288097,9.802230,0.001222,-0.000611,-0.001222,-0.184000,-29.975002,-35.337002,178.722,-1.683,0.355,,,,,,,,2026-09-13 03:15:02.249
193806.6,-0.067038,0.311246,9.756371,-0.060624,0.288612,9.802215,0.001222,-0.000611,0.000611,0.567000,-30.819002,-35.878002,178.574,-1.686,0.354,,,,,,,,2026-09-13 03:15:02.353
193902.7,-0.064643,0.306458,9.756371,-0.061010,0.289109,9.802197,0.000000,-0.001833,0.000000,1.057000,-30.493002,-35.235001,178.932,-1.689,0.357,,,,,,,,2026-09-13 03:15:02.449
193998.7,-0.033519,0.284910,9.816227,-0.060965,0.288940,9.802203,-0.001833,0.000000,0.000611,-1.411000,-30.835001,-36.944000,178.916,-1.688,0.356,,,,,,,,2026-09-13 03:15:02.545
194102.7,-0.069432,0.299275,9.868899,-0.060808,0.288985,9.802202,-0.002443,0.001833,0.000000,-0.374000,-30.917002,-36.951000,179.254,-1.689,0.355,,,,,,,,2026-09-13 03:15:02.649
194198.7,0.007183,0.325611,9.641450,-0.060969,0.289102,9.802198,0.008552,-0.002443,-0.001222,0.666000,-29.605001,-33.292000,179.168,-1.689,0.356,,,,,,,,2026-09-13 03:15:02.745
194302.8,-0.043096,0.272939,9.627085,-0.059298,0.289815,9.802187,0.007330,0.004887,0.000611,-0.830000,-31.038002,-34.788002,179.598,-1.694,0.347,,,,,,,,2026-09-13 03:15:02.849
194398.8,-0.088585,0.270545,9.696517,-0.059143,0.289605,9.802195,0.003665,-0.001833,0.001222,0.493000,-30.273001,-35.124001,179.617,-1.692,0.346,,,,,,,,2026-09-13 03:15:02.945
194502.9,-0.045490,0.304064,9.849746,-0.058897,0.290548,9.802169,-0.002443,-0.002443,0.001222,0.500000,-30.094002,-35.772003,179.484,-1.698,0.344,,,,,,,,2026-09-13 03:15:03.049
194599.0,-0.026336,0.284910,9.806650,-0.058204,0.290582,9.802172,0.000000,0.000611,0.000611,0.124000,-30.754002,-33.500000,179.483,-1.698,0.340,,,,,,,,2026-09-13 03:15:03.146
194703.0,-0.081403,0.289698,9.787497,-0.058434,0.290334,9.802176,0.000000,-0.000611,0.000000,0.613000,-30.258001,-34.585003,179.481,-1.697,0.342,,,,,,,,2026-09-13 03:15:03.250
194799.0,-0.014365,0.289698,9.768343,-0.058452,0.290283,9.802178,-0.001833,-0.003054,0.000611,-0.821000,-30.771002,-35.977001,179.480,-1.696,0.342,,,,,,,,2026-09-13 03:15:03.346
194903.0,-0.071826,0.289698,9.832987,-0.058036,0.290102,9.802186,0.001833,0.002443,0.000611,-0.241000,-30.891001,-34.901001,179.477,-1.695,0.339,,,,,,,,2026-09-13 03:15:03.450
194999.1,-0.047884,0.289698,9.789890,-0.058268,0.289984,9.802189,0.000611,0.000000,0.000000,0.386000,-30.188002,-34.584003,179.479,-1.694,0.341,,,,,,,,2026-09-13 03:15:03.546
195103.1,-0.045490,0.301669,9.835381,-0.058119,0.289908,9.802192,-0.000611,-0.000611,-0.000611,0.867000,-29.957001,-34.264000,179.480,-1.694,0.340,,,,,,,,2026-09-13 03:15:03.650
195199.1,-0.031125,0.277727,9.801862,-0.058962,0.289428,9.802200,-0.004887,0.002443,0.001833,-0.297000,-29.983002,-34.904003,179.458,-1.691,0.345,,,,,,,,2026-09-13 03:15:03.746
195303.1,-0.167594,0.366313,10.072407,-0.059221,0.290114,9.802179,0.006720,-0.003054,-0.003054,0.264000,-30.291002,-34.475002,179.436,-1.695,0.346,,,,,,,,2026-09-13 03:15:03.850
195399.1,-0.040701,0.375890,9.828198,-0.056515,0.288846,9.802233,-0.006109,0.001833,0.000611,-0.149000,-29.511002,-34.799000,179.444,-1.688,0.330,,,,,,,,2026-09-13 03:15:03.946
195503.2,-0.059855,0.265756,9.722853,-0.052363,0.287294,9.802300,-0.010996,0.000000,-0.000611,1.560000,-29.982002,-34.376003,179.553,-1.679,0.306,,,,,,,,2026-09-13 03:15:04.050
195599.2,-0.038307,0.292093,9.701305,-0.052630,0.285572,9.802350,0.002443,0.001833,0.000611,0.196000,-29.395000,-36.097000,179.365,-1.669,0.308,,,,,,,,2026-09-13 03:15:04.146
195703.2,-0.059855,0.304064,10.029311,-0.052105,0.286630,9.802321,-0.002443,0.006109,0.001222,0.168000,-30.110001,-33.395000,179.364,-1.675,0.305,,,,,,,,2026-09-13 03:15:04.250
195799.2,-0.014365,0.272939,9.897630,-0.053225,0.284763,9.802370,-0.001222,0.003665,0.001833,-1.620000,-30.662001,-35.324001,179.669,-1.664,0.311,,,,,,,,2026-09-13 03:15:04.346
195903.2,-0.057461,0.280122,9.792285,-0.054718,0.279704,9.802507,-0.003665,0.001833,-0.000611,0.559000,-30.998001,-35.337002,179.880,-1.634,0.320,,,,,,,,2026-09-13 03:15:04.450
195999.2,-0.021548,0.275333,9.655815,-0.055634,0.278031,9.802550,0.003665,0.001833,0.001833,0.486000,-30.366001,-35.231003,179.873,-1.625,0.325,,,,,,,,2026-09-13 03:15:04.546
196103.2,-0.067038,0.268151,9.777920,-0.056114,0.279432,9.802507,0.001222,0.002443,0.001222,-0.135000,-31.233002,-33.064003,179.249,-1.633,0.328,,,,,,,,2026-09-13 03:15:04.650
196199.2,-0.057461,0.229843,9.777920,-0.056732,0.278092,9.802542,-0.003054,-0.002443,0.001222,-2.350000,-31.274002,-34.453003,179.263,-1.625,0.332,,,,,,,,2026-09-13 03:15:04.746
196303.2,-0.076614,0.270545,9.746795,-0.056699,0.278945,9.802518,0.001222,0.004276,0.000611,-0.325000,-30.440001,-34.578003,179.113,-1.630,0.331,,,,,,,,2026-09-13 03:15:04.850
196399.2,-0.050278,0.284910,9.832987,-0.057504,0.279283,9.802505,0.001222,0.001833,0.000000,-0.583000,-29.181002,-33.718002,179.020,-1.632,0.336,,,,,,,,2026-09-13 03:15:04.946
196503.3,-0.028730,0.282516,9.880871,-0.057872,0.280075,9.802479,-0.007330,-0.007330,0.000611,-0.641000,-31.660002,-35.003002,179.162,-1.637,0.338,,,,,,,,2026-09-13 03:15:05.050
196599.3,-0.002394,0.229843,9.880871,-0.058148,0.279710,9.802487,-0.002443,0.001222,0.000000,-0.597000,-31.187002,-33.170002,179.356,-1.634,0.340,,,,,,,,2026-09-13 03:15:05.146
196703.3,-0.064643,0.301669,9.785102,-0.059215,0.278497,9.802516,-0.005498,-0.001833,-0.000611,1.094000,-29.855001,-35.993000,179.111,-1.627,0.346,,,,,,,,2026-09-13 03:15:05.250
196799.3,-0.035913,0.308852,9.837775,-0.059437,0.278082,9.802526,-0.003054,-0.001222,0.001222,0.027000,-30.317001,-35.013000,179.166,-1.625,0.347,,,,,,,,2026-09-13 03:15:05.346
196903.4,-0.052672,0.253785,9.888053,-0.059189,0.277201,9.802552,0.001222,-0.001833,-0.001833,1.954000,-29.476002,-32.654003,179.133,-1.620,0.346,,,,,,,,2026-09-13 03:15:05.450
196999.5,-0.047884,0.339977,9.883265,-0.059233,0.277579,9.802542,-0.000611,0.003665,0.000000,-0.068000,-30.136002,-33.825001,179.304,-1.622,0.346,,,,,,,,2026-09-13 03:15:05.546
197103.6,-0.050278,0.268151,9.799467,-0.059463,0.277589,9.802541,-0.000611,-0.001222,0.001833,-0.890000,-30.135002,-35.439003,179.054,-1.622,0.348,,,,,,,,2026-09-13 03:15:05.650
197199.6,-0.040701,0.268151,9.789890,-0.059774,0.277386,9.802545,0.001222,0.000611,-0.001222,-0.222000,-30.699001,-33.930000,179.044,-1.621,0.349,,,,,,,,2026-09-13 03:15:05.746
197303.7,-0.059855,0.265756,9.821015,-0.059663,0.277416,9.802544,0.001222,0.003054,0.001222,0.004000,-30.598001,-35.659000,178.916,-1.621,0.349,,,,,,,,2026-09-13 03:15:05.850
197399.7,-0.026336,0.280122,9.763555,-0.060758,0.277466,9.802536,0.002443,0.000611,-0.000611,0.273000,-30.110001,-34.907001,179.074,-1.621,0.355,,,,,,,,2026-09-13 03:15:05.946
197495.8,-0.062249,0.282516,9.761160,-0.060225,0.278178,9.802519,-0.000611,0.002443,0.000611,-0.107000,-30.604002,-35.011002,178.439,-1.625,0.352,,,,,,,,2026-09-13 03:15:06.042
197599.8,-0.047884,0.256180,9.761160,-0.061204,0.277966,9.802519,-0.001222,-0.001222,-0.001222,-0.413000,-30.080002,-34.039001,178.438,-1.624,0.358,,,,,,,,2026-09-13 03:15:06.146
197703.9,-0.059855,0.268151,9.811439,-0.060584,0.278012,9.802522,0.004276,0.001833,0.000611,-0.122000,-29.055002,-35.233002,178.426,-1.625,0.354,,,,,,,,2026-09-13 03:15:06.250
197800.0,-0.057461,0.263362,9.780313,-0.061614,0.278576,9.802499,0.001222,0.002443,0.001222,0.023000,-31.971001,-36.409000,178.647,-1.628,0.360,,,,,,,,2026-09-13 03:15:06.347
197904.1,-0.035913,0.265756,9.744401,-0.061037,0.278288,9.802511,0.001222,-0.001222,-0.001222,-0.780000,-30.388002,-33.819000,178.786,-1.626,0.357,,,,,,,,2026-09-13 03:15:06.451
198000.2,-0.043096,0.289698,9.892841,-0.061787,0.279513,9.802471,0.003665,0.004276,0.000000,0.243000,-30.741001,-33.177002,179.709,-1.633,0.361,,,,,,,,2026-09-13 03:15:06.547
198104.3,-0.083797,0.292093,9.976639,-0.062805,0.281609,9.802404,0.003054,0.002443,0.000611,-1.349000,-30.172001,-34.356003,179.092,-1.646,0.367,,,,,,,,2026-09-13 03:15:06.651
198200.3,-0.040701,0.280122,9.797073,-0.063539,0.283150,9.802356,-0.000611,-0.003665,-0.000611,0.314000,-31.376001,-33.607002,178.933,-1.655,0.371,,,,,,,,2026-09-13 03:15:06.747
198304.4,-0.047884,0.292093,9.799467,-0.062799,0.283443,9.802352,0.002443,0.001222,0.000000,0.076000,-29.668001,-34.152000,178.931,-1.656,0.367,,,,,,,,2026-09-13 03:15:06.851
198400.5,-0.059855,0.272939,9.832987,-0.063387,0.284686,9.802312,-0.000611,0.001833,-0.000611,0.265000,-30.204002,-35.123001,178.930,-1.664,0.370,,,,,,,,2026-09-13 03:15:06.947
198504.7,-0.059855,0.280122,9.794679,-0.063102,0.284084,9.802332,-0.000611,-0.001833,-0.000611,-0.056000,-29.953001,-33.934002,178.927,-1.660,0.369,,,,,,,,2026-09-13 03:15:07.051
198600.7,-0.047884,0.304064,9.825804,-0.063613,0.284541,9.802316,0.000611,0.001222,0.001222,-0.341000,-30.713001,-34.253002,178.927,-1.663,0.372,,,,,,,,2026-09-13 03:15:07.147
198704.7,-0.057461,0.282516,9.837775,-0.063438,0.284700,9.802312,0.000611,0.001833,-0.000611,-0.123000,-30.964001,-33.929001,178.925,-1.664,0.371,,,,,,,,2026-09-13 03:15:07.251
198800.8,-0.045490,0.275333,9.818622,-0.063845,0.285174,9.802295,0.000000,0.001833,0.000611,0.042000,-30.045002,-35.446003,178.926,-1.666,0.373,,,,,,,,2026-09-13 03:15:07.347
198904.8,-0.038307,0.301669,9.856929,-0.064310,0.285734,9.802276,0.002443,-0.001222,-0.000611,-0.923000,-30.683001,-34.897003,178.924,-1.670,0.376,,,,,,,,2026-09-13 03:15:07.451
199000.8,-0.064643,0.270545,9.832987,-0.063763,0.285934,9.802274,-0.003054,0.000611,-0.000611,-0.572000,-30.562002,-35.547001,178.922,-1.671,0.373,,,,,,,,2026-09-13 03:15:07.547
199104.8,-0.069432,0.275333,9.813833,-0.064154,0.285854,9.802273,0.003665,0.004276,0.001222,-1.131000,-30.423002,-34.033001,178.924,-1.670,0.375,,,,,,,,2026-09-13 03:15:07.651
199200.9,-0.193930,0.325611,10.345345,-0.064294,0.286476,9.802255,-0.006720,0.006109,-0.001222,0.944000,-30.329002,-36.314003,179.033,-1.674,0.376,,,,,,,,2026-09-13 03:15:07.747
199304.9,-0.031125,0.272939,9.789890,-0.065195,0.284679,9.802300,-0.003665,-0.003665,0.000611,-0.985000,-31.602001,-35.001003,178.952,-1.663,0.381,,,,,,,,2026-09-13 03:15:07.851
199400.9,-0.050278,0.292093,9.847352,-0.065178,0.284375,9.802309,0.001222,0.004276,-0.001222,0.536000,-29.543001,-35.775002,179.055,-1.662,0.381,,,,,,,,2026-09-13 03:15:07.947
199504.9,-0.059855,0.289698,9.780313,-0.065715,0.284385,9.802305,0.000611,0.000611,0.001222,1.191000,-30.121002,-36.101002,179.226,-1.662,0.384,,,,,,,,2026-09-13 03:15:08.051
199601.0,-0.052672,0.277727,9.813833,-0.065841,0.284624,9.802298,-0.000611,-0.003054,-0.001833,0.117000,-30.675001,-35.228001,179.225,-1.663,0.385,,,,,,,,2026-09-13 03:15:08.148
199705.0,-0.033519,0.280122,9.823410,-0.065466,0.284231,9.802312,0.001222,0.002443,-0.000611,-0.352000,-30.896002,-34.144001,179.224,-1.661,0.383,,,,,,,,2026-09-13 03:15:08.252
199801.1,-0.074220,0.294487,9.797073,-0.065414,0.284392,9.802307,0.000000,0.003665,-0.001222,0.373000,-31.936001,-36.304001,179.225,-1.662,0.382,,,,,,,,2026-09-13 03:15:08.348
199897.1,-0.040701,0.280122,9.830592,-0.065686,0.284480,9.802303,0.000000,-0.001222,0.001222,0.228000,-30.756001,-35.228001,179.223,-1.662,0.384,,,,,,,,2026-09-13 03:15:08.444
200001.1,-0.055067,0.294487,9.801862,-0.064779,0.284441,9.802311,0.000000,0.000000,0.000611,-0.095000,-31.812002,-38.244003,179.222,-1.662,0.379,,,,,,,,2026-09-13 03:15:08.548
200105.2,-0.045490,0.275333,9.811439,-0.064998,0.284710,9.802300,-0.000611,0.000611,-0.000611,1.899000,-31.866001,-34.263000,179.221,-1.664,0.380,,,,,,,,2026-09-13 03:15:08.652
200201.2,-0.064643,0.270545,9.821015,-0.064946,0.284834,9.802298,0.000611,-0.001833,0.000000,0.335000,-29.362001,-33.183002,179.221,-1.664,0.380,,,,,,,,2026-09-13 03:15:08.748
200297.2,-0.052672,0.270545,9.813833,-0.064586,0.284762,9.802302,0.000000,0.000000,-0.000611,-0.047000,-29.944002,-32.747002,179.218,-1.664,0.378,,,,,,,,2026-09-13 03:15:08.844
200401.3,-0.050278,0.294487,9.792285,-0.064537,0.284948,9.802297,0.000000,0.000000,-0.000611,-0.017000,-30.791002,-36.846001,179.216,-1.665,0.377,,,,,,,,2026-09-13 03:15:08.948
200505.3,-0.059855,0.275333,9.816227,-0.064658,0.284672,9.802304,0.001222,0.000611,0.000611,0.066000,-29.764002,-34.691002,179.214,-1.663,0.378,,,,,,,,2026-09-13 03:15:09.052
200601.4,-0.067038,0.296881,9.804255,-0.064288,0.284696,9.802306,0.000611,0.000611,0.000611,0.163000,-30.115002,-34.043003,179.211,-1.664,0.376,,,,,,,,2026-09-13 03:15:09.148
200705.4,-0.026336,0.282516,9.813833,-0.064784,0.284789,9.802300,0.000000,-0.001222,0.001222,0.334000,-30.755001,-36.632000,179.230,-1.664,0.379,,,,,,,,2026-09-13 03:15:09.252
200801.5,-0.052672,0.270545,9.809045,-0.064261,0.284633,9.802308,0.001833,0.000611,0.001222,1.379000,-30.658001,-37.179001,179.229,-1.663,0.376,,,,,,,,2026-09-13 03:15:09.348
200897.5,-0.059855,0.284910,9.804255,-0.064541,0.284605,9.802306,0.000000,0.001833,0.001222,-1.147000,-32.346001,-34.565002,179.227,-1.663,0.377,,,,,,,,2026-09-13 03:15:09.444
201001.6,-0.035913,0.301669,9.732430,-0.064064,0.284198,9.802321,-0.003054,-0.001222,0.001222,-0.448000,-32.107002,-36.298000,179.229,-1.661,0.374,,,,,,,,2026-09-13 03:15:09.548
201105.6,-0.050278,0.282516,9.828198,-0.064263,0.283895,9.802329,-0.001222,-0.000611,-0.000611,-0.563000,-30.296001,-36.844002,179.228,-1.659,0.376,,,,,,,,2026-09-13 03:15:09.652
201201.7,-0.071826,0.277727,9.792285,-0.064091,0.284040,9.802326,0.001222,0.002443,-0.000611,-0.307000,-30.079002,-35.443001,179.225,-1.660,0.375,,,,,,,,2026-09-13 03:15:09.748
201297.7,-0.057461,0.304064,9.782708,-0.064563,0.284544,9.802308,-0.001833,-0.003054,0.001222,-0.775000,-30.211002,-34.792000,179.225,-1.663,0.377,,,,,,,,2026-09-13 03:15:09.844
201401.8,-0.040701,0.268151,9.823410,-0.063938,0.283966,9.802329,0.000611,0.000611,0.000611,-0.857000,-31.408001,-35.110001,179.221,-1.659,0.374,,,,,,,,2026-09-13 03:15:09.948
201505.9,-0.064643,0.296881,9.794679,-0.064975,0.284339,9.802312,-0.001222,0.001222,0.001833,-0.548000,-31.844002,-36.514000,179.218,-1.661,0.380,,,,,,,,2026-09-13 03:15:10.052
201601.9,-0.047884,0.294487,9.806650,-0.064581,0.284718,9.802303,-0.001222,-0.001222,0.001222,-0.514000,-31.381002,-36.084003,179.215,-1.664,0.377,,,,,,,,2026-09-13 03:15:10.148
201706.0,-0.050278,0.270545,9.782708,-0.064274,0.284157,9.802321,0.001222,0.001833,0.001833,0.384000,-31.839001,-35.656002,179.213,-1.660,0.376,,,,,,,,2026-09-13 03:15:10.253
201802.0,-0.071826,0.284910,9.809045,-0.064019,0.284469,9.802315,-0.001222,0.002443,0.001222,-0.029000,-29.411001,-35.232002,179.229,-1.662,0.374,,,,,,,,2026-09-13 03:15:10.349
201898.1,-0.059855,0.301669,9.777920,-0.064381,0.284457,9.802312,0.000000,-0.001833,0.002443,0.009000,-30.764002,-33.283001,179.226,-1.662,0.376,,,,,,,,2026-09-13 03:15:10.445
202002.1,-0.045490,0.280122,9.840169,-0.064049,0.284072,9.802326,-0.001222,0.000611,-0.001222,-1.102000,-31.614002,-35.108002,179.223,-1.660,0.374,,,,,,,,2026-09-13 03:15:10.549
202098.1,-0.059855,0.272939,9.794679,-0.064230,0.283818,9.802332,0.000611,-0.001222,0.001833,-0.392000,-31.365002,-35.329002,179.221,-1.658,0.375,,,,,,,,2026-09-13 03:15:10.645
202202.2,-0.055067,0.294487,9.837775,-0.064166,0.283997,9.802327,0.001222,0.003665,0.001222,0.030000,-30.229002,-35.445004,179.219,-1.659,0.375,,,,,,,,2026-09-13 03:15:10.749
202298.2,-0.052672,0.289698,9.782708,-0.064449,0.283857,9.802329,0.001833,0.000611,0.001222,0.036000,-30.051001,-36.201000,179.218,-1.659,0.377,,,,,,,,2026-09-13 03:15:10.845
202402.2,-0.035913,0.277727,9.662998,-0.063595,0.283699,9.802340,0.000611,-0.001222,0.000000,0.393000,-31.917002,-33.713001,179.402,-1.658,0.372,,,,,,,,2026-09-13 03:15:10.949
202506.3,-0.052672,0.277727,9.756371,-0.063374,0.281772,9.802397,-0.004276,0.001222,-0.000611,1.028000,-29.473001,-32.540001,179.154,-1.646,0.370,,,,,,,,2026-09-13 03:15:11.053
202602.4,-0.081403,0.268151,9.813833,-0.062423,0.277852,9.802514,-0.001833,0.003665,-0.001222,-0.428000,-30.352001,-33.606003,179.309,-1.624,0.365,,,,,,,,2026-09-13 03:15:11.149
202698.4,-0.057461,0.280122,9.818622,-0.063470,0.277997,9.802504,-0.001833,-0.001222,0.000000,-0.046000,-31.335001,-35.872002,179.308,-1.624,0.371,,,,,,,,2026-09-13 03:15:11.245
202802.5,-0.026336,0.287304,9.813833,-0.063223,0.277511,9.802519,0.000000,0.000000,0.000611,-0.331000,-30.618002,-33.821003,179.304,-1.622,0.370,,,,,,,,2026-09-13 03:15:11.349
202898.6,-0.071826,0.263362,9.835381,-0.063198,0.277637,9.802516,0.000000,0.006109,0.000611,-0.816000,-30.938002,-33.709003,179.306,-1.622,0.369,,,,,,,,2026-09-13 03:15:11.445
203002.7,-0.043096,0.289698,9.804255,-0.063760,0.277570,9.802513,-0.001222,0.001222,0.000000,-1.394000,-30.561001,-37.161003,179.308,-1.622,0.373,,,,,,,,2026-09-13 03:15:11.549
203098.8,-0.031125,0.280122,9.806650,-0.063996,0.277093,9.802526,-0.000611,-0.004276,-0.000611,-0.381000,-31.268002,-34.682003,179.303,-1.619,0.374,,,,,,,,2026-09-13 03:15:11.645
203202.8,-0.059855,0.272939,9.828198,-0.063582,0.276741,9.802538,0.000611,0.002443,0.000000,-0.451000,-30.718002,-33.388000,179.300,-1.617,0.372,,,,,,,,2026-09-13 03:15:11.749
203298.9,-0.062249,0.284910,9.821015,-0.063299,0.277220,9.802526,0.000000,-0.001222,-0.002443,-0.861000,-29.763000,-34.793003,179.299,-1.620,0.370,,,,,,,,2026-09-13 03:15:11.845
203402.9,-0.033519,0.275333,9.837775,-0.063306,0.277241,9.802526,0.000000,0.001222,0.002443,1.207000,-29.933001,-35.562000,179.296,-1.620,0.370,,,,,,,,2026-09-13 03:15:11.949
203498.9,-0.047884,0.260968,9.737218,-0.063005,0.279081,9.802476,0.002443,-0.000611,0.000611,1.339000,-29.649002,-35.996002,179.309,-1.631,0.368,,,,,,,,2026-09-13 03:15:12.045
203602.9,-0.119710,0.220267,9.876082,-0.061277,0.282362,9.802393,0.009163,-0.001833,0.000000,-0.676000,-31.952002,-37.160004,179.207,-1.650,0.358,,,,,,,,2026-09-13 03:15:12.149
203698.9,-0.009577,0.304064,9.622296,-0.060548,0.283855,9.802354,-0.001833,-0.003665,0.000000,-0.401000,-29.810001,-34.904003,179.449,-1.659,0.354,,,,,,,,2026-09-13 03:15:12.245
203803.0,-0.040701,0.308852,9.710882,-0.059253,0.284801,9.802335,0.003665,0.001833,0.001833,-1.101000,-29.878002,-34.899002,179.583,-1.664,0.346,,,,,,,,2026-09-13 03:15:12.349
203899.0,-0.031125,0.287304,9.821015,-0.058610,0.286326,9.802294,0.000611,-0.001222,-0.001833,-0.404000,-31.634001,-34.464001,179.498,-1.673,0.343,,,,,,,,2026-09-13 03:15:12.446
204003.0,-0.057461,0.275333,9.823410,-0.059074,0.286843,9.802277,0.000000,0.001222,0.000000,0.818000,-32.084000,-37.602001,179.497,-1.676,0.345,,,,,,,,2026-09-13 03:15:12.550
204099.0,-0.064643,0.287304,9.806650,-0.059271,0.286898,9.802273,-0.001833,-0.000611,-0.001222,-0.290000,-29.805002,-35.660000,179.492,-1.676,0.346,,,,,,,,2026-09-13 03:15:12.646
204203.1,-0.011971,0.265756,9.787497,-0.059239,0.285463,9.802316,0.001222,-0.000611,0.000000,1.384000,-30.825001,-35.020000,179.574,-1.668,0.346,,,,,,,,2026-09-13 03:15:12.750
204299.1,-0.071826,0.289698,9.799467,-0.059389,0.286312,9.802290,0.003054,0.005498,0.001222,-0.030000,-29.326002,-36.096001,179.536,-1.673,0.347,,,,,,,,2026-09-13 03:15:12.846
204403.2,-0.047884,0.301669,9.780313,-0.060525,0.287466,9.802249,-0.000611,-0.001222,0.001222,0.290000,-31.399002,-36.737003,179.533,-1.680,0.354,,,,,,,,2026-09-13 03:15:12.950
204499.3,-0.040701,0.301669,9.794679,-0.060878,0.287522,9.802245,-0.002443,0.000000,0.000000,1.003000,-31.147001,-36.635002,179.529,-1.680,0.356,,,,,,,,2026-09-13 03:15:13.046
204603.3,-0.071826,0.339977,9.651027,-0.061049,0.288250,9.802223,0.011606,-0.000611,-0.000611,-1.369000,-31.928001,-37.156002,179.524,-1.684,0.357,,,,,,,,2026-09-13 03:15:13.150
204699.3,-0.067038,0.320823,9.725247,-0.060707,0.287527,9.802246,0.003054,0.000611,0.000000,-0.588000,-32.399002,-36.943001,179.676,-1.680,0.355,,,,,,,,2026-09-13 03:15:13.246
204803.4,-0.016759,0.287304,9.782708,-0.061199,0.287662,9.802238,-0.003665,-0.001222,0.002443,1.406000,-30.459002,-35.237003,179.634,-1.681,0.358,,,,,,,,2026-09-13 03:15:13.350
204899.4,-0.040701,0.265756,9.864111,-0.060400,0.287316,9.802255,-0.001833,0.004276,-0.000611,0.029000,-31.964001,-35.546001,179.631,-1.679,0.353,,,,,,,,2026-09-13 03:15:13.446
205003.4,-0.052672,0.289698,9.816227,-0.061322,0.285744,9.802295,-0.002443,0.000000,-0.000611,-1.362000,-30.272001,-35.327003,179.632,-1.670,0.358,,,,,,,,2026-09-13 03:15:13.550
205099.4,-0.052672,0.294487,9.856929,-0.061445,0.284429,9.802332,-0.005498,0.000000,-0.001222,-1.118000,-30.152002,-34.682003,179.631,-1.662,0.359,,,,,,,,2026-09-13 03:15:13.646
205203.4,-0.045490,0.196325,9.753978,-0.061603,0.282316,9.802393,-0.001833,-0.001833,-0.001222,-1.120000,-30.155001,-35.006001,179.583,-1.650,0.360,,,,,,,,2026-09-13 03:15:13.750
205299.4,-0.052672,0.311246,9.864111,-0.061400,0.284008,9.802344,-0.001222,0.001833,0.000000,0.832000,-30.335001,-35.666000,179.193,-1.660,0.359,,,,,,,,2026-09-13 03:15:13.846
205403.5,-0.031125,0.284910,9.825804,-0.062019,0.284241,9.802334,0.002443,0.003665,0.001833,-0.356000,-30.899002,-34.576000,179.190,-1.661,0.363,,,,,,,,2026-09-13 03:15:13.950
205499.5,-0.057461,0.292093,9.823410,-0.061859,0.285584,9.802296,-0.002443,-0.001222,0.000000,-0.546000,-30.193001,-35.333000,178.719,-1.669,0.362,,,,,,,,2026-09-13 03:15:14.046
205603.5,-0.064643,0.265756,9.847352,-0.061601,0.285723,9.802293,0.002443,0.000000,-0.001222,0.033000,-30.226002,-35.013000,178.844,-1.670,0.360,,,,,,,,2026-09-13 03:15:14.150
205699.5,-0.009577,0.304064,9.615114,-0.060856,0.285696,9.802299,0.005498,0.003054,0.000611,-0.230000,-30.622002,-35.873001,178.750,-1.669,0.356,,,,,,,,2026-09-13 03:15:14.246
205803.6,-0.016759,0.275333,9.660604,-0.061181,0.286281,9.802279,0.004887,-0.003054,0.000611,-0.165000,-29.785002,-34.474003,178.719,-1.673,0.358,,,,,,,,2026-09-13 03:15:14.350
205899.6,-0.035913,0.299275,9.816227,-0.061233,0.287327,9.802249,0.000000,0.000000,-0.000611,-0.563000,-30.381001,-35.980003,178.571,-1.679,0.358,,,,,,,,2026-09-13 03:15:14.446
205995.6,-0.021548,0.280122,9.718064,-0.061337,0.287154,9.802254,-0.003054,0.001222,0.000000,-0.284000,-31.362001,-36.518002,178.475,-1.678,0.359,,,,,,,,2026-09-13 03:15:14.542
206099.7,-0.057461,0.277727,9.799467,-0.061466,0.286706,9.802266,-0.001222,0.000611,0.001222,-1.059000,-29.321001,-34.146000,178.498,-1.675,0.359,,,,,,,,2026-09-13 03:15:14.646
206203.7,-0.026336,0.304064,9.818622,-0.061839,0.285454,9.802300,-0.004276,-0.002443,0.001833,-0.855000,-29.843002,-33.173000,178.497,-1.668,0.361,,,,,,,,2026-09-13 03:15:14.750
206299.8,-0.059855,0.368707,9.777920,-0.061563,0.282757,9.802380,0.006720,0.001833,0.001222,0.736000,-30.069002,-35.450001,178.936,-1.652,0.360,,,,,,,,2026-09-13 03:15:14.846
206403.8,-0.045490,0.296881,9.701305,-0.062798,0.284724,9.802315,-0.003054,-0.003665,0.000000,-0.116000,-30.870001,-33.714001,179.072,-1.664,0.367,,,,,,,,2026-09-13 03:15:14.950
206499.8,-0.047884,0.284910,9.801862,-0.061810,0.284745,9.802320,-0.001833,-0.000611,-0.000611,0.228000,-30.670002,-35.984001,179.393,-1.664,0.361,,,,,,,,2026-09-13 03:15:15.046
206603.9,-0.040701,0.299275,9.816227,-0.061519,0.285509,9.802300,-0.002443,0.003665,0.002443,0.461000,-30.820002,-34.474003,179.398,-1.668,0.360,,,,,,,,2026-09-13 03:15:15.150
206699.9,-0.098162,0.284910,9.971850,-0.061389,0.285619,9.802298,0.001833,0.002443,0.000611,-0.060000,-29.785002,-35.986000,179.394,-1.669,0.359,,,,,,,,2026-09-13 03:15:15.246
206803.9,-0.067038,0.277727,9.744401,-0.062270,0.286424,9.802269,0.002443,-0.003054,0.000611,-0.209000,-30.343002,-35.443001,179.415,-1.674,0.364,,,,,,,,2026-09-13 03:15:15.350
206899.9,-0.050278,0.292093,9.768343,-0.062232,0.286442,9.802269,-0.001833,0.001222,0.001222,-0.513000,-31.466002,-35.112003,179.223,-1.674,0.364,,,,,,,,2026-09-13 03:15:15.446
207003.9,-0.052672,0.270545,9.686940,-0.063144,0.285714,9.802284,0.000611,-0.001833,-0.000611,-0.596000,-30.929001,-35.546001,179.335,-1.670,0.369,,,,,,,,2026-09-13 03:15:15.550
207099.9,-0.052672,0.328006,9.792285,-0.062575,0.286463,9.802266,-0.000611,0.002443,0.000611,-0.842000,-29.573002,-33.930000,179.266,-1.674,0.366,,,,,,,,2026-09-13 03:15:15.646
207204.0,-0.057461,0.296881,9.761160,-0.063438,0.286716,9.802253,-0.001833,-0.003054,0.000611,0.339000,-30.922001,-34.364002,179.213,-1.675,0.371,,,,,,,,2026-09-13 03:15:15.750
207300.0,-0.021548,0.263362,9.789890,-0.062958,0.286305,9.802268,0.000000,-0.000611,-0.002443,-0.381000,-29.533001,-34.689003,179.210,-1.673,0.368,,,,,,,,2026-09-13 03:15:15.847
207396.0,-0.043096,0.280122,9.792285,-0.063227,0.286224,9.802269,0.001833,0.000000,-0.000611,0.495000,-30.528002,-32.424000,179.211,-1.673,0.370,,,,,,,,2026-09-13 03:15:15.943
207500.1,-0.045490,0.246603,9.775525,-0.063228,0.287071,9.802243,0.001222,-0.003054,0.000611,0.584000,-30.544001,-35.987003,179.143,-1.677,0.370,,,,,,,,2026-09-13 03:15:16.047
207596.1,-0.972046,0.826000,10.175357,-0.061789,0.286758,9.802262,0.002443,0.002443,-0.038485,-0.584000,-30.832001,-34.791000,178.909,-1.676,0.361,,,,,,,,2026-09-13 03:15:16.143
207700.2,-0.038307,0.284910,9.655815,-0.055964,0.283986,9.802378,0.003054,0.003665,0.009774,-0.320000,-30.435001,-33.930000,179.018,-1.659,0.327,,,,,,,,2026-09-13 03:15:16.247
207804.2,-0.703895,0.610521,9.904813,-0.060439,0.287778,9.802240,0.000000,0.018937,-0.068417,-0.516000,-29.648001,-36.199001,178.781,-1.682,0.353,,,,,,,,2026-09-13 03:15:16.351
207900.2,-0.119710,0.313640,9.670180,-0.058067,0.285267,9.802328,-0.004887,-0.002443,-0.015882,-0.553000,-32.021000,-35.542000,179.133,-1.667,0.339,,,,,,,,2026-09-13 03:15:16.447
208004.3,-0.069432,0.299275,9.777920,-0.058925,0.285491,9.802317,0.003054,0.002443,0.001222,-0.739000,-31.481001,-34.139000,179.414,-1.668,0.344,,,,,,,,2026-09-13 03:15:16.551
208100.3,-0.026336,0.282516,9.763555,-0.058983,0.285899,9.802304,-0.003665,-0.000611,0.001833,-0.419000,-30.172001,-34.039001,178.880,-1.671,0.345,,,,,,,,2026-09-13 03:15:16.647
208204.3,-0.043096,0.260968,9.722853,-0.059104,0.285373,9.802319,-0.000611,-0.001222,-0.001222,-1.933000,-30.231001,-34.568001,179.022,-1.668,0.345,,,,,,,,2026-09-13 03:15:16.751
208300.2,-0.043096,0.277727,9.792285,-0.060277,0.281841,9.802414,-0.007941,0.000611,-0.000611,0.347000,-30.742001,-34.905003,179.411,-1.647,0.352,,,,,,,,2026-09-13 03:15:16.847
208404.2,-0.100556,0.308852,9.892841,-0.061020,0.277220,9.802541,-0.002443,0.004276,-0.001222,-0.583000,-30.658001,-36.195004,179.543,-1.620,0.357,,,,,,,,2026-09-13 03:15:16.951
208500.2,-0.050278,0.256180,9.864111,-0.061261,0.276883,9.802549,-0.000611,0.002443,-0.000611,-1.511000,-30.744001,-35.540001,179.395,-1.618,0.358,,,,,,,,2026-09-13 03:15:17.047
208604.2,-0.067038,0.284910,9.806650,-0.061542,0.276973,9.802545,-0.001222,-0.001222,0.001833,-0.377000,-29.443001,-34.906002,179.163,-1.618,0.360,,,,,,,,2026-09-13 03:15:17.151
208700.2,-0.009577,0.277727,9.847352,-0.061569,0.276527,9.802557,0.000000,-0.000611,0.000611,0.640000,-29.802002,-35.127003,179.159,-1.616,0.360,,,,,,,,2026-09-13 03:15:17.247
208804.2,-0.076614,0.282516,9.823410,-0.061612,0.276905,9.802547,0.000000,0.003665,-0.001222,-0.221000,-30.441002,-36.198002,179.156,-1.618,0.360,,,,,,,,2026-09-13 03:15:17.351
208900.2,-0.038307,0.280122,9.816227,-0.062377,0.276959,9.802540,0.000000,0.000611,-0.001222,0.764000,-29.611002,-35.668003,179.155,-1.618,0.365,,,,,,,,2026-09-13 03:15:17.447
209004.2,-0.033519,0.251391,9.531317,-0.062268,0.277324,9.802530,0.008552,0.001222,0.000000,-0.487000,-31.183001,-34.142002,179.128,-1.620,0.364,,,,,,,,2026-09-13 03:15:17.551
209100.2,-0.040701,0.275333,9.768343,-0.063737,0.279758,9.802451,-0.009163,-0.006720,-0.000611,0.093000,-29.479002,-33.505001,178.935,-1.635,0.373,,,,,,,,2026-09-13 03:15:17.647
209204.2,-0.057461,0.301669,9.768343,-0.064574,0.282208,9.802376,0.001833,0.000611,0.000000,-0.143000,-30.983002,-36.520000,178.665,-1.649,0.377,,,,,,,,2026-09-13 03:15:17.751
209300.2,-0.031125,0.263362,9.785102,-0.064112,0.281998,9.802385,-0.009163,-0.007330,0.000611,-1.682000,-29.932001,-34.571003,178.768,-1.648,0.375,,,,,,,,2026-09-13 03:15:17.847
209404.2,-0.083797,0.284910,9.799467,-0.064131,0.281980,9.802385,0.000611,0.004276,0.000611,0.074000,-31.233002,-36.089001,178.583,-1.648,0.375,,,,,,,,2026-09-13 03:15:17.951
209500.2,-0.064643,0.292093,9.782708,-0.064214,0.282228,9.802378,-0.000611,0.001833,-0.001222,0.090000,-29.482002,-33.937000,178.759,-1.649,0.375,,,,,,,,2026-09-13 03:15:18.047
209596.1,-0.055067,0.294487,9.787497,-0.064559,0.282622,9.802364,-0.002443,-0.001222,0.003665,0.721000,-30.341002,-34.909000,178.759,-1.651,0.377,,,,,,,,2026-09-13 03:15:18.143
209700.1,-0.033519,0.258574,9.828198,-0.064257,0.282208,9.802379,0.001833,0.002443,0.000611,0.804000,-30.707001,-36.204002,178.758,-1.649,0.376,,,,,,,,2026-09-13 03:15:18.247
209804.1,-0.071826,0.294487,9.792285,-0.064630,0.282877,9.802357,-0.000611,-0.000611,0.000611,-0.388000,-31.447002,-34.034000,178.755,-1.653,0.378,,,,,,,,2026-09-13 03:15:18.351
209900.1,-0.035913,0.292093,9.806650,-0.064480,0.282615,9.802365,0.001222,-0.000611,0.001222,0.313000,-29.641001,-33.614002,178.757,-1.651,0.377,,,,,,,,2026-09-13 03:15:18.447
210004.1,-0.064643,0.292093,9.811439,-0.064150,0.283484,9.802341,0.000000,0.000000,0.000000,-0.018000,-30.964001,-35.442001,178.753,-1.656,0.375,,,,,,,,2026-09-13 03:15:18.551
210100.2,-0.035913,0.282516,9.794679,-0.064514,0.283303,9.802344,-0.001222,-0.000611,-0.000611,-0.604000,-31.108002,-34.897003,178.751,-1.655,0.377,,,,,,,,2026-09-13 03:15:18.647
210204.2,-0.067038,0.287304,9.818622,-0.064438,0.284115,9.802321,-0.000611,0.000000,-0.000611,-0.252000,-31.159002,-33.928001,178.749,-1.660,0.377,,,,,,,,2026-09-13 03:15:18.751
210300.2,-0.040701,0.272939,9.785102,-0.064703,0.283971,9.802324,0.001222,-0.001833,0.001222,-0.136000,-30.891001,-36.413002,178.750,-1.659,0.378,,,,,,,,2026-09-13 03:15:18.847
210396.3,-0.067038,0.277727,9.801862,-0.064700,0.283953,9.802324,-0.001833,-0.001833,0.000000,1.250000,-29.461002,-33.945004,178.750,-1.659,0.378,,,,,,,,2026-09-13 03:15:18.943
210500.3,-0.031125,0.294487,9.801862,-0.064999,0.284090,9.802319,0.001833,0.001833,0.000611,-0.913000,-30.758001,-32.737003,178.747,-1.660,0.380,,,,,,,,2026-09-13 03:15:19.047
210604.3,-0.081403,0.270545,9.821015,-0.065301,0.284485,9.802305,-0.000611,-0.000611,-0.000611,-0.794000,-32.137001,-35.755001,178.746,-1.662,0.382,,,,,,,,2026-09-13 03:15:19.151
210700.3,-0.035913,0.284910,9.787497,-0.066015,0.284750,9.802293,0.000000,-0.003054,0.000000,0.480000,-30.285002,-36.743000,178.746,-1.664,0.386,,,,,,,,2026-09-13 03:15:19.247
210804.3,-0.083797,0.289698,9.821015,-0.065524,0.284848,9.802294,0.001222,0.004887,0.001222,-0.431000,-31.918001,-35.651001,178.744,-1.664,0.383,,,,,,,,2026-09-13 03:15:19.351
210900.4,-0.055067,0.275333,9.799467,-0.066153,0.285125,9.802281,-0.002443,0.000000,0.001222,0.851000,-29.973001,-36.423000,178.761,-1.666,0.387,,,,,,,,2026-09-13 03:15:19.447
210996.4,-0.074220,0.287304,9.811439,-0.065824,0.285074,9.802285,-0.001833,-0.001222,0.001222,-0.418000,-29.999001,-35.551003,178.760,-1.666,0.385,,,,,,,,2026-09-13 03:15:19.543
211100.5,-0.031125,0.296881,9.821015,-0.066255,0.284365,9.802302,0.001222,0.001833,-0.000611,0.139000,-30.310001,-35.553001,178.757,-1.662,0.387,,,,,,,,2026-09-13 03:15:19.647
211204.6,-0.083797,0.280122,9.823410,-0.066097,0.284533,9.802299,0.000000,0.001222,-0.001222,0.377000,-31.933001,-35.872002,178.759,-1.663,0.386,,,,,,,,2026-09-13 03:15:19.751
211300.6,-0.033519,0.284910,9.794679,-0.066463,0.284194,9.802306,-0.001222,0.000000,0.000000,-0.325000,-30.183001,-37.062000,178.760,-1.661,0.388,,,,,,,,2026-09-13 03:15:19.847
211404.6,-0.062249,0.277727,9.809045,-0.066017,0.284736,9.802293,0.001222,0.001222,-0.001222,-1.172000,-30.893002,-35.434002,178.759,-1.664,0.386,,,,,,,,2026-09-13 03:15:19.951
211500.7,-0.043096,0.272939,9.797073,-0.066621,0.284926,9.802284,0.000611,0.000000,-0.002443,-0.844000,-29.661001,-33.390003,178.760,-1.665,0.389,,,,,,,,2026-09-13 03:15:20.047
211604.8,-0.064643,0.296881,9.801862,-0.066232,0.285588,9.802267,0.000611,0.001222,-0.002443,-1.311000,-31.269001,-35.108002,178.759,-1.669,0.387,,,,,,,,2026-09-13 03:15:20.151
211700.8,-0.045490,0.289698,9.780313,-0.067043,0.285688,9.802258,0.000000,-0.000611,0.000000,-0.817000,-28.946001,-36.200001,178.761,-1.669,0.392,,,,,,,,2026-09-13 03:15:20.247
211804.8,-0.069432,0.287304,9.804255,-0.066166,0.285779,9.802261,-0.000611,0.000611,-0.001833,-0.601000,-31.020002,-35.329002,178.761,-1.670,0.387,,,,,,,,2026-09-13 03:15:20.351
211900.8,-0.052672,0.296881,9.797073,-0.066610,0.285109,9.802279,0.001222,0.001222,0.002443,-0.226000,-30.618002,-35.334003,178.764,-1.666,0.389,,,,,,,,2026-09-13 03:15:20.447
212004.9,-0.052672,0.292093,9.821015,-0.065922,0.285565,9.802270,-0.001833,0.000000,-0.000611,-0.603000,-31.107002,-34.789001,178.762,-1.669,0.385,,,,,,,,2026-09-13 03:15:20.551
212100.9,-0.028730,0.263362,9.816227,-0.066195,0.285576,9.802267,-0.001833,-0.001222,0.000611,-0.532000,-31.571001,-36.839001,178.760,-1.669,0.387,,,,,,,,2026-09-13 03:15:20.647
212205.0,-0.069432,0.304064,9.811439,-0.064602,0.285738,9.802274,0.003054,0.002443,-0.000611,0.535000,-29.801001,-33.507000,178.760,-1.670,0.378,,,,,,,,2026-09-13 03:15:20.751
212301.0,-0.055067,0.313640,9.787497,-0.064732,0.285854,9.802270,0.000000,0.000000,-0.000611,0.300000,-29.826002,-33.721001,178.760,-1.670,0.378,,,,,,,,2026-09-13 03:15:20.848
212397.0,-0.052672,0.275333,9.809045,-0.063552,0.285695,9.802281,-0.001833,-0.001222,0.000000,-0.343000,-30.716002,-34.577003,178.757,-1.669,0.371,,,,,,,,2026-09-13 03:15:20.944
212501.1,-0.040701,0.287304,9.794679,-0.063398,0.285333,9.802293,0.002443,0.001222,0.001222,-1.559000,-30.086002,-32.088001,178.757,-1.667,0.371,,,,,,,,2026-09-13 03:15:21.048
212597.1,-0.064643,0.304064,9.816227,-0.062549,0.286472,9.802266,0.001222,0.001833,0.000611,1.424000,-30.270002,-34.482002,178.757,-1.674,0.366,,,,,,,,2026-09-13 03:15:21.144
212701.1,-0.033519,0.270545,9.823410,-0.062408,0.286994,9.802251,0.000000,-0.002443,0.000611,0.144000,-30.305002,-34.906002,178.754,-1.677,0.365,,,,,,,,2026-09-13 03:15:21.248
212805.1,-0.067038,0.284910,9.811439,-0.061664,0.287009,9.802256,0.001222,0.000611,-0.000611,0.311000,-31.207001,-35.659000,178.753,-1.677,0.360,,,,,,,,2026-09-13 03:15:21.352
212901.1,-0.050278,0.275333,9.797073,-0.061760,0.286626,9.802266,0.000611,0.000611,0.001222,-2.538000,-30.651001,-34.131001,178.753,-1.675,0.361,,,,,,,,2026-09-13 03:15:21.448
213005.2,-0.059855,0.287304,9.811439,-0.060936,0.286396,9.802278,-0.000611,-0.001833,0.001833,0.504000,-30.262001,-33.613003,178.751,-1.674,0.356,,,,,,,,2026-09-13 03:15:21.552
213101.2,-0.038307,0.296881,9.789890,-0.061051,0.286057,9.802287,0.000000,0.000611,-0.001833,-1.215000,-31.365002,-37.051003,178.752,-1.672,0.357,,,,,,,,2026-09-13 03:15:21.648
213205.2,-0.055067,0.268151,9.818622,-0.060153,0.286021,9.802294,0.001833,0.000611,-0.001222,-0.474000,-30.827002,-35.655003,178.750,-1.671,0.352,,,,,,,,2026-09-13 03:15:21.752
213301.2,-0.062249,0.275333,9.818622,-0.060500,0.286631,9.802274,0.000611,0.001222,-0.000611,-0.648000,-29.932001,-35.873001,178.749,-1.675,0.354,,,,,,,,2026-09-13 03:15:21.848
213397.3,-0.062249,0.301669,9.789890,-0.060846,0.287282,9.802253,-0.000611,0.001833,-0.001222,1.906000,-30.210001,-32.542000,178.747,-1.679,0.356,,,,,,,,2026-09-13 03:15:21.944
213501.3,-0.052672,0.270545,9.823410,-0.061578,0.286800,9.802261,-0.001222,-0.002443,0.000611,0.707000,-30.527002,-35.232002,178.746,-1.676,0.360,,,,,,,,2026-09-13 03:15:22.048
213605.3,-0.057461,0.287304,9.821015,-0.061156,0.286326,9.802279,0.003054,0.002443,0.000611,0.208000,-31.033001,-35.443001,178.743,-1.673,0.357,,,,,,,,2026-09-13 03:15:22.152
213701.3,-0.055067,0.284910,9.782708,-0.061925,0.286608,9.802266,-0.000611,0.001222,0.000611,-0.887000,-31.867001,-35.000000,178.761,-1.675,0.362,,,,,,,,2026-09-13 03:15:22.248
213805.4,-0.057461,0.253785,9.830592,-0.061539,0.286961,9.802258,0.001222,0.001222,0.000000,-0.426000,-31.999002,-34.139000,178.760,-1.677,0.360,,,,,,,,2026-09-13 03:15:22.352
213901.4,-0.059855,0.292093,9.799467,-0.062036,0.287068,9.802252,0.000611,0.001833,0.000611,-0.726000,-31.211002,-34.896000,178.760,-1.677,0.363,,,,,,,,2026-09-13 03:15:22.448
213997.4,-0.059855,0.296881,9.797073,-0.062228,0.287128,9.802248,-0.000611,0.003054,0.000000,-0.324000,-30.268002,-36.090000,178.757,-1.678,0.364,,,,,,,,2026-09-13 03:15:22.544
214101.4,-0.059855,0.272939,9.785102,-0.063041,0.287627,9.802229,-0.001222,-0.001833,-0.001222,-1.274000,-29.154001,-33.389000,178.754,-1.681,0.368,,,,,,,,2026-09-13 03:15:22.648
214205.4,-0.052672,0.289698,9.777920,-0.062661,0.287596,9.802232,0.001833,0.003054,0.000000,2.246000,-30.014002,-35.461002,178.753,-1.681,0.366,,,,,,,,2026-09-13 03:15:22.752
214301.4,-0.083797,0.287304,9.782708,-0.063109,0.287869,9.802220,0.001833,0.003054,0.000000,0.787000,-29.332001,-35.130001,178.755,-1.682,0.369,,,,,,,,2026-09-13 03:15:22.848
214405.4,-0.071826,0.143652,9.727641,-0.062943,0.287142,9.802243,0.000611,-0.001222,0.001222,-0.586000,-30.833002,-35.006001,178.843,-1.678,0.368,,,,,,,,2026-09-13 03:15:22.952
214501.3,-0.045490,0.301669,9.777920,-0.063554,0.286734,9.802252,0.000611,0.001222,-0.001222,-1.514000,-30.747002,-35.972000,178.980,-1.675,0.371,,,,,,,,2026-09-13 03:15:23.048
214597.3,-0.052672,0.287304,9.799467,-0.063313,0.286990,9.802245,-0.001222,0.001222,-0.000611,-0.707000,-30.935001,-34.789001,178.982,-1.677,0.370,,,,,,,,2026-09-13 03:15:23.144
214701.4,-0.055067,0.277727,9.804255,-0.063618,0.286323,9.802262,0.002443,-0.000611,0.000611,-0.415000,-31.731001,-35.220001,178.986,-1.673,0.372,,,,,,,,2026-09-13 03:15:23.248
214805.4,-0.045490,0.299275,9.813833,-0.063196,0.286499,9.802260,0.000000,-0.000611,0.001222,1.566000,-29.718002,-35.997002,178.981,-1.674,0.369,,,,,,,,2026-09-13 03:15:23.352
214901.4,-0.050278,0.270545,9.801862,-0.063078,0.286552,9.802259,0.000000,-0.000611,0.000611,0.080000,-31.141001,-36.089001,178.980,-1.674,0.369,,,,,,,,2026-09-13 03:15:23.448
215005.4,-0.047884,0.275333,9.794679,-0.063458,0.286584,9.802257,0.001222,0.001833,0.000611,-0.068000,-30.222002,-33.069000,178.979,-1.675,0.371,,,,,,,,2026-09-13 03:15:23.552
215101.4,-0.081403,0.301669,9.787497,-0.064475,0.286478,9.802253,0.000000,0.000611,0.000611,0.565000,-30.992001,-34.474003,178.978,-1.674,0.377,,,,,,,,2026-09-13 03:15:23.648
215205.4,-0.026336,0.260968,9.816227,-0.064778,0.286675,9.802245,-0.003665,-0.003054,0.000611,0.203000,-31.038002,-36.090000,178.974,-1.673,0.377,,,,,,,,2026-09-13 03:15:23.752
215301.4,-0.047884,0.282516,9.794679,-0.064629,0.286145,9.802261,0.000611,0.001222,0.000611,-0.232000,-30.624001,-36.089001,178.973,-1.672,0.378,,,,,,,,2026-09-13 03:15:23.848
215405.4,-0.069432,0.292093,9.809045,-0.064907,0.285974,9.802265,-0.000611,0.000611,0.000611,-1.081000,-29.515001,-35.440002,178.972,-1.671,0.379,,,,,,,,2026-09-13 03:15:23.952
215501.4,-0.064643,0.268151,9.787497,-0.065150,0.285295,9.802282,-0.001222,-0.001833,-0.001222,0.577000,-30.894001,-33.718002,178.916,-1.667,0.381,,,,,,,,2026-09-13 03:15:24.048
215597.4,-0.026336,0.265756,9.813833,-0.065028,0.285194,9.802287,-0.001222,-0.000611,0.000000,0.876000,-29.691002,-35.561001,178.915,-1.666,0.380,,,,,,,,2026-09-13 03:15:24.144
215701.4,-0.081403,0.289698,9.792285,-0.065232,0.285315,9.802281,0.001833,0.001833,-0.000611,1.430000,-30.092001,-35.347000,178.913,-1.667,0.381,,,,,,,,2026-09-13 03:15:24.248
215805.5,-0.047884,0.268151,9.806650,-0.065910,0.285497,9.802272,-0.001222,-0.003054,0.000000,-0.905000,-30.408001,-35.006001,178.911,-1.668,0.385,,,,,,,,2026-09-13 03:15:24.352
215901.5,-0.062249,0.280122,9.852140,-0.065893,0.285321,9.802277,-0.000611,0.001222,-0.000611,0.809000,-30.787001,-34.692001,178.910,-1.667,0.385,,,,,,,,2026-09-13 03:15:24.448
216005.5,-0.045490,0.289698,9.818622,-0.065752,0.285519,9.802273,-0.002443,-0.001833,-0.000611,1.891000,-31.960001,-34.586002,179.271,-1.668,0.384,,,,,,,,2026-09-13 03:15:24.552
216101.5,-0.081403,0.265756,9.883265,-0.065654,0.284728,9.802296,-0.004887,-0.001222,-0.000611,0.435000,-31.188002,-34.580002,179.543,-1.664,0.384,,,,,,,,2026-09-13 03:15:24.648
216205.5,-0.033519,0.284910,9.694122,-0.064115,0.277434,9.802515,-0.001833,-0.002443,-0.000611,0.061000,-29.855001,-34.583000,179.519,-1.621,0.375,,,,,,,,2026-09-13 03:15:24.752
216301.6,-0.062249,0.280122,9.785102,-0.064981,0.277589,9.802505,-0.002443,0.000000,0.000611,0.433000,-31.277002,-34.148003,179.769,-1.622,0.380,,,,,,,,2026-09-13 03:15:24.848
216405.6,-0.038307,0.256180,9.773131,-0.064433,0.277439,9.802513,-0.001833,-0.001222,0.001222,-0.784000,-30.306002,-35.223003,179.543,-1.621,0.377,,,,,,,,2026-09-13 03:15:24.952
216501.6,-0.076614,0.294487,9.797073,-0.064683,0.277447,9.802511,-0.001833,0.002443,0.000000,-0.217000,-32.258003,-35.003002,179.541,-1.621,0.378,,,,,,,,2026-09-13 03:15:25.048
216597.6,-0.045490,0.296881,9.816227,-0.064881,0.277280,9.802515,0.000000,-0.002443,0.001222,0.682000,-30.894001,-35.231003,179.540,-1.620,0.379,,,,,,,,2026-09-13 03:15:25.144
216701.7,-0.059855,0.272939,9.844957,-0.064290,0.276883,9.802530,0.000611,0.001833,-0.000611,0.382000,-30.106001,-35.880001,179.537,-1.618,0.376,,,,,,,,2026-09-13 03:15:25.248
216797.7,-0.031125,0.277727,9.792285,-0.064699,0.277087,9.802521,0.000611,0.003054,0.000000,0.778000,-29.512001,-34.697002,179.538,-1.619,0.378,,,,,,,,2026-09-13 03:15:25.344
216901.7,-0.057461,0.292093,9.825804,-0.064147,0.277160,9.802523,-0.002443,-0.003665,-0.000611,0.792000,-29.327002,-34.482002,179.537,-1.620,0.375,,,,,,,,2026-09-13 03:15:25.448
216997.7,-0.028730,0.268151,9.969456,-0.063381,0.277355,9.802523,-0.001833,0.000000,0.002443,0.730000,-30.246002,-34.586002,179.474,-1.621,0.370,,,,,,,,2026-09-13 03:15:25.544
217101.7,-0.050278,0.275333,9.861717,-0.062888,0.277399,9.802525,0.001222,0.003054,-0.001222,-0.877000,-30.122002,-33.712002,179.445,-1.621,0.368,,,,,,,,2026-09-13 03:15:25.648
217197.8,-0.040701,0.294487,9.859323,-0.063122,0.277621,9.802516,-0.001222,-0.000611,-0.000611,-0.585000,-30.575001,-37.275002,179.543,-1.622,0.369,,,,,,,,2026-09-13 03:15:25.744
217301.8,-0.050278,0.311246,9.998186,-0.061692,0.278361,9.802505,0.000000,0.003054,0.001222,0.334000,-30.841002,-35.768002,179.515,-1.627,0.361,,,,,,,,2026-09-13 03:15:25.848
217397.8,-0.002394,0.191536,9.981427,-0.062174,0.278126,9.802508,-0.000611,0.005498,-0.001222,1.731000,-30.707001,-36.102001,179.511,-1.625,0.363,,,,,,,,2026-09-13 03:15:25.944
217501.8,-0.098162,0.294487,9.900024,-0.061886,0.278779,9.802492,-0.001833,-0.001222,-0.000611,0.344000,-30.659002,-36.093002,179.429,-1.629,0.362,,,,,,,,2026-09-13 03:15:26.048
217605.8,-0.069432,0.272939,9.809045,-0.061892,0.277371,9.802531,-0.003054,0.002443,0.000000,0.316000,-31.202002,-35.011002,179.883,-1.621,0.362,,,,,,,,2026-09-13 03:15:26.152
217701.8,-0.071826,0.282516,9.861717,-0.063667,0.277989,9.802503,-0.000611,0.001222,0.000611,-0.506000,-31.373001,-35.005001,179.817,-1.624,0.372,,,,,,,,2026-09-13 03:15:26.248
217805.8,-0.043096,0.263362,9.801862,-0.064330,0.277770,9.802505,-0.001222,-0.001222,-0.000611,-0.386000,-29.538002,-35.337002,179.723,-1.623,0.376,,,,,,,,2026-09-13 03:15:26.352
217901.8,-0.071826,0.296881,9.959879,-0.063114,0.281547,9.802404,0.002443,0.000611,-0.000611,-1.468000,-31.835001,-35.536003,179.605,-1.645,0.369,,,,,,,,2026-09-13 03:15:26.448
218005.9,-0.033519,0.284910,9.816227,-0.063516,0.281016,9.802418,0.001833,0.000000,0.001833,0.006000,-30.681002,-34.471001,179.370,-1.642,0.371,,,,,,,,2026-09-13 03:15:26.552
218101.9,-0.057461,0.272939,9.864111,-0.062812,0.283674,9.802345,0.000611,0.002443,0.000000,0.009000,-30.507002,-35.767002,179.368,-1.658,0.367,,,,,,,,2026-09-13 03:15:26.648
218197.9,-0.043096,0.275333,9.818622,-0.062621,0.283962,9.802338,0.002443,0.001833,0.000000,-1.493000,-30.641001,-34.030003,179.368,-1.659,0.366,,,,,,,,2026-09-13 03:15:26.744
218301.9,-0.062249,0.294487,9.809045,-0.062315,0.284692,9.802319,-0.000611,-0.001222,-0.000611,-0.991000,-30.045002,-34.143002,179.367,-1.664,0.364,,,,,,,,2026-09-13 03:15:26.848
218398.0,-0.009577,0.253785,9.904813,-0.062215,0.283648,9.802350,-0.006720,0.001833,-0.000611,0.949000,-30.324001,-35.667000,179.374,-1.657,0.364,,,,,,,,2026-09-13 03:15:26.945
218502.0,-0.069432,0.280122,9.694122,-0.060214,0.282804,9.802386,-0.008552,-0.001222,-0.000611,1.384000,-30.825001,-35.020000,179.512,-1.653,0.352,,,,,,,,2026-09-13 03:15:27.048
218598.0,-0.028730,0.342371,10.022128,-0.059920,0.284211,9.802347,-0.003054,-0.001222,-0.001833,-0.582000,-30.744001,-35.331001,179.029,-1.661,0.350,,,,,,,,2026-09-13 03:15:27.145
218702.0,-0.055067,0.265756,9.782708,-0.059345,0.283530,9.802371,-0.004276,-0.000611,0.000611,-0.210000,-30.516001,-33.931000,179.784,-1.657,0.347,,,,,,,,2026-09-13 03:15:27.249
218798.1,-0.038307,0.239420,9.911995,-0.059719,0.283256,9.802377,0.002443,0.004887,0.000611,-1.087000,-29.693001,-34.684002,179.652,-1.655,0.349,,,,,,,,2026-09-13 03:15:27.345
218902.1,-0.081403,0.268151,9.684546,-0.058458,0.282974,9.802393,-0.000611,-0.003054,-0.001222,-0.088000,-30.242001,-35.768002,179.576,-1.654,0.342,,,,,,,,2026-09-13 03:15:27.449
219006.2,-0.047884,0.282516,9.804255,-0.057785,0.282852,9.802400,0.001833,0.001833,0.000000,-0.511000,-31.378002,-35.652000,179.791,-1.653,0.338,,,,,,,,2026-09-13 03:15:27.553
219102.3,-0.047884,0.282516,9.823410,-0.058353,0.283220,9.802386,0.000000,0.000611,0.000611,-0.769000,-29.948002,-36.412003,178.886,-1.655,0.341,,,,,,,,2026-09-13 03:15:27.649
219198.3,-0.050278,0.301669,9.777920,-0.058822,0.283080,9.802387,0.000611,0.002443,0.000611,-0.527000,-30.002001,-34.470001,178.888,-1.654,0.344,,,,,,,,2026-09-13 03:15:27.745
219302.3,-0.050278,0.253785,9.801862,-0.058941,0.283396,9.802378,-0.001222,0.000611,0.001222,-0.557000,-30.289001,-35.981003,178.887,-1.656,0.345,,,,,,,,2026-09-13 03:15:27.849
219398.3,-0.043096,0.284910,9.813833,-0.059403,0.282909,9.802388,-0.003665,0.000611,0.000000,0.987000,-29.857002,-34.697002,178.886,-1.653,0.347,,,,,,,,2026-09-13 03:15:27.945
219502.3,-0.055067,0.301669,9.813833,-0.059399,0.282705,9.802394,0.000000,0.001222,-0.001222,0.566000,-30.906002,-35.230003,178.934,-1.652,0.347,,,,,,,,2026-09-13 03:15:28.049
219598.3,0.004788,0.296881,9.797073,-0.060247,0.282671,9.802390,0.001833,0.003054,0.000000,-0.347000,-30.720001,-35.116001,179.088,-1.652,0.352,,,,,,,,2026-09-13 03:15:28.145
219702.3,-0.141258,0.086191,10.175357,-0.058548,0.283443,9.802379,-0.004887,0.007330,-0.001833,0.754000,-29.965002,-33.831001,179.043,-1.656,0.342,,,,,,,,2026-09-13 03:15:28.249
219798.3,-0.021548,0.318429,10.022128,-0.060107,0.282270,9.802402,0.004887,0.000611,-0.000611,0.756000,-29.792002,-35.236000,179.442,-1.649,0.351,,,,,,,,2026-09-13 03:15:28.345
219902.3,-0.217872,0.220267,9.923966,-0.058625,0.283368,9.802380,0.009163,-0.003054,0.002443,-1.521000,-31.097002,-33.596001,179.311,-1.656,0.343,,,,,,,,2026-09-13 03:15:28.449
219998.3,-0.076614,0.301669,9.897630,-0.060485,0.282238,9.802402,0.001222,0.004276,0.000000,-0.936000,-30.782001,-35.868000,179.118,-1.649,0.354,,,,,,,,2026-09-13 03:15:28.545
220102.2,0.002394,0.316035,9.904813,-0.059852,0.282290,9.802403,-0.001833,-0.000611,-0.001222,0.433000,-29.627001,-33.291000,179.255,-1.650,0.350,,,,,,,,2026-09-13 03:15:28.649
220206.2,-0.052672,0.282516,9.844957,-0.060356,0.282017,9.802409,0.001222,0.000611,0.001222,-0.588000,-30.921001,-34.466003,179.413,-1.648,0.353,,,,,,,,2026-09-13 03:15:28.753
220302.3,-0.086191,0.222661,10.007763,-0.060464,0.282765,9.802386,-0.001833,-0.003054,-0.000611,1.160000,-30.495001,-36.963001,179.843,-1.652,0.353,,,,,,,,2026-09-13 03:15:28.849
220398.2,-0.026336,0.275333,9.837775,-0.060398,0.282500,9.802394,-0.000611,-0.003665,-0.000611,-0.108000,-30.520002,-35.983002,179.676,-1.651,0.353,,,,,,,,2026-09-13 03:15:28.945
220502.2,-0.059855,0.270545,9.821015,-0.060267,0.283434,9.802368,0.000000,0.003054,0.001222,0.697000,-28.973001,-34.807003,179.545,-1.656,0.352,,,,,,,,2026-09-13 03:15:29.049
220598.2,-0.067038,0.289698,9.864111,-0.061009,0.283374,9.802365,0.000000,-0.000611,0.000000,-0.303000,-30.161001,-34.147003,179.329,-1.656,0.357,,,,,,,,2026-09-13 03:15:29.145
220702.2,-0.016759,0.256180,9.672575,-0.061338,0.283416,9.802362,0.000000,-0.001222,0.000611,1.074000,-30.132002,-36.100002,179.011,-1.656,0.359,,,,,,,,2026-09-13 03:15:29.249
220798.2,-0.052672,0.241814,9.811439,-0.061610,0.282843,9.802377,0.000611,-0.000611,0.000611,0.153000,-30.211002,-34.582001,179.176,-1.653,0.360,,,,,,,,2026-09-13 03:15:29.345
220902.2,-0.122104,0.373495,9.593566,-0.062451,0.284089,9.802336,-0.003054,-0.003054,-0.001222,1.391000,-30.732002,-34.912003,179.244,-1.660,0.365,,,,,,,,2026-09-13 03:15:29.449
220998.2,-0.045490,0.275333,9.725247,-0.063865,0.284256,9.802321,-0.000611,0.001833,-0.000611,-0.450000,-30.546001,-34.901001,178.687,-1.661,0.373,,,,,,,,2026-09-13 03:15:29.545
221102.2,-0.050278,0.268151,9.804255,-0.063780,0.284682,9.802309,-0.001833,-0.001833,0.001222,-0.335000,-30.536001,-35.117001,178.701,-1.664,0.373,,,,,,,,2026-09-13 03:15:29.649
221198.2,-0.031125,0.301669,9.873688,-0.064104,0.284223,9.802320,-0.001833,0.000611,0.000000,-0.206000,-30.341002,-35.119003,178.701,-1.661,0.375,,,,,,,,2026-09-13 03:15:29.745
221302.2,-0.064643,0.292093,9.816227,-0.063583,0.283470,9.802346,0.000000,0.003665,-0.000611,-1.623000,-32.314003,-36.613003,179.259,-1.656,0.372,,,,,,,,2026-09-13 03:15:29.849
221398.3,-0.098162,0.323217,9.988609,-0.063668,0.283908,9.802333,-0.001222,-0.000611,0.002443,0.560000,-29.434002,-33.508003,179.163,-1.659,0.372,,,,,,,,2026-09-13 03:15:29.945
221502.3,-0.011971,0.277727,9.718064,-0.062212,0.282863,9.802373,0.002443,-0.001833,0.000000,0.050000,-30.037001,-34.366001,179.408,-1.653,0.364,,,,,,,,2026-09-13 03:15:30.049
221606.3,-0.052672,0.248997,9.770737,-0.062598,0.283613,9.802348,0.004276,-0.001222,0.002443,-0.090000,-30.330002,-35.120003,179.605,-1.657,0.366,,,,,,,,2026-09-13 03:15:30.153
221702.3,-0.057461,0.308852,9.727641,-0.062790,0.285462,9.802293,-0.006720,-0.001833,0.001222,-0.460000,-30.642002,-35.440002,179.119,-1.668,0.367,,,,,,,,2026-09-13 03:15:30.249
221798.3,-0.023942,0.284910,9.811439,-0.063259,0.284675,9.802314,-0.001222,-0.001833,-0.001833,0.397000,-30.350002,-31.560001,179.174,-1.663,0.370,,,,,,,,2026-09-13 03:15:30.345
221902.3,-0.043096,0.275333,9.816227,-0.062398,0.284817,9.802314,0.001222,0.003665,0.001222,-0.548000,-30.109001,-36.413002,179.139,-1.664,0.365,,,,,,,,2026-09-13 03:15:30.449
222006.3,-0.062249,0.294487,9.785102,-0.063040,0.285806,9.802281,-0.001222,-0.002443,0.000611,-1.190000,-31.082001,-36.081001,178.858,-1.670,0.368,,,,,,,,2026-09-13 03:15:30.553
222102.3,-0.028730,0.294487,9.823410,-0.062564,0.285105,9.802305,-0.003054,0.000611,0.002443,-0.956000,-31.058001,-35.975002,178.857,-1.666,0.366,,,,,,,,2026-09-13 03:15:30.649
222206.3,0.014365,0.371101,9.672575,-0.062139,0.288146,9.802218,0.008552,-0.003054,0.000611,-1.502000,-30.649002,-35.109001,178.819,-1.684,0.363,,,,,,,,2026-09-13 03:15:30.753
222302.4,-0.057461,0.277727,9.785102,-0.061610,0.285199,9.802308,0.007330,0.006109,-0.000611,-0.363000,-30.993002,-34.791000,179.000,-1.667,0.360,,,,,,,,2026-09-13 03:15:30.849
222398.4,-0.057461,0.272939,9.794679,-0.062855,0.285811,9.802283,-0.004276,-0.004276,0.003054,-0.011000,-30.785002,-36.090000,179.438,-1.670,0.367,,,,,,,,2026-09-13 03:15:30.945
222502.5,-0.033519,0.316035,9.988609,-0.061205,0.286392,9.802277,0.002443,0.007941,0.000611,0.001000,-30.429001,-37.603001,179.864,-1.673,0.358,,,,,,,,2026-09-13 03:15:31.049
222598.5,-0.090980,0.275333,9.849746,-0.061654,0.286042,9.802284,0.004276,-0.003054,0.001222,0.673000,-29.426001,-33.941002,179.965,-1.671,0.360,,,,,,,,2026-09-13 03:15:31.145
222702.6,-0.038307,0.328006,9.813833,-0.059923,0.285425,9.802313,0.000611,0.000000,0.000611,0.773000,-31.252001,-35.446003,179.093,-1.668,0.350,,,,,,,,2026-09-13 03:15:31.249
222798.7,-0.043096,0.294487,9.801862,-0.059808,0.284725,9.802334,0.000611,0.000000,0.000611,0.752000,-29.881001,-34.911003,179.173,-1.664,0.350,,,,,,,,2026-09-13 03:15:31.345
222902.7,-0.033519,0.284910,9.732430,-0.059567,0.284371,9.802345,0.001833,-0.000611,0.000611,0.060000,-29.941002,-33.827003,179.146,-1.662,0.348,,,,,,,,2026-09-13 03:15:31.449
222998.7,-0.059855,0.280122,9.665392,-0.059747,0.283858,9.802360,0.001222,0.002443,0.001222,0.293000,-29.919001,-33.936001,179.374,-1.659,0.349,,,,,,,,2026-09-13 03:15:31.545
223102.7,0.098162,0.335188,9.466674,-0.059802,0.284373,9.802343,0.004276,0.000000,0.001222,0.028000,-30.317001,-34.905003,179.938,-1.662,0.350,,,,,,,,2026-09-13 03:15:31.649
223198.8,-0.045490,0.237026,9.718064,-0.058421,0.282416,9.802409,0.004276,-0.000611,-0.000611,-0.116000,-30.699001,-35.334003,179.715,-1.650,0.341,,,,,,,,2026-09-13 03:15:31.745
223302.8,-0.074220,0.296881,9.703699,-0.058340,0.282573,9.802404,0.004887,0.000611,-0.001833,0.931000,-30.427002,-37.177002,179.886,-1.651,0.341,,,,,,,,2026-09-13 03:15:31.849
223398.9,-0.088585,0.296881,9.787497,-0.058515,0.283202,9.802385,0.000000,0.000611,0.001833,-0.767000,-31.681002,-36.297001,179.795,-1.655,0.342,,,,,,,,2026-09-13 03:15:31.945
223502.8,-0.016759,0.251391,9.804255,-0.058498,0.282928,9.802394,0.000611,-0.001833,0.000611,0.358000,-30.559002,-35.014000,179.707,-1.653,0.342,,,,,,,,2026-09-13 03:15:32.049
223598.8,-0.064643,0.306458,9.840169,-0.058074,0.282849,9.802399,0.001833,0.003665,0.000000,-0.103000,-30.514002,-35.227001,-179.986,-1.653,0.339,,,,,,,,2026-09-13 03:15:32.145
223702.8,-0.095768,0.335188,9.706094,-0.058177,0.282030,9.802422,0.000000,0.001833,0.000611,-0.230000,-30.622002,-35.873001,178.798,-1.648,0.340,,,,,,,,2026-09-13 03:15:32.249
223806.8,0.007183,0.246603,9.725247,-0.057648,0.283208,9.802390,0.006720,0.001222,0.002443,-0.337000,-30.452002,-36.197002,178.990,-1.655,0.337,,,,,,,,2026-09-13 03:15:32.353
223902.8,0.040701,0.284910,9.670180,-0.057684,0.283914,9.802370,0.001222,0.001833,0.000000,0.047000,-29.954000,-35.554001,178.885,-1.659,0.337,,,,,,,,2026-09-13 03:15:32.449
223998.8,-0.160412,0.232238,10.058042,-0.057672,0.284363,9.802357,-0.005498,0.004887,-0.001222,0.410000,-29.735001,-35.449001,179.316,-1.662,0.337,,,,,,,,2026-09-13 03:15:32.545
224102.8,-0.055067,0.289698,9.928755,-0.058283,0.284331,9.802355,-0.002443,-0.001833,-0.000611,0.700000,-30.620001,-35.340000,179.490,-1.661,0.341,,,,,,,,2026-09-13 03:15:32.649
224198.9,-0.059855,0.287304,9.806650,-0.058747,0.283016,9.802389,0.000611,0.000611,0.000000,1.888000,-30.313002,-34.053001,179.542,-1.654,0.343,,,,,,,,2026-09-13 03:15:32.745
224302.9,-0.014365,0.280122,9.842564,-0.058713,0.283091,9.802387,0.001833,0.000000,0.000000,-0.649000,-30.019001,-35.225002,179.158,-1.654,0.343,,,,,,,,2026-09-13 03:15:32.849
224398.9,-0.076614,0.277727,9.897630,-0.058804,0.281164,9.802443,-0.006720,0.002443,-0.001222,-0.203000,-30.251001,-35.443001,179.049,-1.643,0.344,,,,,,,,2026-09-13 03:15:32.945
224503.0,-0.074220,0.299275,9.818622,-0.060573,0.277450,9.802538,-0.005498,-0.002443,0.001833,0.259000,-30.296001,-35.122002,179.107,-1.621,0.354,,,,,,,,2026-09-13 03:15:33.049
224599.0,-0.047884,0.244209,9.684546,-0.061229,0.276207,9.802568,0.003054,-0.009163,0.000611,0.473000,-30.550001,-35.339001,179.233,-1.614,0.358,,,,,,,,2026-09-13 03:15:33.146
224703.0,-0.067038,0.272939,9.725247,-0.061534,0.275938,9.802574,0.004276,0.002443,0.000000,-0.042000,-29.767002,-33.611000,179.115,-1.612,0.360,,,,,,,,2026-09-13 03:15:33.250
224799.0,-0.098162,0.275333,9.691729,-0.062112,0.275729,9.802576,0.000000,0.001833,-0.000611,-0.066000,-30.049002,-34.473003,179.548,-1.611,0.363,,,,,,,,2026-09-13 03:15:33.346
224903.1,-0.040701,0.268151,9.888053,-0.061702,0.275706,9.802580,0.001222,0.000000,-0.001222,-0.263000,-31.341002,-33.711002,179.653,-1.611,0.361,,,,,,,,2026-09-13 03:15:33.450
224999.1,-0.050278,0.263362,9.868899,-0.061452,0.275461,9.802588,-0.002443,0.001222,0.000611,-0.417000,-30.084002,-34.579002,179.659,-1.610,0.359,,,,,,,,2026-09-13 03:15:33.546
225103.2,-0.064643,0.306458,9.720459,-0.062209,0.275110,9.802593,0.001222,0.000611,-0.000611,-0.221000,-30.612001,-34.578003,179.642,-1.608,0.364,,,,,,,,2026-09-13 03:15:33.650
225199.3,-0.035913,0.268151,9.782708,-0.061945,0.277162,9.802538,0.001222,-0.003054,0.000000,-1.420000,-31.101002,-35.648003,179.636,-1.620,0.362,,,,,,,,2026-09-13 03:15:33.746
225303.3,-0.043096,0.282516,9.813833,-0.061853,0.278740,9.802492,0.003054,0.001222,0.000611,-0.091000,-30.160002,-36.956001,179.635,-1.629,0.362,,,,,,,,2026-09-13 03:15:33.850
225399.4,-0.064643,0.272939,9.830592,-0.061849,0.279899,9.802460,-0.001833,0.000611,0.000000,0.059000,-31.506002,-35.656002,179.634,-1.636,0.362,,,,,,,,2026-09-13 03:15:33.946
225495.4,-0.038307,0.244209,9.794679,-0.061944,0.279519,9.802469,-0.000611,-0.003054,0.001222,1.471000,-29.451002,-35.566002,179.636,-1.633,0.362,,,,,,,,2026-09-13 03:15:34.042
225599.5,-0.067038,0.229843,9.653421,-0.061319,0.278224,9.802511,0.006720,-0.004276,0.001222,-0.611000,-31.115002,-35.869003,-179.850,-1.626,0.358,,,,,,,,2026-09-13 03:15:34.146
225703.5,-0.047884,0.256180,9.753978,-0.057234,0.279252,9.802505,0.006720,-0.002443,0.001222,0.420000,-31.289001,-35.767002,179.882,-1.632,0.335,,,,,,,,2026-09-13 03:15:34.250
225799.6,-0.007183,0.296881,9.624691,-0.054472,0.280561,9.802485,-0.000611,-0.003665,0.000000,0.482000,-30.541002,-34.151001,179.706,-1.639,0.318,,,,,,,,2026-09-13 03:15:34.346
225895.7,-0.035913,0.328006,9.701305,-0.054801,0.279062,9.802526,0.000611,0.000000,0.000611,-0.820000,-30.942001,-34.249001,179.202,-1.631,0.320,,,,,,,,2026-09-13 03:15:34.442
225999.7,-0.057461,0.260968,9.832987,-0.055672,0.280388,9.802484,-0.000611,-0.001222,0.000611,-0.462000,-30.558001,-36.520000,178.714,-1.638,0.325,,,,,,,,2026-09-13 03:15:34.546
226103.8,-0.052672,0.263362,9.792285,-0.056746,0.279993,9.802488,0.001833,0.003665,0.000611,-0.540000,-30.273001,-33.821003,178.864,-1.636,0.332,,,,,,,,2026-09-13 03:15:34.650
226199.8,-0.064643,0.270545,9.864111,-0.056198,0.281893,9.802437,-0.000611,0.000611,0.001833,-1.217000,-31.796001,-33.271000,178.969,-1.647,0.328,,,,,,,,2026-09-13 03:15:34.746
226303.8,-0.047884,0.282516,9.739613,-0.056628,0.279214,9.802510,-0.002443,0.001222,0.000000,0.603000,-30.268002,-35.988003,179.064,-1.632,0.331,,,,,,,,2026-09-13 03:15:34.850
226399.9,-0.117316,0.086191,10.623073,-0.056202,0.284271,9.802368,-0.010996,0.011606,0.000000,0.964000,-30.138000,-35.344002,179.328,-1.661,0.329,,,,,,,,2026-09-13 03:15:34.946
226503.9,-0.105345,0.248997,10.017340,-0.058065,0.281032,9.802450,-0.006720,-0.016493,0.000000,-1.061000,-30.801001,-36.947002,179.447,-1.642,0.339,,,,,,,,2026-09-13 03:15:35.050
226599.9,-0.023942,0.304064,9.868899,-0.058321,0.281464,9.802437,-0.007330,-0.011606,0.000000,-0.867000,-31.589001,-34.785000,179.352,-1.645,0.341,,,,,,,,2026-09-13 03:15:35.146
226703.9,-0.019154,0.225055,9.861717,-0.058349,0.280935,9.802451,-0.001222,0.003054,0.000611,0.147000,-30.475002,-32.962002,179.268,-1.642,0.341,,,,,,,,2026-09-13 03:15:35.250
226799.9,-0.100556,0.277727,9.916783,-0.057134,0.281042,9.802456,0.001222,0.002443,0.001222,-0.242000,-30.720001,-36.629002,178.960,-1.642,0.334,,,,,,,,2026-09-13 03:15:35.346
226903.9,-0.050278,0.289698,9.859323,-0.057558,0.281618,9.802436,0.000000,0.000000,0.000000,0.081000,-29.577002,-34.260002,179.138,-1.646,0.336,,,,,,,,2026-09-13 03:15:35.450
226999.9,-0.026336,0.227449,9.785102,-0.057526,0.281186,9.802449,0.001833,0.004887,0.000611,-0.433000,-30.357002,-34.254002,179.054,-1.643,0.336,,,,,,,,2026-09-13 03:15:35.546
227104.0,-0.045490,0.313640,9.842564,-0.058255,0.282814,9.802399,-0.002443,0.004276,0.000000,0.287000,-29.925001,-34.692001,179.223,-1.653,0.340,,,,,,,,2026-09-13 03:15:35.651
227200.0,-0.040701,0.292093,9.787497,-0.058122,0.282800,9.802400,0.006720,-0.000611,0.001222,-0.333000,-30.362001,-36.414001,179.479,-1.653,0.340,,,,,,,,2026-09-13 03:15:35.747
227304.0,-0.059855,0.268151,9.749189,-0.058107,0.281188,9.802445,0.001222,0.003054,-0.000611,0.229000,-31.012001,-32.636002,179.513,-1.643,0.340,,,,,,,,2026-09-13 03:15:35.851
227400.0,-0.043096,0.268151,9.763555,-0.058644,0.281739,9.802427,-0.002443,0.000000,0.000611,-0.339000,-30.625002,-34.793003,179.525,-1.646,0.343,,,,,,,,2026-09-13 03:15:35.947
227504.1,-0.064643,0.301669,9.792285,-0.058823,0.282125,9.802415,0.002443,0.000611,0.000611,-1.205000,-31.527002,-34.136002,179.517,-1.649,0.344,,,,,,,,2026-09-13 03:15:36.051
227600.1,-0.009577,0.280122,9.689334,-0.058752,0.281707,9.802427,0.001833,-0.000611,0.002443,2.508000,-29.705002,-34.060001,179.514,-1.646,0.343,,,,,,,,2026-09-13 03:15:36.147
227704.1,-0.079009,0.239420,9.868899,-0.059267,0.282298,9.802407,-0.002443,0.000000,0.000611,1.380000,-29.265001,-33.838001,179.430,-1.650,0.346,,,,,,,,2026-09-13 03:15:36.251
227800.2,-0.026336,0.292093,9.703699,-0.058587,0.282905,9.802394,-0.003054,0.004276,0.000611,1.282000,-30.649002,-34.588001,179.797,-1.653,0.342,,,,,,,,2026-09-13 03:15:36.347
227904.2,0.023942,0.265756,9.854534,-0.058170,0.283628,9.802375,-0.003054,-0.003054,-0.000611,0.132000,-30.403002,-35.661003,179.908,-1.657,0.340,,,,,,,,2026-09-13 03:15:36.451
228000.3,-0.035913,0.294487,9.821015,-0.056011,0.282728,9.802414,-0.002443,-0.003054,0.001222,0.071000,-29.673002,-34.800003,179.746,-1.652,0.327,,,,,,,,2026-09-13 03:15:36.547
228104.4,-0.071826,0.294487,9.892841,-0.055568,0.283198,9.802402,0.000611,0.003665,-0.001222,-0.995000,-29.964001,-35.547001,179.741,-1.655,0.325,,,,,,,,2026-09-13 03:15:36.651
228200.4,-0.059855,0.318429,9.809045,-0.056802,0.282337,9.802421,0.000000,0.003054,0.000611,0.326000,-31.020002,-35.228001,179.620,-1.650,0.332,,,,,,,,2026-09-13 03:15:36.747
228304.4,-0.059855,0.282516,9.794679,-0.057382,0.282039,9.802425,-0.003665,-0.001222,0.000611,0.842000,-30.239002,-35.126003,179.447,-1.648,0.335,,,,,,,,2026-09-13 03:15:36.851
228400.4,-0.002394,0.287304,9.801862,-0.057308,0.281758,9.802434,-0.002443,0.001833,0.000611,-0.147000,-29.681002,-32.963001,179.273,-1.646,0.335,,,,,,,,2026-09-13 03:15:36.947
228504.5,-0.079009,0.306458,9.883265,-0.057756,0.281599,9.802436,0.000000,0.000000,0.003054,0.588000,-30.626001,-34.691002,179.422,-1.645,0.338,,,,,,,,2026-09-13 03:15:37.051
228600.4,-0.201113,0.320823,9.624691,-0.058054,0.281864,9.802426,0.003054,-0.010385,-0.000611,-0.929000,-30.861002,-34.140003,179.455,-1.647,0.339,,,,,,,,2026-09-13 03:15:37.147
228704.5,-0.014365,0.251391,9.773131,-0.059034,0.281168,9.802441,-0.002443,0.004276,-0.000611,0.310000,-29.473001,-35.666000,179.136,-1.643,0.345,,,,,,,,2026-09-13 03:15:37.251
228800.5,-0.045490,0.268151,9.811439,-0.059323,0.281651,9.802425,-0.001222,-0.001833,-0.000611,0.742000,-29.976002,-35.343002,179.207,-1.646,0.347,,,,,,,,2026-09-13 03:15:37.347
228904.4,-0.059855,0.260968,9.792285,-0.059360,0.281648,9.802425,0.001222,-0.003665,0.000000,-0.958000,-31.061001,-36.299004,178.927,-1.646,0.347,,,,,,,,2026-09-13 03:15:37.451
229000.5,-0.011971,0.287304,9.849746,-0.059156,0.282073,9.802414,0.000000,0.001222,0.001222,0.967000,-31.784002,-35.769001,178.520,-1.648,0.346,,,,,,,,2026-09-13 03:15:37.547
229104.4,-0.059855,0.272939,9.794679,-0.058360,0.279997,9.802479,0.001833,-0.000611,0.000611,-0.041000,-29.594002,-35.123001,179.015,-1.636,0.341,,,,,,,,2026-09-13 03:15:37.651
229200.4,-0.021548,0.215478,9.572019,-0.058124,0.280921,9.802453,-0.000611,0.009163,0.000611,-0.565000,-30.555002,-34.684002,178.938,-1.642,0.340,,,,,,,,2026-09-13 03:15:37.747
229304.4,-0.055067,0.263362,9.696517,-0.058599,0.282700,9.802400,-0.004276,0.003665,-0.001222,0.575000,-30.724001,-35.554001,179.204,-1.652,0.343,,,,,,,,2026-09-13 03:15:37.851
229400.4,-0.026336,0.280122,9.866506,-0.058743,0.282429,9.802406,0.001833,-0.003054,0.000611,0.603000,-30.439001,-34.260002,179.392,-1.650,0.343,,,,,,,,2026-09-13 03:15:37.947
229504.5,-0.076614,0.299275,9.811439,-0.058964,0.282798,9.802394,0.001833,0.003054,0.000611,-0.024000,-29.406002,-34.476002,179.392,-1.652,0.345,,,,,,,,2026-09-13 03:15:38.051
229592.5,-0.047884,0.296881,9.818622,-0.059533,0.282943,9.802386,0.000611,0.003054,0.000611,0.020000,-30.582001,-33.500000,179.391,-1.653,0.348,,,,,,,,2026-09-13 03:15:38.139
229704.6,-0.047884,0.282516,9.818622,-0.059376,0.283485,9.802372,-0.000611,-0.002443,0.000000,-0.588000,-30.836002,-35.330002,179.387,-1.657,0.347,,,,,,,,2026-09-13 03:15:38.251
229800.6,-0.026336,0.294487,9.854534,-0.059929,0.283680,9.802362,0.002443,0.002443,0.000000,-0.399000,-29.723001,-35.444000,179.386,-1.658,0.350,,,,,,,,2026-09-13 03:15:38.347
229904.6,-0.067038,0.272939,9.789890,-0.059440,0.284768,9.802335,0.002443,-0.002443,0.000000,-0.261000,-30.995001,-36.627003,179.384,-1.664,0.347,,,,,,,,2026-09-13 03:15:38.451
230000.7,-0.035913,0.265756,9.768343,-0.059338,0.285967,9.802300,0.000611,-0.000611,-0.000611,-0.947000,-30.879002,-36.515003,179.382,-1.671,0.347,,,,,,,,2026-09-13 03:15:38.547
230104.7,-0.055067,0.306458,9.809045,-0.059000,0.287020,9.802272,0.001833,0.001833,0.000000,0.489000,-30.363001,-34.800003,179.382,-1.677,0.345,,,,,,,,2026-09-13 03:15:38.651
230200.7,-0.045490,0.280122,9.799467,-0.059624,0.287652,9.802249,0.001222,0.001833,0.000611,-0.596000,-31.273001,-32.306000,179.382,-1.681,0.349,,,,,,,,2026-09-13 03:15:38.747
230296.7,-0.057461,0.275333,9.813833,-0.059435,0.287965,9.802241,-0.001222,0.000000,-0.000611,-0.464000,-30.816002,-34.252003,179.380,-1.683,0.347,,,,,,,,2026-09-13 03:15:38.843
230400.8,-0.043096,0.301669,9.828198,-0.059624,0.287918,9.802241,-0.000611,0.001222,-0.000611,0.939000,-30.420002,-36.206001,179.380,-1.682,0.349,,,,,,,,2026-09-13 03:15:38.947
230504.8,-0.064643,0.280122,9.859323,-0.059593,0.288326,9.802230,0.000611,0.001222,-0.001833,0.738000,-30.067001,-35.126003,179.378,-1.685,0.348,,,,,,,,2026-09-13 03:15:39.051
230600.8,-0.040701,0.282516,9.816227,-0.060059,0.288715,9.802216,0.001222,0.001222,-0.000611,-0.232000,-30.538002,-36.953003,179.379,-1.687,0.351,,,,,,,,2026-09-13 03:15:39.147
230704.8,-0.047884,0.299275,9.821015,-0.059906,0.289220,9.802201,0.002443,0.000000,0.000000,-0.628000,-29.827002,-34.039001,179.395,-1.690,0.350,,,,,,,,2026-09-13 03:15:39.251
230800.8,-0.031125,0.282516,9.799467,-0.060380,0.288831,9.802210,-0.001833,-0.001222,0.001222,0.435000,-30.845001,-37.820004,179.392,-1.688,0.353,,,,,,,,2026-09-13 03:15:39.347
230904.8,-0.064643,0.294487,9.816227,-0.059659,0.289256,9.802202,0.000611,0.002443,0.000000,1.796000,-29.871002,-34.810001,179.389,-1.690,0.349,,,,,,,,2026-09-13 03:15:39.451
231000.8,-0.047884,0.313640,9.797073,-0.060083,0.289356,9.802197,0.000000,0.000000,0.000611,-0.415000,-31.730001,-35.112003,179.391,-1.691,0.351,,,,,,,,2026-09-13 03:15:39.547
231104.9,-0.043096,0.265756,9.811439,-0.059088,0.288853,9.802217,-0.000611,-0.001222,-0.001222,0.690000,-30.886002,-34.151001,179.389,-1.688,0.345,,,,,,,,2026-09-13 03:15:39.651
231200.9,-0.043096,0.294487,9.835381,-0.059538,0.288744,9.802217,0.002443,0.003054,0.000611,0.863000,-31.610001,-35.661003,179.388,-1.687,0.348,,,,,,,,2026-09-13 03:15:39.747
231304.9,-0.062249,0.296881,9.818622,-0.059465,0.289675,9.802190,0.001833,0.000000,-0.000611,0.391000,-31.747002,-35.657001,179.387,-1.693,0.348,,,,,,,,2026-09-13 03:15:39.851
231401.0,-0.033519,0.272939,9.809045,-0.060036,0.289575,9.802190,-0.001833,-0.001222,0.000000,1.616000,-29.068001,-35.028000,179.389,-1.692,0.351,,,,,,,,2026-09-13 03:15:39.948
231497.1,-0.035913,0.277727,9.837775,-0.059159,0.289498,9.802197,0.001833,0.001222,-0.001222,-0.174000,-30.138000,-32.529003,179.389,-1.692,0.346,,,,,,,,2026-09-13 03:15:40.044
231601.1,-0.062249,0.296881,9.813833,-0.060131,0.289211,9.802200,0.001222,0.003054,-0.000611,0.012000,-30.590002,-34.580002,179.389,-1.690,0.351,,,,,,,,2026-09-13 03:15:40.148
231705.1,-0.055067,0.275333,9.821015,-0.059955,0.289468,9.802194,-0.001833,-0.001222,0.001222,1.075000,-30.131001,-35.992001,179.390,-1.691,0.350,,,,,,,,2026-09-13 03:15:40.252
231801.2,-0.035913,0.299275,9.765948,-0.059765,0.288897,9.802212,-0.001222,0.000611,0.000000,0.307000,-31.211002,-36.198002,179.387,-1.688,0.349,,,,,,,,2026-09-13 03:15:40.348
231897.2,-0.043096,0.301669,9.785102,-0.059528,0.288694,9.802218,0.001833,0.001222,0.001833,-2.160000,-29.989002,-36.079002,179.383,-1.687,0.348,,,,,,,,2026-09-13 03:15:40.444
232001.3,-0.059855,0.294487,9.818622,-0.060018,0.288614,9.802218,0.000000,-0.000611,-0.000611,1.080000,-30.041002,-36.208000,179.382,-1.686,0.351,,,,,,,,2026-09-13 03:15:40.548
232105.3,-0.055067,0.296881,9.861717,-0.059641,0.286751,9.802276,-0.004887,0.004276,-0.001222,-1.286000,-30.901001,-35.001003,179.380,-1.676,0.349,,,,,,,,2026-09-13 03:15:40.652
232201.4,-0.023942,0.260968,9.662998,-0.060910,0.281909,9.802408,-0.004887,0.000000,0.002443,0.961000,-30.483002,-32.427002,179.409,-1.647,0.356,,,,,,,,2026-09-13 03:15:40.748
232305.4,-0.059855,0.234632,9.212888,-0.060568,0.281226,9.802430,-0.010996,-0.006720,0.000611,-0.095000,-30.334002,-35.768002,179.358,-1.643,0.354,,,,,,,,2026-09-13 03:15:40.852
232401.4,0.004788,0.306458,9.624691,-0.060348,0.283941,9.802353,-0.006720,-0.001222,0.000000,-0.138000,-31.150002,-34.252003,179.034,-1.659,0.353,,,,,,,,2026-09-13 03:15:40.948
232505.4,-0.076614,0.280122,9.969456,-0.060999,0.284741,9.802326,-0.000611,0.004887,0.003054,-0.049000,-29.688002,-35.339001,179.239,-1.664,0.357,,,,,,,,2026-09-13 03:15:41.052
232601.4,-0.055067,0.289698,9.773131,-0.061176,0.284605,9.802329,0.001833,0.001222,0.000000,-1.360000,-30.270002,-35.112003,179.541,-1.663,0.358,,,,,,,,2026-09-13 03:15:41.148
232705.5,-0.062249,0.339977,9.789890,-0.061505,0.287076,9.802255,-0.001222,-0.002443,0.000000,-0.596000,-31.186001,-33.062000,179.717,-1.677,0.360,,,,,,,,2026-09-13 03:15:41.252
232801.6,-0.040701,0.275333,9.751583,-0.062460,0.287125,9.802247,0.000000,-0.002443,0.000000,0.277000,-31.755001,-35.224003,179.716,-1.678,0.365,,,,,,,,2026-09-13 03:15:41.348
232897.6,-0.057461,0.203507,10.077195,-0.061990,0.287992,9.802224,-0.001222,0.004276,0.000000,-0.845000,-31.224001,-35.111000,179.693,-1.683,0.362,,,,,,,,2026-09-13 03:15:41.444
233001.6,-0.086191,0.308852,9.856929,-0.063181,0.287658,9.802227,-0.004887,0.003054,0.000611,0.047000,-31.518002,-37.275002,179.608,-1.681,0.369,,,,,,,,2026-09-13 03:15:41.548
233105.7,-0.052672,0.260968,10.127473,-0.062946,0.289751,9.802166,-0.004276,-0.001833,0.000611,-0.040000,-29.680002,-34.259003,179.497,-1.693,0.368,,,,,,,,2026-09-13 03:15:41.652
233201.7,-0.055067,0.287304,9.835381,-0.063280,0.288347,9.802206,0.003665,0.001833,0.000000,1.315000,-30.102001,-35.130001,179.513,-1.685,0.370,,,,,,,,2026-09-13 03:15:41.748
233305.8,-0.052672,0.301669,9.756371,-0.063070,0.287737,9.802225,0.001833,0.000611,0.000611,0.780000,-29.510002,-34.481003,179.828,-1.681,0.369,,,,,,,,2026-09-13 03:15:41.852
233401.8,-0.038307,0.275333,9.897630,-0.063509,0.286855,9.802248,0.004276,0.012828,0.001222,-1.705000,-31.862001,-36.074001,179.652,-1.676,0.371,,,,,,,,2026-09-13 03:15:41.948
233497.8,-0.086191,0.320823,9.698911,-0.061992,0.288636,9.802205,-0.009163,-0.004887,0.000000,0.251000,-30.475002,-34.582001,178.978,-1.687,0.362,,,,,,,,2026-09-13 03:15:42.044
233609.8,-0.088585,0.284910,9.775525,-0.061522,0.288553,9.802211,-0.002443,0.004887,0.001222,-0.089000,-30.243002,-35.876003,179.182,-1.686,0.360,,,,,,,,2026-09-13 03:15:42.156
233697.9,-0.023942,0.296881,9.837775,-0.061537,0.289077,9.802195,0.003054,-0.001833,-0.000611,1.561000,-29.723001,-36.645000,178.987,-1.689,0.360,,,,,,,,2026-09-13 03:15:42.244
233801.9,-0.067038,0.272939,9.861717,-0.061467,0.288536,9.802212,-0.002443,0.001833,0.000611,-0.546000,-30.364002,-33.713001,178.587,-1.686,0.359,,,,,,,,2026-09-13 03:15:42.348
233905.9,-0.067038,0.308852,9.909601,-0.060889,0.287997,9.802231,0.006109,0.004887,0.000611,-1.276000,-30.977001,-32.842003,178.894,-1.683,0.356,,,,,,,,2026-09-13 03:15:42.452
234001.9,-0.043096,0.287304,9.861717,-0.060156,0.288344,9.802225,-0.002443,0.001833,-0.001222,-1.059000,-30.885002,-35.867001,179.299,-1.685,0.352,,,,,,,,2026-09-13 03:15:42.548
234097.9,-0.083797,0.323217,10.081984,-0.060272,0.289030,9.802204,-0.004887,0.009774,0.001222,-1.308000,-31.266001,-34.676003,179.201,-1.689,0.352,,,,,,,,2026-09-13 03:15:42.644
234201.9,-0.057461,0.323217,9.976639,-0.061482,0.289263,9.802190,-0.006720,-0.007941,0.001833,-0.141000,-31.067001,-35.440002,179.418,-1.690,0.359,,,,,,,,2026-09-13 03:15:42.748
234306.0,-0.035913,0.287304,9.873688,-0.061426,0.289025,9.802197,0.003054,0.000611,0.000611,-0.823000,-30.860001,-35.545002,179.229,-1.690,0.359,,,,,,,,2026-09-13 03:15:42.853
234402.0,-0.090980,0.277727,9.821015,-0.061850,0.288880,9.802199,-0.000611,0.004887,0.000611,-0.588000,-30.750002,-36.086002,179.174,-1.688,0.362,,,,,,,,2026-09-13 03:15:42.949
234506.1,-0.016759,0.217872,9.861717,-0.062025,0.289022,9.802194,-0.002443,-0.004887,0.001222,-0.887000,-31.867001,-35.000000,179.141,-1.689,0.363,,,,,,,,2026-09-13 03:15:43.053
234594.1,-0.059855,0.301669,9.871294,-0.061593,0.288952,9.802199,-0.001222,-0.001222,0.001222,-0.723000,-31.294001,-33.708000,179.420,-1.688,0.360,,,,,,,,2026-09-13 03:15:43.141
234698.1,-0.038307,0.265756,9.950302,-0.061272,0.289399,9.802188,0.005498,0.009774,0.000611,-0.543000,-31.753002,-36.622002,179.326,-1.691,0.358,,,,,,,,2026-09-13 03:15:43.245
234802.1,-0.067038,0.308852,9.871294,-0.061726,0.290224,9.802160,-0.007941,-0.003665,0.000611,-0.618000,-31.208002,-35.976002,179.258,-1.696,0.361,,,,,,,,2026-09-13 03:15:43.349
234898.1,-0.021548,0.275333,9.789890,-0.059503,0.288617,9.802221,-0.003054,-0.000611,0.001222,0.663000,-29.522001,-34.480003,179.292,-1.687,0.348,,,,,,,,2026-09-13 03:15:43.445
235002.1,-0.095768,0.292093,9.682152,-0.058454,0.286622,9.802287,0.014661,0.007330,-0.002443,-0.905000,-30.407001,-34.898003,179.387,-1.675,0.342,,,,,,,,2026-09-13 03:15:43.549
235106.2,-0.040701,0.277727,9.797073,-0.059415,0.289177,9.802205,0.001222,0.001833,0.001222,-0.482000,-31.006002,-35.006001,179.519,-1.690,0.347,,,,,,,,2026-09-13 03:15:43.653
235202.2,-0.007183,0.237026,9.722853,-0.058735,0.289019,9.802215,0.000611,0.001222,0.000611,1.209000,-30.189001,-32.970001,179.631,-1.689,0.343,,,,,,,,2026-09-13 03:15:43.749
235298.2,-0.023942,0.260968,9.878476,-0.059287,0.289903,9.802185,0.003054,0.002443,0.000000,1.110000,-31.402002,-35.447002,179.456,-1.694,0.347,,,,,,,,2026-09-13 03:15:43.845
235402.2,-0.064643,0.292093,9.818622,-0.059394,0.289677,9.802191,0.000000,0.003054,0.001833,0.788000,-30.808001,-37.499001,179.712,-1.693,0.347,,,,,,,,2026-09-13 03:15:43.949
235498.2,-0.026336,0.308852,9.708488,-0.059719,0.290282,9.802171,0.004276,-0.001833,0.000611,-1.189000,-31.167002,-35.217003,179.984,-1.696,0.349,,,,,,,,2026-09-13 03:15:44.045
235602.2,-0.050278,0.272939,9.763555,-0.059391,0.289636,9.802192,0.004887,0.002443,-0.001833,-0.291000,-31.369001,-37.381001,-179.909,-1.692,0.347,,,,,,,,2026-09-13 03:15:44.149
235706.3,-0.035913,0.311246,9.804255,-0.059867,0.290421,9.802166,0.001833,0.001222,-0.000611,-0.139000,-31.065001,-35.116001,-179.967,-1.698,0.350,,,,,,,,2026-09-13 03:15:44.253
235802.3,-0.071826,0.299275,9.804255,-0.059521,0.291156,9.802146,-0.001833,0.000611,0.000000,-1.076000,-31.245001,-34.893002,179.383,-1.701,0.348,,,,,,,,2026-09-13 03:15:44.349
235898.4,-0.023942,0.263362,9.840169,-0.060331,0.290750,9.802154,-0.003054,-0.003054,0.001833,-0.355000,-30.727001,-36.088001,179.053,-1.699,0.353,,,,,,,,2026-09-13 03:15:44.445
236002.4,-0.062249,0.294487,9.849746,-0.059570,0.290384,9.802169,-0.000611,-0.000611,-0.001833,1.550000,-30.164001,-34.160000,179.565,-1.697,0.348,,,,,,,,2026-09-13 03:15:44.549
236098.5,-0.055067,0.306458,9.780313,-0.060370,0.291058,9.802144,-0.002443,0.003665,0.000000,-0.552000,-30.284002,-35.333000,179.565,-1.701,0.353,,,,,,,,2026-09-13 03:15:44.645
236202.5,-0.071826,0.287304,9.801862,-0.060196,0.291120,9.802143,-0.002443,-0.001833,0.000000,0.466000,-30.728001,-34.582001,179.517,-1.701,0.352,,,,,,,,2026-09-13 03:15:44.749
236298.5,-0.007183,0.282516,9.777920,-0.060957,0.290343,9.802161,0.000611,-0.001222,0.000611,0.221000,-30.762001,-36.092003,179.515,-1.697,0.356,,,,,,,,2026-09-13 03:15:44.845
236402.6,-0.074220,0.301669,9.801862,-0.060373,0.290475,9.802161,0.000000,0.003054,0.000000,-0.744000,-29.579000,-36.306004,179.512,-1.697,0.353,,,,,,,,2026-09-13 03:15:44.949
236498.6,-0.045490,0.289698,9.816227,-0.060946,0.291002,9.802142,-0.000611,0.000000,0.000611,-0.223000,-30.872002,-32.418003,179.512,-1.700,0.356,,,,,,,,2026-09-13 03:15:45.045
236602.7,-0.052672,0.294487,9.830592,-0.060019,0.290855,9.802153,-0.001222,0.001833,0.000611,0.038000,-30.221001,-34.365002,179.509,-1.700,0.351,,,,,,,,2026-09-13 03:15:45.149
236698.7,-0.047884,0.299275,9.818622,-0.060596,0.290079,9.802172,0.001833,0.003665,-0.001222,-0.582000,-30.744001,-35.331001,179.508,-1.695,0.354,,,,,,,,2026-09-13 03:15:45.245
236802.7,-0.052672,0.282516,9.813833,-0.060573,0.290221,9.802168,0.000000,-0.001222,-0.001222,0.346000,-30.915001,-33.393002,179.507,-1.696,0.354,,,,,,,,2026-09-13 03:15:45.349
236898.8,-0.040701,0.282516,9.797073,-0.060999,0.290157,9.802167,0.000611,0.000000,0.000000,0.451000,-28.922001,-37.288002,179.507,-1.696,0.357,,,,,,,,2026-09-13 03:15:45.445
237002.8,-0.055067,0.301669,9.799467,-0.060447,0.290346,9.802165,0.001222,0.001222,0.000000,0.122000,-30.585001,-35.444000,179.504,-1.697,0.353,,,,,,,,2026-09-13 03:15:45.549
237098.8,-0.028730,0.296881,9.794679,-0.061090,0.289940,9.802173,0.000000,0.000000,0.001222,-0.152000,-31.250002,-35.331001,179.504,-1.694,0.357,,,,,,,,2026-09-13 03:15:45.645
237202.9,-0.059855,0.289698,9.804255,-0.061215,0.289959,9.802171,0.000611,0.003054,0.001833,-0.523000,-29.998001,-33.931000,179.503,-1.694,0.358,,,,,,,,2026-09-13 03:15:45.749
237298.9,-0.038307,0.304064,9.746795,-0.062077,0.289851,9.802169,-0.000611,0.001222,0.000000,-1.005000,-31.880001,-35.215000,179.501,-1.694,0.363,,,,,,,,2026-09-13 03:15:45.845
237402.9,-0.045490,0.277727,9.823410,-0.061225,0.289465,9.802186,0.000000,0.003054,0.001222,-2.026000,-30.046001,-32.949001,179.517,-1.691,0.358,,,,,,,,2026-09-13 03:15:45.949
237499.0,-0.064643,0.282516,9.813833,-0.061778,0.289268,9.802189,-0.001222,0.000611,-0.000611,-0.440000,-30.450001,-34.361000,179.518,-1.690,0.361,,,,,,,,2026-09-13 03:15:46.045
237603.0,-0.050278,0.284910,9.809045,-0.061407,0.289471,9.802185,-0.000611,0.000000,-0.000611,0.068000,-31.240002,-36.952003,179.518,-1.691,0.359,,,,,,,,2026-09-13 03:15:46.150
237699.0,-0.019154,0.268151,9.804255,-0.061996,0.289061,9.802193,0.000000,-0.000611,-0.000611,-0.012000,-30.957001,-34.578003,179.519,-1.689,0.362,,,,,,,,2026-09-13 03:15:46.246
237803.0,-0.067038,0.289698,9.809045,-0.061453,0.289268,9.802190,0.001222,0.001833,0.000000,0.842000,-30.411001,-33.506001,179.516,-1.690,0.359,,,,,,,,2026-09-13 03:15:46.350
237899.1,-0.045490,0.299275,9.787497,-0.062567,0.289391,9.802179,-0.001222,-0.001222,0.001222,-0.431000,-30.355001,-34.038002,179.515,-1.691,0.366,,,,,,,,2026-09-13 03:15:46.446
238003.1,-0.045490,0.275333,9.825804,-0.061447,0.289134,9.802195,0.000611,0.000611,0.002443,1.717000,-31.065001,-34.805000,179.516,-1.690,0.359,,,,,,,,2026-09-13 03:15:46.550
238099.2,-0.059855,0.289698,9.799467,-0.062120,0.289283,9.802186,0.001222,0.004276,-0.000611,-0.836000,-30.958002,-36.408001,179.515,-1.690,0.363,,,,,,,,2026-09-13 03:15:46.646
238203.2,-0.033519,0.292093,9.799467,-0.062102,0.289441,9.802181,0.000611,-0.001222,0.000611,0.868000,-31.434002,-36.633003,179.514,-1.691,0.363,,,,,,,,2026-09-13 03:15:46.750
238299.3,-0.035913,0.268151,9.794679,-0.062217,0.288978,9.802195,-0.000611,-0.001222,0.000000,0.913000,-31.046001,-33.936001,179.508,-1.689,0.364,,,,,,,,2026-09-13 03:15:46.846
238395.3,-0.045490,0.280122,9.821015,-0.061887,0.288926,9.802197,0.002443,0.001833,0.001222,-0.391000,-29.715002,-34.365002,179.505,-1.688,0.362,,,,,,,,2026-09-13 03:15:46.942
238499.4,-0.050278,0.306458,9.765948,-0.062252,0.289298,9.802184,-0.001222,-0.000611,0.000611,-0.787000,-30.309002,-35.655003,179.504,-1.690,0.364,,,,,,,,2026-09-13 03:15:47.046
238603.4,-0.050278,0.277727,9.797073,-0.061771,0.289406,9.802184,-0.001222,0.001833,0.000611,-0.407000,-29.902002,-34.796001,179.503,-1.691,0.361,,,,,,,,2026-09-13 03:15:47.150
238699.5,-0.057461,0.296881,9.809045,-0.061995,0.289652,9.802176,-0.001833,0.001833,0.000000,0.311000,-31.207001,-35.659000,179.502,-1.693,0.362,,,,,,,,2026-09-13 03:15:47.246
238803.5,-0.033519,0.289698,9.823410,-0.061353,0.289798,9.802176,0.000611,0.000000,0.000611,0.474000,-30.463001,-35.987003,179.501,-1.693,0.359,,,,,,,,2026-09-13 03:15:47.350
238899.5,-0.064643,0.282516,9.813833,-0.061161,0.290259,9.802163,0.001222,0.004276,-0.000611,-0.196000,-30.159002,-35.336002,179.501,-1.696,0.357,,,,,,,,2026-09-13 03:15:47.446
238995.6,-0.047884,0.277727,9.792285,-0.061204,0.290317,9.802160,-0.000611,0.000000,0.000000,-1.103000,-29.966002,-34.359001,179.497,-1.696,0.358,,,,,,,,2026-09-13 03:15:47.542
239099.6,-0.043096,0.306458,9.868899,-0.060989,0.289943,9.802174,-0.001222,0.001222,-0.001222,-0.064000,-30.047001,-34.149002,179.497,-1.694,0.356,,,,,,,,2026-09-13 03:15:47.646
239203.7,-0.069432,0.280122,9.890448,-0.061247,0.287511,9.802243,0.001222,0.002443,0.000611,-0.805000,-30.584002,-35.546001,179.510,-1.680,0.358,,,,,,,,2026-09-13 03:15:47.750
239299.7,-0.004788,0.316035,9.698911,-0.061303,0.288326,9.802218,-0.003665,-0.009163,0.000000,-1.090000,-29.867001,-33.388000,179.461,-1.685,0.358,,,,,,,,2026-09-13 03:15:47.846
239403.8,-0.055067,0.325611,9.979033,-0.060599,0.288648,9.802215,0.004276,0.003054,0.001833,0.592000,-30.536001,-34.908001,179.422,-1.687,0.354,,,,,,,,2026-09-13 03:15:47.950
239499.8,-0.047884,0.258574,9.806650,-0.060402,0.289424,9.802193,0.003665,0.001833,0.000611,-0.301000,-29.987001,-35.444000,178.939,-1.691,0.353,,,,,,,,2026-09-13 03:15:48.046
239603.8,-0.033519,0.344765,9.830592,-0.057377,0.290562,9.802176,-0.001833,-0.001222,-0.001222,-0.307000,-30.164001,-34.579002,179.181,-1.698,0.335,,,,,,,,2026-09-13 03:15:48.150
239699.9,-0.035913,0.299275,9.849746,-0.056235,0.289470,9.802216,0.001222,-0.003665,-0.000611,-0.612000,-31.289001,-34.465000,179.304,-1.691,0.329,,,,,,,,2026-09-13 03:15:48.246
239803.9,-0.062249,0.232238,9.811439,-0.055336,0.288206,9.802258,0.014661,0.011606,0.000000,-0.187000,-30.064001,-35.012001,179.700,-1.684,0.323,,,,,,,,2026-09-13 03:15:48.350
239899.9,-0.071826,0.299275,9.878476,-0.056318,0.290919,9.802172,0.001222,0.002443,0.000000,-0.675000,-30.560001,-33.819000,179.686,-1.700,0.329,,,,,,,,2026-09-13 03:15:48.446
240003.9,-0.064643,0.292093,9.574412,-0.056276,0.289068,9.802227,0.004276,0.000000,0.000000,0.152000,-30.126001,-35.446003,179.736,-1.689,0.329,,,,,,,,2026-09-13 03:15:48.550
240099.9,-0.062249,0.275333,9.792285,-0.056715,0.289737,9.802205,-0.000611,-0.002443,-0.001833,0.038000,-30.221001,-34.365002,179.420,-1.693,0.332,,,,,,,,2026-09-13 03:15:48.646
240203.9,-0.050278,0.304064,9.756371,-0.056253,0.289795,9.802206,0.000611,0.001222,0.000000,-0.243000,-30.978001,-34.360001,179.266,-1.693,0.329,,,,,,,,2026-09-13 03:15:48.750
240299.9,-0.055067,0.270545,9.804255,-0.056363,0.289352,9.802218,-0.000611,-0.000611,0.000000,0.402000,-30.001001,-34.045002,179.199,-1.691,0.329,,,,,,,,2026-09-13 03:15:48.846
240404.0,-0.031125,0.292093,9.890448,-0.056784,0.288837,9.802231,0.001833,0.003054,-0.001222,-0.556000,-30.203001,-36.737003,178.992,-1.688,0.332,,,,,,,,2026-09-13 03:15:48.950
240500.0,-0.043096,0.169988,9.145850,-0.056394,0.288881,9.802232,-0.012217,-0.007330,-0.000611,0.544000,-29.621002,-33.939003,178.660,-1.688,0.330,,,,,,,,2026-09-13 03:15:49.047
240596.0,0.035913,0.514753,9.603143,-0.056271,0.289317,9.802219,0.000000,0.004887,0.000611,-0.106000,-30.517002,-35.659000,178.968,-1.691,0.329,,,,,,,,2026-09-13 03:15:49.143
240700.1,-0.050278,0.277727,9.344569,-0.058464,0.289540,9.802200,0.006109,-0.010996,0.001222,0.252000,-30.475002,-34.474003,179.421,-1.692,0.342,,,,,,,,2026-09-13 03:15:49.247
240804.1,-0.031125,0.277727,9.737218,-0.057740,0.287744,9.802258,0.000000,0.001222,-0.001222,-0.298000,-31.633001,-35.869003,179.521,-1.681,0.337,,,,,,,,2026-09-13 03:15:49.351
240900.2,-0.093374,0.325611,9.856929,-0.057445,0.287718,9.802260,0.000000,0.008552,0.000000,1.167000,-30.488001,-36.099003,179.435,-1.681,0.336,,,,,,,,2026-09-13 03:15:49.447
241004.2,-0.071826,0.213084,9.792285,-0.058440,0.288020,9.802245,0.000000,-0.003054,-0.001222,-0.132000,-30.800001,-36.629002,179.356,-1.683,0.342,,,,,,,,2026-09-13 03:15:49.551
241100.2,-0.052672,0.287304,9.746795,-0.059310,0.288545,9.802225,-0.000611,0.002443,0.001222,0.949000,-30.582001,-33.290001,179.603,-1.686,0.347,,,,,,,,2026-09-13 03:15:49.647
241204.3,-0.040701,0.299275,9.753978,-0.060093,0.289173,9.802201,0.000611,0.001222,0.001222,-0.374000,-31.089001,-35.331001,179.630,-1.690,0.351,,,,,,,,2026-09-13 03:15:49.751
241300.3,-0.069432,0.292093,9.799467,-0.060079,0.289400,9.802195,-0.002443,0.000611,0.000000,-0.915000,-30.160002,-38.678001,179.627,-1.691,0.351,,,,,,,,2026-09-13 03:15:49.847
241404.3,-0.038307,0.265756,9.730036,-0.060301,0.288870,9.802210,0.000611,0.000000,0.001222,0.442000,-29.361002,-34.480003,179.626,-1.688,0.352,,,,,,,,2026-09-13 03:15:49.951
241500.3,-0.067038,0.292093,9.828198,-0.060137,0.288860,9.802210,0.000611,0.003054,-0.001222,-1.264000,-32.271000,-35.428001,179.404,-1.688,0.352,,,,,,,,2026-09-13 03:15:50.047
241596.4,-0.055067,0.299275,9.840169,-0.060284,0.288620,9.802217,0.000000,0.001222,0.003054,-0.419000,-30.172001,-34.039001,179.590,-1.687,0.352,,,,,,,,2026-09-13 03:15:50.143
241700.4,-0.062249,0.265756,9.655815,-0.061049,0.288494,9.802216,-0.010385,-0.001833,0.000611,-0.367000,-30.997002,-35.331001,179.356,-1.686,0.357,,,,,,,,2026-09-13 03:15:50.247
241804.4,-0.043096,0.328006,9.921572,-0.060598,0.288248,9.802226,0.001833,0.003665,0.001833,-1.867000,-30.955002,-34.674000,179.517,-1.684,0.354,,,,,,,,2026-09-13 03:15:50.351
241900.4,-0.071826,0.241814,9.799467,-0.059742,0.287251,9.802259,0.004887,-0.004276,-0.001222,-0.854000,-29.670002,-34.686001,179.089,-1.679,0.349,,,,,,,,2026-09-13 03:15:50.447
242004.5,-0.023942,0.263362,9.698911,-0.059790,0.287304,9.802258,0.001222,0.001833,0.000000,1.311000,-30.192001,-34.914001,179.224,-1.679,0.349,,,,,,,,2026-09-13 03:15:50.551
242100.5,-0.067038,0.296881,9.804255,-0.059467,0.287655,9.802250,0.001222,0.000611,0.000000,-0.597000,-31.016001,-34.790001,179.259,-1.681,0.348,,,,,,,,2026-09-13 03:15:50.647
242204.5,-0.062249,0.294487,9.682152,-0.059752,0.287598,9.802250,0.003054,-0.005498,0.001222,-0.329000,-30.444002,-35.118000,179.276,-1.681,0.349,,,,,,,,2026-09-13 03:15:50.751
242300.5,-0.055067,0.301669,9.835381,-0.059689,0.288367,9.802228,0.000000,0.004887,0.001833,-0.090000,-30.330002,-35.120003,179.346,-1.685,0.349,,,,,,,,2026-09-13 03:15:50.847
242396.5,-0.062249,0.294487,9.940725,-0.060045,0.289038,9.802206,-0.001833,-0.002443,0.001222,1.966000,-30.769001,-35.132000,179.345,-1.689,0.351,,,,,,,,2026-09-13 03:15:50.943
242500.6,-0.035913,0.265756,9.837775,-0.060378,0.287670,9.802244,-0.001222,-0.000611,0.000000,0.437000,-31.101002,-35.228001,179.600,-1.681,0.353,,,,,,,,2026-09-13 03:15:51.047
242596.7,-0.014365,0.220267,9.876082,-0.060674,0.286796,9.802267,0.000000,0.005498,0.000000,-0.349000,-29.072001,-34.476002,179.469,-1.676,0.355,,,,,,,,2026-09-13 03:15:51.143
242700.7,-0.062249,0.296881,9.756371,-0.060595,0.286197,9.802285,-0.000611,-0.001222,-0.001222,-0.166000,-29.786001,-34.690002,179.547,-1.672,0.354,,,,,,,,2026-09-13 03:15:51.247
242804.8,-0.021548,0.263362,9.789890,-0.061640,0.283073,9.802370,0.001222,0.000611,0.000611,-0.655000,-30.111002,-35.225002,179.558,-1.654,0.360,,,,,,,,2026-09-13 03:15:51.351
242900.8,-0.090980,0.268151,10.084377,-0.061176,0.284306,9.802338,-0.007941,0.009774,0.000611,-0.423000,-30.004002,-36.199001,179.605,-1.661,0.358,,,,,,,,2026-09-13 03:15:51.447
243004.8,-0.069432,0.299275,9.902418,-0.062957,0.279865,9.802453,-0.005498,-0.003054,0.000000,-0.466000,-30.647001,-36.196003,179.971,-1.635,0.368,,,,,,,,2026-09-13 03:15:51.551
243100.8,-0.033519,0.304064,9.969456,-0.062526,0.279372,9.802471,-0.001222,-0.003054,0.001833,0.533000,-31.453001,-34.687000,-179.996,-1.632,0.365,,,,,,,,2026-09-13 03:15:51.647
243204.9,-0.045490,0.270545,9.926360,-0.062584,0.278977,9.802482,0.001222,0.003054,0.000000,0.170000,-29.937002,-34.799000,179.617,-1.630,0.366,,,,,,,,2026-09-13 03:15:51.751
243300.8,-0.064643,0.287304,9.909601,-0.062777,0.278957,9.802481,0.001833,0.001222,0.001833,1.540000,-30.174002,-35.455002,179.535,-1.630,0.367,,,,,,,,2026-09-13 03:15:51.847
243404.9,-0.040701,0.280122,9.885659,-0.062869,0.278780,9.802485,0.000611,-0.000611,0.001222,-1.013000,-30.410002,-33.818001,179.114,-1.629,0.367,,,,,,,,2026-09-13 03:15:51.951
243500.9,-0.014365,0.258574,9.955091,-0.082862,0.289040,9.802039,0.010385,0.020769,-0.002443,0.417000,-29.901001,-32.966003,178.634,-1.689,0.484,,,,,,,,2026-09-13 03:15:52.047
243604.9,-0.079009,0.284910,9.742006,-0.081465,0.287357,9.802100,0.028711,0.058032,-0.001222,0.393000,-30.096001,-34.476002,179.072,-1.679,0.476,,,,,,,,2026-09-13 03:15:52.151
243700.9,-0.093374,0.301669,9.763555,-0.094609,0.294100,9.801783,-0.001222,-0.002443,0.001833,-0.826000,-29.213001,-35.012001,179.017,-1.719,0.553,,,,,,,,2026-09-13 03:15:52.247
243805.0,-0.062249,0.275333,9.818622,-0.091445,0.291972,9.801876,0.009163,0.014661,0.001222,-0.764000,-29.943001,-35.765003,179.076,-1.706,0.535,,,,,,,,2026-09-13 03:15:52.351
243900.9,-0.110133,0.316035,9.775525,-0.104327,0.299003,9.801536,0.002443,0.004887,0.000000,-0.598000,-30.931002,-35.762001,179.415,-1.747,0.610,,,,,,,,2026-09-13 03:15:52.447
244004.9,-0.098162,0.306458,9.787497,-0.110005,0.301688,9.801392,0.005498,0.012217,-0.001222,0.528000,-31.373001,-36.199001,179.503,-1.763,0.643,,,,,,,,2026-09-13 03:15:52.551
244101.0,-0.117316,0.301669,9.789890,-0.116778,0.304966,9.801211,-0.004887,-0.006720,0.000000,0.026000,-30.147001,-36.741001,179.887,-1.782,0.683,,,,,,,,2026-09-13 03:15:52.648
244205.0,0.074220,0.227449,9.940725,-0.061430,0.277489,9.802531,0.007330,0.014661,0.000000,-0.403000,-31.547001,-35.221001,179.324,-1.621,0.359,,,,,,,,2026-09-13 03:15:52.752
244301.0,-0.035913,0.270545,9.840169,-0.064756,0.279219,9.802461,0.004887,0.007330,0.000611,-1.509000,-30.570002,-36.837002,178.792,-1.632,0.378,,,,,,,,2026-09-13 03:15:52.848
244405.1,-0.074220,0.275333,9.739613,-0.067185,0.279984,9.802422,0.001222,0.003054,-0.001222,-0.627000,-31.389002,-35.544003,179.324,-1.636,0.393,,,,,,,,2026-09-13 03:15:52.952
244501.1,-0.038307,0.275333,9.773131,-0.066559,0.279775,9.802432,-0.003665,-0.007330,-0.000611,-0.924000,-30.683001,-35.005001,179.265,-1.635,0.389,,,,,,,,2026-09-13 03:15:53.048
244605.0,-0.059855,0.280122,9.789890,-0.065437,0.279929,9.802436,0.003665,0.005498,0.000000,0.759000,-31.438002,-35.661003,179.250,-1.636,0.382,,,,,,,,2026-09-13 03:15:53.152
244701.1,-0.050278,0.272939,9.809045,-0.065609,0.280293,9.802424,-0.000611,0.000611,0.001222,-0.670000,-30.555002,-33.172001,179.480,-1.638,0.383,,,,,,,,2026-09-13 03:15:53.248
244805.1,-0.045490,0.268151,9.782708,-0.065286,0.279981,9.802435,-0.001833,-0.002443,-0.000611,-0.131000,-30.886002,-35.765003,179.151,-1.636,0.382,,,,,,,,2026-09-13 03:15:53.352
244901.1,-0.057461,0.284910,9.811439,-0.065160,0.279997,9.802436,0.001222,0.003054,-0.000611,-1.170000,-30.805002,-35.974003,179.400,-1.636,0.381,,,,,,,,2026-09-13 03:15:53.448
245005.1,-0.071826,0.265756,9.801862,-0.066046,0.279976,9.802430,-0.001833,0.001222,0.002443,-0.369000,-29.349001,-34.690002,179.314,-1.636,0.386,,,,,,,,2026-09-13 03:15:53.552
245101.1,-0.052672,0.282516,9.789890,-0.066317,0.279750,9.802435,0.000000,-0.001222,-0.001833,-0.276000,-29.876001,-32.961002,179.313,-1.635,0.388,,,,,,,,2026-09-13 03:15:53.648
245205.1,-0.055067,0.272939,9.797073,-0.066637,0.279655,9.802436,0.001222,0.000000,0.001833,-0.415000,-30.081001,-34.255001,179.313,-1.634,0.389,,,,,,,,2026-09-13 03:15:53.752
245301.1,-0.043096,0.268151,9.806650,-0.066145,0.279476,9.802444,0.001833,0.001222,-0.001222,-0.556000,-30.203001,-36.737003,179.311,-1.633,0.387,,,,,,,,2026-09-13 03:15:53.848
245405.0,-0.057461,0.292093,9.797073,-0.066926,0.279609,9.802435,0.000611,0.001222,0.000611,1.172000,-30.397001,-36.208000,179.311,-1.634,0.391,,,,,,,,2026-09-13 03:15:53.952
245501.0,-0.047884,0.289698,9.823410,-0.067144,0.279708,9.802430,0.000000,0.000611,-0.000611,0.853000,-30.143002,-34.587002,179.310,-1.634,0.392,,,,,,,,2026-09-13 03:15:54.048
245605.0,-0.050278,0.258574,9.811439,-0.067268,0.280460,9.802408,0.000611,0.001833,-0.001222,1.421000,-30.188002,-35.778000,179.311,-1.639,0.393,,,,,,,,2026-09-13 03:15:54.152
245701.0,-0.045490,0.289698,9.811439,-0.067075,0.280340,9.802412,0.001222,0.002443,0.000611,0.426000,-29.548002,-35.019001,179.309,-1.638,0.392,,,,,,,,2026-09-13 03:15:54.248
245805.0,-0.067038,0.268151,9.799467,-0.067479,0.280257,9.802412,0.000000,-0.002443,0.000000,0.767000,-29.694002,-34.480003,179.309,-1.638,0.394,,,,,,,,2026-09-13 03:15:54.352
245901.0,-0.021548,0.258574,9.806650,-0.067220,0.280283,9.802414,-0.001833,-0.003054,0.000611,-0.569000,-30.388002,-36.844002,179.308,-1.638,0.393,,,,,,,,2026-09-13 03:15:54.448
246005.0,-0.083797,0.289698,9.801862,-0.066702,0.280282,9.802417,0.000611,0.001833,0.000611,-0.361000,-29.170002,-35.231003,179.306,-1.638,0.390,,,,,,,,2026-09-13 03:15:54.552
246101.0,-0.059855,0.268151,9.811439,-0.066814,0.280467,9.802411,0.001222,0.001222,0.001222,0.709000,-30.353001,-36.529003,179.305,-1.639,0.391,,,,,,,,2026-09-13 03:15:54.648
246205.0,0.028730,0.237026,9.981427,-0.062293,0.276895,9.802543,0.043371,0.078802,-0.003665,0.488000,-30.105001,-37.284000,179.304,-1.618,0.364,,,,,,,,2026-09-13 03:15:54.752
